date,value
1990-01-02,7.29
1990-01-03,7.32
1990-01-04,7.3
1990-01-05,7.28
1990-01-08,7.29
1990-01-09,7.27
1990-01-10,7.26
1990-01-11,7.26
1990-01-12,7.23
1990-01-16,7.37
1990-01-17,7.36
1990-01-18,7.49
1990-01-19,7.45
1990-01-22,7.43
1990-01-23,7.42
1990-01-24,7.45
1990-01-25,7.48
1990-01-26,7.51
1990-01-29,7.53
1990-01-30,7.53
1990-01-31,7.53
1990-02-01,7.54
1990-02-02,7.58
1990-02-05,7.59
1990-02-06,7.6
1990-02-07,7.61
1990-02-08,7.58
1990-02-09,7.5
1990-02-12,7.52
1990-02-13,7.42
1990-02-14,7.47
1990-02-15,7.54
1990-02-16,7.53
1990-02-20,7.66
1990-02-21,7.64
1990-02-22,7.6
1990-02-23,7.55
1990-02-26,7.54
1990-02-27,7.51
1990-02-28,7.56
1990-03-01,7.64
1990-03-02,7.65
1990-03-05,7.73
1990-03-06,7.73
1990-03-07,7.71
1990-03-08,7.76
1990-03-09,7.85
1990-03-12,7.83
1990-03-13,7.86
1990-03-14,7.8
1990-03-15,7.8
1990-03-16,7.76
1990-03-19,7.78
1990-03-20,7.78
1990-03-21,7.79
1990-03-22,7.73
1990-03-23,7.71
1990-03-26,7.72
1990-03-27,7.76
1990-03-28,7.74
1990-03-29,7.77
1990-03-30,7.76
1990-04-02,7.75
1990-04-03,7.74
1990-04-04,7.69
1990-04-05,7.7
1990-04-06,7.67
1990-04-09,7.7
1990-04-10,7.7
1990-04-11,7.69
1990-04-12,7.7
1990-04-16,7.7
1990-04-17,7.78
1990-04-18,7.87
1990-04-19,7.85
1990-04-20,7.83
1990-04-23,7.88
1990-04-24,7.93
1990-04-25,7.95
1990-04-26,8.01
1990-04-27,7.95
1990-04-30,7.96
1990-05-01,7.95
1990-05-02,8.0
1990-05-03,7.99
1990-05-04,7.82
1990-05-07,7.83
1990-05-08,7.79
1990-05-09,7.79
1990-05-10,7.73
1990-05-11,7.63
1990-05-14,7.62
1990-05-15,7.65
1990-05-16,7.65
1990-05-17,7.66
1990-05-18,7.72
1990-05-21,7.71
1990-05-22,7.65
1990-05-23,7.6
1990-05-24,7.6
1990-05-25,7.66
1990-05-29,7.66
1990-05-30,7.63
1990-05-31,7.65
1990-06-01,7.5
1990-06-04,7.5
1990-06-05,7.52
1990-06-06,7.52
1990-06-07,7.5
1990-06-08,7.51
1990-06-11,7.53
1990-06-12,7.53
1990-06-13,7.47
1990-06-14,7.45
1990-06-15,7.5
1990-06-18,7.55
1990-06-19,7.58
1990-06-20,7.59
1990-06-21,7.58
1990-06-22,7.56
1990-06-25,7.62
1990-06-26,7.62
1990-06-27,7.58
1990-06-28,7.52
1990-06-29,7.49
1990-07-02,7.49
1990-07-03,7.45
1990-07-05,7.46
1990-07-06,7.57
1990-07-09,7.61
1990-07-10,7.63
1990-07-11,7.61
1990-07-12,7.43
1990-07-13,7.36
1990-07-16,7.36
1990-07-17,7.35
1990-07-18,7.34
1990-07-19,7.34
1990-07-20,7.32
1990-07-23,7.29
1990-07-24,7.35
1990-07-25,7.35
1990-07-26,7.37
1990-07-27,7.27
1990-07-30,7.22
1990-07-31,7.2
1990-08-01,7.12
1990-08-02,7.18
1990-08-03,7.06
1990-08-06,7.12
1990-08-07,7.23
1990-08-08,7.21
1990-08-09,7.2
1990-08-10,7.16
1990-08-13,7.15
1990-08-14,7.18
1990-08-15,7.18
1990-08-16,7.29
1990-08-17,7.29
1990-08-20,7.32
1990-08-21,7.37
1990-08-22,7.41
1990-08-23,7.45
1990-08-24,7.41
1990-08-27,7.35
1990-08-28,7.39
1990-08-29,7.31
1990-08-30,7.29
1990-08-31,7.24
1990-09-04,7.24
1990-09-05,7.22
1990-09-06,7.22
1990-09-07,7.22
1990-09-10,7.27
1990-09-11,7.28
1990-09-12,7.23
1990-09-13,7.19
1990-09-14,7.21
1990-09-17,7.22
1990-09-18,7.22
1990-09-19,7.27
1990-09-20,7.29
1990-09-21,7.24
1990-09-24,7.29
1990-09-25,7.31
1990-09-26,7.3
1990-09-27,7.2
1990-09-28,7.17
1990-10-01,7.12
1990-10-02,7.1
1990-10-03,7.07
1990-10-04,7.06
1990-10-05,7.02
1990-10-09,7.13
1990-10-10,7.14
1990-10-11,7.1
1990-10-12,7.09
1990-10-15,7.09
1990-10-16,7.09
1990-10-17,7.11
1990-10-18,7.1
1990-10-19,7.07
1990-10-22,7.05
1990-10-23,7.04
1990-10-24,7.04
1990-10-25,6.99
1990-10-26,6.97
1990-10-29,6.99
1990-10-30,6.99
1990-10-31,6.94
1990-11-01,6.85
1990-11-02,6.88
1990-11-05,6.86
1990-11-06,6.89
1990-11-07,6.89
1990-11-08,6.88
1990-11-09,6.86
1990-11-13,6.84
1990-11-14,6.85
1990-11-15,6.86
1990-11-16,6.8
1990-11-19,6.85
1990-11-20,6.86
1990-11-21,6.79
1990-11-23,6.77
1990-11-26,6.78
1990-11-27,6.81
1990-11-28,6.87
1990-11-29,6.87
1990-11-30,6.84
1990-12-03,6.84
1990-12-04,6.79
1990-12-05,6.78
1990-12-06,6.81
1990-12-07,6.68
1990-12-10,6.66
1990-12-11,6.64
1990-12-12,6.6
1990-12-13,6.67
1990-12-14,6.64
1990-12-17,6.61
1990-12-18,6.58
1990-12-19,6.46
1990-12-20,6.47
1990-12-21,6.52
1990-12-24,6.55
1990-12-26,6.51
1990-12-27,6.51
1990-12-28,6.48
1990-12-31,6.4
1991-01-02,6.34
1991-01-03,6.32
1991-01-04,6.42
1991-01-07,6.43
1991-01-08,6.35
1991-01-09,6.28
1991-01-10,6.24
1991-01-11,6.22
1991-01-14,6.2
1991-01-15,6.2
1991-01-16,6.21
1991-01-17,6.26
1991-01-18,6.21
1991-01-22,6.19
1991-01-23,6.19
1991-01-24,6.15
1991-01-25,6.21
1991-01-28,6.24
1991-01-29,6.2
1991-01-30,6.17
1991-01-31,6.13
1991-02-01,5.91
1991-02-04,5.89
1991-02-05,5.88
1991-02-06,5.86
1991-02-07,5.87
1991-02-08,5.86
1991-02-11,5.83
1991-02-12,5.83
1991-02-13,5.85
1991-02-14,5.83
1991-02-15,5.88
1991-02-19,5.93
1991-02-20,5.92
1991-02-21,5.92
1991-02-22,5.96
1991-02-25,5.96
1991-02-26,6.0
1991-02-27,5.99
1991-02-28,6.03
1991-03-01,6.13
1991-03-04,6.11
1991-03-05,6.09
1991-03-06,6.11
1991-03-07,6.11
1991-03-08,6.02
1991-03-11,5.98
1991-03-12,5.99
1991-03-13,5.92
1991-03-14,5.88
1991-03-15,5.92
1991-03-18,5.97
1991-03-19,6.07
1991-03-20,6.04
1991-03-21,5.99
1991-03-22,5.98
1991-03-25,5.96
1991-03-26,5.99
1991-03-27,5.93
1991-03-28,5.89
1991-04-01,5.88
1991-04-02,5.87
1991-04-03,5.89
1991-04-04,5.85
1991-04-05,5.87
1991-04-08,5.84
1991-04-09,5.85
1991-04-10,5.9
1991-04-11,5.85
1991-04-12,5.77
1991-04-15,5.84
1991-04-16,5.85
1991-04-17,5.82
1991-04-18,5.94
1991-04-19,5.92
1991-04-22,5.92
1991-04-23,5.89
1991-04-24,5.84
1991-04-25,5.81
1991-04-26,5.83
1991-04-29,5.83
1991-04-30,5.69
1991-05-01,5.71
1991-05-02,5.68
1991-05-03,5.74
1991-05-06,5.75
1991-05-07,5.78
1991-05-08,5.77
1991-05-09,5.76
1991-05-10,5.76
1991-05-13,5.74
1991-05-14,5.75
1991-05-15,5.76
1991-05-16,5.77
1991-05-17,5.78
1991-05-20,5.81
1991-05-21,5.8
1991-05-22,5.77
1991-05-23,5.75
1991-05-24,5.74
1991-05-28,5.74
1991-05-29,5.73
1991-05-30,5.75
1991-05-31,5.8
1991-06-03,5.89
1991-06-04,5.88
1991-06-05,5.9
1991-06-06,5.91
1991-06-07,6.0
1991-06-10,6.0
1991-06-11,5.99
1991-06-12,6.03
1991-06-13,6.0
1991-06-14,5.97
1991-06-17,5.98
1991-06-18,6.0
1991-06-19,5.97
1991-06-20,5.94
1991-06-21,5.97
1991-06-24,5.97
1991-06-25,5.98
1991-06-26,5.97
1991-06-27,5.94
1991-06-28,5.94
1991-07-01,5.99
1991-07-02,6.02
1991-07-03,6.0
1991-07-05,6.0
1991-07-08,5.96
1991-07-09,5.92
1991-07-10,5.89
1991-07-11,5.88
1991-07-12,5.87
1991-07-15,5.9
1991-07-16,5.92
1991-07-17,5.95
1991-07-18,5.94
1991-07-19,5.89
1991-07-22,5.91
1991-07-23,5.93
1991-07-24,5.88
1991-07-25,5.89
1991-07-26,5.87
1991-07-29,5.84
1991-07-30,5.85
1991-07-31,5.82
1991-08-01,5.85
1991-08-02,5.68
1991-08-05,5.68
1991-08-06,5.56
1991-08-07,5.51
1991-08-08,5.48
1991-08-09,5.46
1991-08-12,5.46
1991-08-13,5.46
1991-08-14,5.38
1991-08-15,5.35
1991-08-16,5.33
1991-08-19,5.21
1991-08-20,5.17
1991-08-21,5.31
1991-08-22,5.34
1991-08-23,5.49
1991-08-26,5.51
1991-08-27,5.47
1991-08-28,5.36
1991-08-29,5.33
1991-08-30,5.4
1991-09-03,5.39
1991-09-04,5.38
1991-09-05,5.38
1991-09-06,5.33
1991-09-09,5.29
1991-09-10,5.29
1991-09-11,5.29
1991-09-12,5.25
1991-09-13,5.22
1991-09-16,5.24
1991-09-17,5.25
1991-09-18,5.25
1991-09-19,5.27
1991-09-20,5.24
1991-09-23,5.23
1991-09-24,5.23
1991-09-25,5.22
1991-09-26,5.17
1991-09-27,5.13
1991-09-30,5.12
1991-10-01,5.12
1991-10-02,5.13
1991-10-03,5.1
1991-10-04,5.06
1991-10-07,5.06
1991-10-08,5.06
1991-10-09,5.07
1991-10-10,5.1
1991-10-11,5.04
1991-10-15,5.0
1991-10-16,4.99
1991-10-17,5.08
1991-10-18,5.1
1991-10-21,5.13
1991-10-22,5.14
1991-10-23,5.12
1991-10-24,5.03
1991-10-25,5.03
1991-10-28,5.0
1991-10-29,4.91
1991-10-30,4.86
1991-10-31,4.83
1991-11-01,4.77
1991-11-04,4.76
1991-11-05,4.8
1991-11-06,4.72
1991-11-07,4.7
1991-11-08,4.7
1991-11-12,4.72
1991-11-13,4.75
1991-11-14,4.69
1991-11-15,4.64
1991-11-18,4.64
1991-11-19,4.59
1991-11-20,4.58
1991-11-21,4.53
1991-11-22,4.51
1991-11-25,4.54
1991-11-26,4.51
1991-11-27,4.5
1991-11-29,4.45
1991-12-02,4.44
1991-12-03,4.41
1991-12-04,4.36
1991-12-05,4.37
1991-12-06,4.3
1991-12-09,4.22
1991-12-10,4.25
1991-12-11,4.23
1991-12-12,4.24
1991-12-13,4.22
1991-12-16,4.21
1991-12-17,4.17
1991-12-18,4.23
1991-12-19,4.18
1991-12-20,3.92
1991-12-23,3.94
1991-12-24,3.98
1991-12-26,3.99
1991-12-27,3.98
1991-12-30,3.94
1991-12-31,3.9
1992-01-02,3.93
1992-01-03,3.95
1992-01-06,3.91
1992-01-07,3.83
1992-01-08,3.81
1992-01-09,3.86
1992-01-10,3.92
1992-01-13,3.98
1992-01-14,3.97
1992-01-15,4.02
1992-01-16,3.98
1992-01-17,3.95
1992-01-21,3.91
1992-01-22,3.91
1992-01-23,3.95
1992-01-24,4.02
1992-01-27,4.03
1992-01-28,3.99
1992-01-29,4.01
1992-01-30,4.03
1992-01-31,4.02
1992-02-03,4.02
1992-02-04,4.0
1992-02-05,4.0
1992-02-06,3.97
1992-02-07,3.92
1992-02-10,3.9
1992-02-11,3.95
1992-02-12,3.97
1992-02-13,4.06
1992-02-14,4.11
1992-02-18,4.1
1992-02-19,4.12
1992-02-20,4.16
1992-02-21,4.24
1992-02-24,4.25
1992-02-25,4.24
1992-02-26,4.18
1992-02-27,4.14
1992-02-28,4.13
1992-03-02,4.26
1992-03-03,4.27
1992-03-04,4.28
1992-03-05,4.38
1992-03-06,4.39
1992-03-09,4.34
1992-03-10,4.37
1992-03-11,4.39
1992-03-12,4.47
1992-03-13,4.56
1992-03-16,4.54
1992-03-17,4.49
1992-03-18,4.5
1992-03-19,4.46
1992-03-20,4.5
1992-03-23,4.5
1992-03-24,4.42
1992-03-25,4.38
1992-03-26,4.36
1992-03-27,4.36
1992-03-30,4.33
1992-03-31,4.31
1992-04-01,4.25
1992-04-02,4.27
1992-04-03,4.21
1992-04-06,4.19
1992-04-07,4.16
1992-04-08,4.13
1992-04-09,3.9
1992-04-10,3.94
1992-04-13,3.9
1992-04-14,3.92
1992-04-15,3.95
1992-04-16,4.03
1992-04-20,4.13
1992-04-21,4.11
1992-04-22,4.11
1992-04-23,4.13
1992-04-24,4.06
1992-04-27,4.13
1992-04-28,4.11
1992-04-29,4.11
1992-04-30,4.14
1992-05-01,4.1
1992-05-04,4.09
1992-05-05,4.08
1992-05-06,4.03
1992-05-07,4.07
1992-05-08,4.03
1992-05-11,3.99
1992-05-12,3.96
1992-05-13,3.91
1992-05-14,3.9
1992-05-15,3.89
1992-05-18,3.89
1992-05-19,3.81
1992-05-20,3.89
1992-05-21,4.04
1992-05-22,3.99
1992-05-26,4.1
1992-05-27,4.05
1992-05-28,4.01
1992-05-29,4.06
1992-06-01,4.13
1992-06-02,4.11
1992-06-03,4.08
1992-06-04,4.07
1992-06-05,4.02
1992-06-08,4.01
1992-06-09,4.01
1992-06-10,4.01
1992-06-11,3.99
1992-06-12,3.95
1992-06-15,3.94
1992-06-16,3.93
1992-06-17,3.91
1992-06-18,3.89
1992-06-19,3.97
1992-06-22,3.95
1992-06-23,4.01
1992-06-24,3.91
1992-06-25,3.88
1992-06-26,3.94
1992-06-29,3.87
1992-06-30,3.88
1992-07-01,3.87
1992-07-02,3.55
1992-07-06,3.52
1992-07-07,3.48
1992-07-08,3.48
1992-07-09,3.47
1992-07-10,3.46
1992-07-13,3.46
1992-07-14,3.42
1992-07-15,3.33
1992-07-16,3.34
1992-07-17,3.35
1992-07-20,3.36
1992-07-21,3.39
1992-07-22,3.37
1992-07-23,3.36
1992-07-24,3.42
1992-07-27,3.44
1992-07-28,3.41
1992-07-29,3.4
1992-07-30,3.44
1992-07-31,3.47
1992-08-03,3.46
1992-08-04,3.42
1992-08-05,3.4
1992-08-06,3.39
1992-08-07,3.3
1992-08-10,3.28
1992-08-11,3.29
1992-08-12,3.3
1992-08-13,3.29
1992-08-14,3.26
1992-08-17,3.26
1992-08-18,3.22
1992-08-19,3.23
1992-08-20,3.25
1992-08-21,3.33
1992-08-24,3.43
1992-08-25,3.43
1992-08-26,3.36
1992-08-27,3.34
1992-08-28,3.33
1992-08-31,3.33
1992-09-01,3.31
1992-09-02,3.29
1992-09-03,3.29
1992-09-04,3.06
1992-09-08,3.02
1992-09-09,3.04
1992-09-10,3.04
1992-09-11,3.06
1992-09-14,3.0
1992-09-15,3.06
1992-09-16,3.03
1992-09-17,3.03
1992-09-18,3.02
1992-09-21,3.05
1992-09-22,3.08
1992-09-23,3.09
1992-09-24,3.05
1992-09-25,2.93
1992-09-28,2.93
1992-09-29,2.95
1992-09-30,2.95
1992-10-01,2.85
1992-10-02,2.87
1992-10-05,2.87
1992-10-06,2.93
1992-10-07,3.02
1992-10-08,2.96
1992-10-09,3.06
1992-10-13,3.08
1992-10-14,3.12
1992-10-15,3.11
1992-10-16,3.18
1992-10-19,3.28
1992-10-20,3.42
1992-10-21,3.34
1992-10-22,3.32
1992-10-23,3.38
1992-10-26,3.4
1992-10-27,3.34
1992-10-28,3.31
1992-10-29,3.34
1992-10-30,3.39
1992-11-02,3.46
1992-11-03,3.41
1992-11-04,3.4
1992-11-05,3.38
1992-11-06,3.44
1992-11-09,3.49
1992-11-10,3.45
1992-11-12,3.42
1992-11-13,3.5
1992-11-16,3.57
1992-11-17,3.54
1992-11-18,3.53
1992-11-19,3.57
1992-11-20,3.61
1992-11-23,3.61
1992-11-24,3.54
1992-11-25,3.59
1992-11-27,3.64
1992-11-30,3.66
1992-12-01,3.68
1992-12-02,3.66
1992-12-03,3.65
1992-12-04,3.56
1992-12-07,3.52
1992-12-08,3.49
1992-12-09,3.51
1992-12-10,3.56
1992-12-11,3.67
1992-12-14,3.69
1992-12-15,3.63
1992-12-16,3.58
1992-12-17,3.58
1992-12-18,3.54
1992-12-21,3.52
1992-12-22,3.48
1992-12-23,3.48
1992-12-24,3.47
1992-12-28,3.49
1992-12-29,3.48
1992-12-30,3.42
1992-12-31,3.45
1993-01-04,3.4
1993-01-05,3.42
1993-01-06,3.44
1993-01-07,3.52
1993-01-08,3.43
1993-01-11,3.4
1993-01-12,3.4
1993-01-13,3.37
1993-01-14,3.34
1993-01-15,3.29
1993-01-19,3.34
1993-01-20,3.36
1993-01-21,3.33
1993-01-22,3.27
1993-01-25,3.26
1993-01-26,3.3
1993-01-27,3.26
1993-01-28,3.23
1993-01-29,3.24
1993-02-01,3.24
1993-02-02,3.28
1993-02-03,3.28
1993-02-04,3.27
1993-02-05,3.24
1993-02-08,3.3
1993-02-09,3.34
1993-02-10,3.36
1993-02-11,3.31
1993-02-12,3.3
1993-02-16,3.3
1993-02-17,3.25
1993-02-18,3.17
1993-02-19,3.17
1993-02-22,3.18
1993-02-23,3.14
1993-02-24,3.18
1993-02-25,3.19
1993-02-26,3.18
1993-03-01,3.16
1993-03-02,3.17
1993-03-03,3.14
1993-03-04,3.11
1993-03-05,3.25
1993-03-08,3.26
1993-03-09,3.28
1993-03-10,3.27
1993-03-11,3.22
1993-03-12,3.26
1993-03-15,3.28
1993-03-16,3.24
1993-03-17,3.23
1993-03-18,3.17
1993-03-19,3.19
1993-03-22,3.16
1993-03-23,3.15
1993-03-24,3.17
1993-03-25,3.15
1993-03-26,3.19
1993-03-29,3.18
1993-03-30,3.15
1993-03-31,3.17
1993-04-01,3.17
1993-04-02,3.17
1993-04-05,3.15
1993-04-06,3.17
1993-04-07,3.2
1993-04-08,3.13
1993-04-12,3.11
1993-04-13,3.1
1993-04-14,3.07
1993-04-15,3.09
1993-04-16,3.08
1993-04-19,3.08
1993-04-20,3.06
1993-04-21,3.04
1993-04-22,3.04
1993-04-23,3.05
1993-04-26,3.09
1993-04-27,3.13
1993-04-28,3.13
1993-04-29,3.1
1993-04-30,3.14
1993-05-03,3.1
1993-05-04,3.11
1993-05-05,3.14
1993-05-06,3.1
1993-05-07,3.11
1993-05-10,3.1
1993-05-11,3.11
1993-05-12,3.13
1993-05-13,3.17
1993-05-14,3.2
1993-05-17,3.27
1993-05-18,3.26
1993-05-19,3.23
1993-05-20,3.24
1993-05-21,3.3
1993-05-24,3.36
1993-05-25,3.36
1993-05-26,3.35
1993-05-27,3.41
1993-05-28,3.48
1993-06-01,3.41
1993-06-02,3.42
1993-06-03,3.39
1993-06-04,3.52
1993-06-07,3.5
1993-06-08,3.51
1993-06-09,3.47
1993-06-10,3.47
1993-06-11,3.36
1993-06-14,3.35
1993-06-15,3.33
1993-06-16,3.32
1993-06-17,3.31
1993-06-18,3.36
1993-06-21,3.36
1993-06-22,3.35
1993-06-23,3.4
1993-06-24,3.38
1993-06-25,3.37
1993-06-28,3.34
1993-06-29,3.32
1993-06-30,3.32
1993-07-01,3.28
1993-07-02,3.21
1993-07-06,3.28
1993-07-07,3.29
1993-07-08,3.28
1993-07-09,3.27
1993-07-12,3.26
1993-07-13,3.29
1993-07-14,3.26
1993-07-15,3.26
1993-07-16,3.26
1993-07-19,3.27
1993-07-20,3.32
1993-07-21,3.36
1993-07-22,3.43
1993-07-23,3.48
1993-07-26,3.45
1993-07-27,3.47
1993-07-28,3.45
1993-07-29,3.37
1993-07-30,3.39
1993-08-02,3.43
1993-08-03,3.41
1993-08-04,3.42
1993-08-05,3.39
1993-08-06,3.37
1993-08-09,3.33
1993-08-10,3.36
1993-08-11,3.35
1993-08-12,3.32
1993-08-13,3.28
1993-08-16,3.27
1993-08-17,3.28
1993-08-18,3.26
1993-08-19,3.24
1993-08-20,3.27
1993-08-23,3.27
1993-08-24,3.23
1993-08-25,3.22
1993-08-26,3.21
1993-08-27,3.25
1993-08-30,3.22
1993-08-31,3.25
1993-09-01,3.23
1993-09-02,3.21
1993-09-03,3.12
1993-09-07,3.13
1993-09-08,3.18
1993-09-09,3.23
1993-09-10,3.18
1993-09-13,3.19
1993-09-14,3.26
1993-09-15,3.24
1993-09-16,3.25
1993-09-17,3.27
1993-09-20,3.28
1993-09-21,3.25
1993-09-22,3.26
1993-09-23,3.26
1993-09-24,3.26
1993-09-27,3.19
1993-09-28,3.19
1993-09-29,3.23
1993-09-30,3.25
1993-10-01,3.21
1993-10-04,3.21
1993-10-05,3.24
1993-10-06,3.22
1993-10-07,3.21
1993-10-08,3.19
1993-10-12,3.22
1993-10-13,3.22
1993-10-14,3.2
1993-10-15,3.23
1993-10-18,3.26
1993-10-19,3.26
1993-10-20,3.25
1993-10-21,3.27
1993-10-22,3.29
1993-10-25,3.31
1993-10-26,3.31
1993-10-27,3.33
1993-10-28,3.33
1993-10-29,3.33
1993-11-01,3.38
1993-11-02,3.43
1993-11-03,3.4
1993-11-04,3.39
1993-11-05,3.42
1993-11-08,3.39
1993-11-09,3.38
1993-11-10,3.4
1993-11-12,3.38
1993-11-15,3.39
1993-11-16,3.37
1993-11-17,3.41
1993-11-18,3.45
1993-11-19,3.49
1993-11-22,3.5
1993-11-23,3.45
1993-11-24,3.45
1993-11-26,3.43
1993-11-29,3.44
1993-11-30,3.49
1993-12-01,3.46
1993-12-02,3.46
1993-12-03,3.46
1993-12-06,3.41
1993-12-07,3.43
1993-12-08,3.43
1993-12-09,3.43
1993-12-10,3.48
1993-12-13,3.48
1993-12-14,3.49
1993-12-15,3.47
1993-12-16,3.46
1993-12-17,3.44
1993-12-20,3.46
1993-12-21,3.47
1993-12-22,3.44
1993-12-23,3.44
1993-12-27,3.45
1993-12-28,3.44
1993-12-29,3.44
1993-12-30,3.46
1993-12-31,3.46
1994-01-03,3.5
1994-01-04,3.48
1994-01-05,3.48
1994-01-06,3.45
1994-01-07,3.41
1994-01-10,3.39
1994-01-11,3.37
1994-01-12,3.34
1994-01-13,3.38
1994-01-14,3.41
1994-01-18,3.38
1994-01-19,3.37
1994-01-20,3.33
1994-01-21,3.35
1994-01-24,3.35
1994-01-25,3.36
1994-01-26,3.36
1994-01-27,3.36
1994-01-28,3.33
1994-01-31,3.37
1994-02-01,3.43
1994-02-02,3.44
1994-02-03,3.52
1994-02-04,3.69
1994-02-07,3.68
1994-02-08,3.7
1994-02-09,3.69
1994-02-10,3.7
1994-02-11,3.68
1994-02-14,3.68
1994-02-15,3.68
1994-02-16,3.69
1994-02-17,3.72
1994-02-18,3.75
1994-02-22,3.75
1994-02-23,3.82
1994-02-24,3.84
1994-02-25,3.85
1994-02-28,3.83
1994-03-01,3.95
1994-03-02,3.94
1994-03-03,3.97
1994-03-04,4.08
1994-03-07,4.05
1994-03-08,4.09
1994-03-09,4.1
1994-03-10,4.11
1994-03-11,4.09
1994-03-14,4.12
1994-03-15,4.12
1994-03-16,4.08
1994-03-17,4.08
1994-03-18,4.14
1994-03-21,4.19
1994-03-22,4.12
1994-03-23,4.11
1994-03-24,4.15
1994-03-25,4.16
1994-03-28,4.18
1994-03-29,4.22
1994-03-30,4.21
1994-03-31,4.23
1994-04-04,4.6
1994-04-05,4.5
1994-04-06,4.45
1994-04-07,4.42
1994-04-08,4.46
1994-04-11,4.46
1994-04-12,4.43
1994-04-13,4.46
1994-04-14,4.48
1994-04-15,4.49
1994-04-18,4.65
1994-04-19,4.66
1994-04-20,4.65
1994-04-21,4.61
1994-04-22,4.64
1994-04-25,4.64
1994-04-26,4.66
1994-04-28,4.74
1994-04-29,4.83
1994-05-02,4.87
1994-05-03,4.93
1994-05-04,4.95
1994-05-05,4.94
1994-05-06,5.12
1994-05-09,5.25
1994-05-10,5.18
1994-05-11,5.22
1994-05-12,5.18
1994-05-13,5.12
1994-05-16,5.11
1994-05-17,5.0
1994-05-18,4.93
1994-05-19,4.84
1994-05-20,4.86
1994-05-23,4.98
1994-05-24,4.98
1994-05-25,4.98
1994-05-26,4.96
1994-05-27,5.08
1994-05-31,5.1
1994-06-01,5.08
1994-06-02,5.02
1994-06-03,4.95
1994-06-06,4.88
1994-06-07,4.89
1994-06-08,4.86
1994-06-09,4.88
1994-06-10,4.92
1994-06-13,4.94
1994-06-14,4.86
1994-06-15,4.9
1994-06-16,4.87
1994-06-17,4.91
1994-06-20,4.94
1994-06-21,5.0
1994-06-22,4.98
1994-06-23,4.97
1994-06-24,5.1
1994-06-27,5.1
1994-06-28,5.19
1994-06-29,5.18
1994-06-30,5.22
1994-07-01,5.21
1994-07-05,5.18
1994-07-06,5.16
1994-07-07,5.15
1994-07-08,5.27
1994-07-11,5.29
1994-07-12,5.24
1994-07-13,5.21
1994-07-14,5.08
1994-07-15,5.07
1994-07-18,5.04
1994-07-19,5.0
1994-07-20,5.09
1994-07-21,5.14
1994-07-22,5.25
1994-07-25,5.24
1994-07-26,5.24
1994-07-27,5.27
1994-07-28,5.26
1994-07-29,5.09
1994-08-01,5.11
1994-08-02,5.07
1994-08-03,5.06
1994-08-04,5.07
1994-08-05,5.28
1994-08-08,5.29
1994-08-09,5.3
1994-08-10,5.27
1994-08-11,5.3
1994-08-12,5.28
1994-08-15,5.31
1994-08-16,5.3
1994-08-17,5.24
1994-08-18,5.31
1994-08-19,5.35
1994-08-22,5.36
1994-08-23,5.33
1994-08-24,5.27
1994-08-25,5.29
1994-08-26,5.28
1994-08-29,5.28
1994-08-30,5.26
1994-08-31,5.25
1994-09-01,5.25
1994-09-02,5.24
1994-09-06,5.26
1994-09-07,5.28
1994-09-08,5.27
1994-09-09,5.37
1994-09-12,5.38
1994-09-13,5.36
1994-09-14,5.34
1994-09-15,5.32
1994-09-16,5.48
1994-09-19,5.47
1994-09-20,5.5
1994-09-21,5.57
1994-09-22,5.55
1994-09-23,5.56
1994-09-26,5.58
1994-09-27,5.56
1994-09-28,5.55
1994-09-29,5.61
1994-09-30,5.62
1994-10-03,5.7
1994-10-04,5.7
1994-10-05,5.74
1994-10-06,5.74
1994-10-07,5.66
1994-10-11,5.65
1994-10-12,5.68
1994-10-13,5.65
1994-10-14,5.68
1994-10-17,5.7
1994-10-18,5.7
1994-10-19,5.73
1994-10-20,5.82
1994-10-21,5.83
1994-10-24,5.87
1994-10-25,5.88
1994-10-26,5.86
1994-10-27,5.86
1994-10-28,5.81
1994-10-31,5.81
1994-11-01,5.87
1994-11-02,5.9
1994-11-03,5.92
1994-11-04,6.0
1994-11-07,6.02
1994-11-08,5.99
1994-11-09,5.97
1994-11-10,6.01
1994-11-14,6.11
1994-11-15,6.16
1994-11-16,6.19
1994-11-17,6.22
1994-11-18,6.24
1994-11-21,6.27
1994-11-22,6.26
1994-11-23,6.17
1994-11-25,6.18
1994-11-28,6.31
1994-11-29,6.41
1994-11-30,6.46
1994-12-01,6.49
1994-12-02,6.56
1994-12-05,6.68
1994-12-06,6.56
1994-12-07,6.55
1994-12-08,6.62
1994-12-09,6.7
1994-12-12,6.77
1994-12-13,6.84
1994-12-14,6.74
1994-12-15,6.64
1994-12-16,6.68
1994-12-19,6.67
1994-12-20,6.61
1994-12-21,6.59
1994-12-22,6.7
1994-12-23,6.73
1994-12-27,6.71
1994-12-28,6.77
1994-12-29,6.73
1994-12-30,6.73
1995-01-03,6.75
1995-01-04,6.68
1995-01-05,6.72
1995-01-06,6.8
1995-01-09,6.8
1995-01-10,6.75
1995-01-11,6.67
1995-01-12,6.63
1995-01-13,6.46
1995-01-17,6.55
1995-01-18,6.58
1995-01-19,6.58
1995-01-20,6.59
1995-01-23,6.57
1995-01-24,6.59
1995-01-25,6.51
1995-01-26,6.46
1995-01-27,6.39
1995-01-30,6.37
1995-01-31,6.41
1995-02-01,6.52
1995-02-02,6.51
1995-02-03,6.36
1995-02-06,6.37
1995-02-07,6.36
1995-02-08,6.33
1995-02-09,6.37
1995-02-10,6.43
1995-02-13,6.42
1995-02-14,6.35
1995-02-15,6.27
1995-02-16,6.18
1995-02-17,6.22
1995-02-21,6.25
1995-02-22,6.1
1995-02-23,6.12
1995-02-24,6.11
1995-02-27,6.04
1995-02-28,6.05
1995-03-01,6.05
1995-03-02,6.08
1995-03-03,6.13
1995-03-06,6.18
1995-03-07,6.19
1995-03-08,6.15
1995-03-09,6.07
1995-03-10,6.09
1995-03-13,6.04
1995-03-14,6.0
1995-03-15,6.01
1995-03-16,5.96
1995-03-17,5.98
1995-03-20,5.98
1995-03-21,5.99
1995-03-22,6.0
1995-03-23,5.98
1995-03-24,5.92
1995-03-27,5.88
1995-03-28,5.98
1995-03-29,5.95
1995-03-30,5.99
1995-03-31,6.09
1995-04-03,6.05
1995-04-04,6.01
1995-04-05,5.99
1995-04-06,5.94
1995-04-07,5.94
1995-04-10,5.94
1995-04-11,5.92
1995-04-12,5.9
1995-04-13,5.82
1995-04-17,5.82
1995-04-18,5.8
1995-04-19,5.82
1995-04-20,5.78
1995-04-21,5.78
1995-04-24,5.8
1995-04-25,5.82
1995-04-26,5.83
1995-04-27,5.88
1995-04-28,5.94
1995-05-01,5.94
1995-05-02,5.88
1995-05-03,5.79
1995-05-04,5.74
1995-05-05,5.61
1995-05-08,5.66
1995-05-09,5.61
1995-05-10,5.61
1995-05-11,5.67
1995-05-12,5.68
1995-05-15,5.64
1995-05-16,5.62
1995-05-17,5.61
1995-05-18,5.66
1995-05-19,5.66
1995-05-22,5.68
1995-05-23,5.63
1995-05-24,5.53
1995-05-25,5.56
1995-05-26,5.53
1995-05-30,5.49
1995-05-31,5.47
1995-06-01,5.36
1995-06-02,5.21
1995-06-05,5.22
1995-06-06,5.25
1995-06-07,5.39
1995-06-08,5.45
1995-06-09,5.55
1995-06-12,5.5
1995-06-13,5.27
1995-06-14,5.29
1995-06-15,5.34
1995-06-16,5.35
1995-06-19,5.29
1995-06-20,5.33
1995-06-21,5.31
1995-06-22,5.26
1995-06-23,5.25
1995-06-26,5.29
1995-06-27,5.32
1995-06-28,5.27
1995-06-29,5.43
1995-06-30,5.33
1995-07-03,5.32
1995-07-05,5.31
1995-07-06,5.14
1995-07-07,5.13
1995-07-10,5.14
1995-07-11,5.17
1995-07-12,5.15
1995-07-13,5.16
1995-07-14,5.23
1995-07-17,5.25
1995-07-18,5.26
1995-07-19,5.3
1995-07-20,5.34
1995-07-21,5.42
1995-07-24,5.42
1995-07-25,5.42
1995-07-26,5.42
1995-07-27,5.34
1995-07-28,5.37
1995-07-31,5.35
1995-08-01,5.39
1995-08-02,5.34
1995-08-03,5.38
1995-08-04,5.36
1995-08-07,5.35
1995-08-08,5.36
1995-08-09,5.37
1995-08-10,5.38
1995-08-11,5.47
1995-08-14,5.48
1995-08-15,5.52
1995-08-16,5.5
1995-08-17,5.55
1995-08-18,5.54
1995-08-21,5.5
1995-08-22,5.54
1995-08-23,5.53
1995-08-24,5.44
1995-08-25,5.38
1995-08-28,5.34
1995-08-29,5.39
1995-08-30,5.34
1995-08-31,5.33
1995-09-01,5.29
1995-09-05,5.29
1995-09-06,5.29
1995-09-07,5.33
1995-09-08,5.35
1995-09-11,5.35
1995-09-12,5.3
1995-09-13,5.32
1995-09-14,5.25
1995-09-15,5.24
1995-09-18,5.25
1995-09-19,5.23
1995-09-20,5.21
1995-09-21,5.3
1995-09-22,5.31
1995-09-25,5.33
1995-09-26,5.39
1995-09-27,5.38
1995-09-28,5.4
1995-09-29,5.33
1995-10-02,5.34
1995-10-03,5.32
1995-10-04,5.29
1995-10-05,5.28
1995-10-06,5.29
1995-10-10,5.3
1995-10-11,5.3
1995-10-12,5.29
1995-10-13,5.27
1995-10-16,5.28
1995-10-17,5.26
1995-10-18,5.27
1995-10-19,5.27
1995-10-20,5.31
1995-10-23,5.33
1995-10-24,5.29
1995-10-25,5.25
1995-10-26,5.22
1995-10-27,5.25
1995-10-30,5.25
1995-10-31,5.25
1995-11-01,5.17
1995-11-02,5.12
1995-11-03,5.14
1995-11-06,5.17
1995-11-07,5.19
1995-11-08,5.13
1995-11-09,5.14
1995-11-10,5.18
1995-11-13,5.15
1995-11-14,5.15
1995-11-15,5.19
1995-11-16,5.12
1995-11-17,5.11
1995-11-20,5.12
1995-11-21,5.15
1995-11-22,5.16
1995-11-24,5.14
1995-11-27,5.12
1995-11-28,5.15
1995-11-29,5.13
1995-11-30,5.08
1995-12-01,5.05
1995-12-04,5.05
1995-12-05,5.06
1995-12-06,5.06
1995-12-07,5.11
1995-12-08,5.1
1995-12-11,5.06
1995-12-12,5.07
1995-12-13,5.08
1995-12-14,5.06
1995-12-15,5.03
1995-12-18,5.09
1995-12-19,5.0
1995-12-20,4.99
1995-12-21,5.01
1995-12-22,4.98
1995-12-26,4.98
1995-12-27,4.96
1995-12-28,4.91
1995-12-29,4.91
1996-01-02,4.91
1996-01-03,4.9
1996-01-04,4.92
1996-01-05,4.91
1996-01-08,4.91
1996-01-09,4.89
1996-01-10,4.91
1996-01-11,4.89
1996-01-12,4.87
1996-01-16,4.8
1996-01-17,4.78
1996-01-18,4.75
1996-01-19,4.76
1996-01-22,4.8
1996-01-23,4.8
1996-01-24,4.77
1996-01-25,4.8
1996-01-26,4.77
1996-01-29,4.79
1996-01-30,4.73
1996-01-31,4.66
1996-02-01,4.65
1996-02-02,4.6
1996-02-05,4.63
1996-02-06,4.62
1996-02-07,4.61
1996-02-08,4.59
1996-02-09,4.58
1996-02-12,4.56
1996-02-13,4.55
1996-02-14,4.56
1996-02-15,4.6
1996-02-16,4.6
1996-02-20,4.83
1996-02-21,4.79
1996-02-22,4.73
1996-02-23,4.76
1996-02-26,4.79
1996-02-27,4.85
1996-02-28,4.94
1996-02-29,4.95
1996-03-01,4.82
1996-03-04,4.77
1996-03-05,4.82
1996-03-06,4.87
1996-03-07,4.88
1996-03-08,5.11
1996-03-11,5.1
1996-03-12,5.12
1996-03-13,5.11
1996-03-14,5.1
1996-03-15,5.21
1996-03-18,5.21
1996-03-19,5.18
1996-03-20,5.12
1996-03-21,5.11
1996-03-22,5.12
1996-03-25,5.09
1996-03-26,5.09
1996-03-27,5.15
1996-03-28,5.18
1996-03-29,5.12
1996-04-01,5.12
1996-04-02,5.11
1996-04-03,5.17
1996-04-04,5.19
1996-04-05,5.33
1996-04-08,5.36
1996-04-09,5.3
1996-04-10,5.33
1996-04-11,5.34
1996-04-12,5.23
1996-04-15,5.17
1996-04-16,5.18
1996-04-17,5.23
1996-04-18,5.25
1996-04-19,5.2
1996-04-22,5.18
1996-04-23,5.18
1996-04-24,5.2
1996-04-25,5.23
1996-04-26,5.26
1996-04-29,5.28
1996-04-30,5.32
1996-05-01,5.3
1996-05-02,5.38
1996-05-03,5.38
1996-05-06,5.35
1996-05-07,5.39
1996-05-08,5.35
1996-05-09,5.36
1996-05-10,5.31
1996-05-13,5.31
1996-05-14,5.27
1996-05-15,5.27
1996-05-16,5.29
1996-05-17,5.27
1996-05-20,5.25
1996-05-21,5.26
1996-05-22,5.25
1996-05-23,5.29
1996-05-24,5.32
1996-05-28,5.33
1996-05-29,5.39
1996-05-30,5.4
1996-05-31,5.45
1996-06-03,5.46
1996-06-04,5.46
1996-06-05,5.44
1996-06-06,5.39
1996-06-07,5.53
1996-06-10,5.54
1996-06-11,5.53
1996-06-12,5.54
1996-06-13,5.51
1996-06-14,5.47
1996-06-17,5.45
1996-06-18,5.45
1996-06-19,5.47
1996-06-20,5.51
1996-06-21,5.53
1996-06-24,5.51
1996-06-25,5.5
1996-06-26,5.51
1996-06-27,5.45
1996-06-28,5.39
1996-07-01,5.42
1996-07-02,5.48
1996-07-03,5.43
1996-07-05,5.63
1996-07-08,5.64
1996-07-09,5.61
1996-07-10,5.55
1996-07-11,5.52
1996-07-12,5.51
1996-07-15,5.52
1996-07-16,5.44
1996-07-17,5.46
1996-07-18,5.43
1996-07-19,5.5
1996-07-22,5.54
1996-07-23,5.53
1996-07-24,5.54
1996-07-25,5.53
1996-07-26,5.53
1996-07-29,5.59
1996-07-30,5.55
1996-07-31,5.52
1996-08-01,5.42
1996-08-02,5.3
1996-08-05,5.29
1996-08-06,5.3
1996-08-07,5.31
1996-08-08,5.31
1996-08-09,5.27
1996-08-12,5.27
1996-08-13,5.31
1996-08-14,5.29
1996-08-15,5.33
1996-08-16,5.32
1996-08-19,5.34
1996-08-20,5.32
1996-08-21,5.32
1996-08-22,5.32
1996-08-23,5.38
1996-08-26,5.45
1996-08-27,5.44
1996-08-28,5.45
1996-08-29,5.49
1996-08-30,5.57
1996-09-03,5.6
1996-09-04,5.62
1996-09-05,5.63
1996-09-06,5.58
1996-09-09,5.56
1996-09-10,5.58
1996-09-11,5.58
1996-09-12,5.54
1996-09-13,5.44
1996-09-16,5.43
1996-09-17,5.51
1996-09-18,5.52
1996-09-19,5.53
1996-09-20,5.53
1996-09-23,5.52
1996-09-24,5.41
1996-09-25,5.38
1996-09-26,5.34
1996-09-27,5.36
1996-09-30,5.39
1996-10-01,5.34
1996-10-02,5.3
1996-10-03,5.3
1996-10-04,5.18
1996-10-07,5.23
1996-10-08,5.23
1996-10-09,5.25
1996-10-10,5.3
1996-10-11,5.28
1996-10-15,5.28
1996-10-16,5.28
1996-10-17,5.23
1996-10-18,5.23
1996-10-21,5.25
1996-10-22,5.27
1996-10-23,5.26
1996-10-24,5.26
1996-10-25,5.25
1996-10-28,5.26
1996-10-29,5.17
1996-10-30,5.17
1996-10-31,5.15
1996-11-01,5.17
1996-11-04,5.17
1996-11-05,5.14
1996-11-06,5.15
1996-11-07,5.14
1996-11-08,5.17
1996-11-12,5.15
1996-11-13,5.14
1996-11-14,5.12
1996-11-15,5.12
1996-11-18,5.13
1996-11-19,5.12
1996-11-20,5.12
1996-11-21,5.14
1996-11-22,5.15
1996-11-25,5.14
1996-11-26,5.13
1996-11-27,5.13
1996-11-29,5.1
1996-12-02,5.12
1996-12-03,5.11
1996-12-04,5.12
1996-12-05,5.17
1996-12-06,5.17
1996-12-09,5.15
1996-12-10,5.15
1996-12-11,5.2
1996-12-12,5.2
1996-12-13,5.17
1996-12-16,5.2
1996-12-17,5.22
1996-12-18,5.25
1996-12-19,5.21
1996-12-20,5.2
1996-12-23,5.22
1996-12-24,5.21
1996-12-26,5.2
1996-12-27,5.18
1996-12-30,5.18
1996-12-31,5.21
1997-01-02,5.28
1997-01-03,5.31
1997-01-06,5.31
1997-01-07,5.31
1997-01-08,5.31
1997-01-09,5.27
1997-01-10,5.35
1997-01-13,5.35
1997-01-14,5.3
1997-01-15,5.27
1997-01-16,5.3
1997-01-17,5.29
1997-01-21,5.29
1997-01-22,5.29
1997-01-23,5.31
1997-01-24,5.31
1997-01-27,5.34
1997-01-28,5.29
1997-01-29,5.29
1997-01-30,5.28
1997-01-31,5.29
1997-02-03,5.25
1997-02-04,5.25
1997-02-05,5.24
1997-02-06,5.24
1997-02-07,5.2
1997-02-10,5.21
1997-02-11,5.22
1997-02-12,5.22
1997-02-13,5.19
1997-02-14,5.16
1997-02-18,5.17
1997-02-19,5.17
1997-02-20,5.19
1997-02-21,5.18
1997-02-24,5.2
1997-02-25,5.21
1997-02-26,5.32
1997-02-27,5.34
1997-02-28,5.37
1997-03-03,5.38
1997-03-04,5.39
1997-03-05,5.4
1997-03-06,5.41
1997-03-07,5.37
1997-03-10,5.39
1997-03-11,5.37
1997-03-12,5.39
1997-03-13,5.44
1997-03-14,5.42
1997-03-17,5.45
1997-03-18,5.45
1997-03-19,5.46
1997-03-20,5.5
1997-03-21,5.54
1997-03-24,5.53
1997-03-25,5.56
1997-03-26,5.59
1997-03-27,5.69
1997-03-31,5.68
1997-04-01,5.66
1997-04-02,5.64
1997-04-03,5.62
1997-04-04,5.64
1997-04-07,5.63
1997-04-08,5.64
1997-04-09,5.64
1997-04-10,5.65
1997-04-11,5.69
1997-04-14,5.69
1997-04-15,5.64
1997-04-16,5.64
1997-04-17,5.62
1997-04-18,5.6
1997-04-21,5.62
1997-04-22,5.62
1997-04-23,5.64
1997-04-24,5.67
1997-04-25,5.74
1997-04-28,5.72
1997-04-29,5.59
1997-04-30,5.57
1997-05-01,5.56
1997-05-02,5.55
1997-05-05,5.55
1997-05-06,5.57
1997-05-07,5.61
1997-05-08,5.59
1997-05-09,5.53
1997-05-12,5.52
1997-05-13,5.55
1997-05-14,5.53
1997-05-15,5.51
1997-05-16,5.54
1997-05-19,5.55
1997-05-20,5.49
1997-05-21,5.48
1997-05-22,5.5
1997-05-23,5.53
1997-05-27,5.56
1997-05-28,5.58
1997-05-29,5.52
1997-05-30,5.46
1997-06-02,5.46
1997-06-03,5.45
1997-06-04,5.45
1997-06-05,5.44
1997-06-06,5.4
1997-06-09,5.43
1997-06-10,5.43
1997-06-11,5.43
1997-06-12,5.36
1997-06-13,5.34
1997-06-16,5.33
1997-06-17,5.34
1997-06-18,5.34
1997-06-19,5.35
1997-06-20,5.33
1997-06-23,5.36
1997-06-24,5.36
1997-06-25,5.36
1997-06-26,5.33
1997-06-27,5.32
1997-06-30,5.36
1997-07-01,5.33
1997-07-02,5.33
1997-07-03,5.27
1997-07-07,5.25
1997-07-08,5.25
1997-07-09,5.23
1997-07-10,5.23
1997-07-11,5.22
1997-07-14,5.25
1997-07-15,5.25
1997-07-16,5.21
1997-07-17,5.21
1997-07-18,5.3
1997-07-21,5.31
1997-07-22,5.23
1997-07-23,5.23
1997-07-24,5.23
1997-07-25,5.24
1997-07-28,5.23
1997-07-29,5.18
1997-07-30,5.17
1997-07-31,5.16
1997-08-01,5.23
1997-08-04,5.23
1997-08-05,5.25
1997-08-06,5.23
1997-08-07,5.24
1997-08-08,5.3
1997-08-11,5.32
1997-08-12,5.32
1997-08-13,5.29
1997-08-14,5.26
1997-08-15,5.24
1997-08-18,5.21
1997-08-19,5.22
1997-08-20,5.24
1997-08-21,5.27
1997-08-22,5.27
1997-08-25,5.3
1997-08-26,5.3
1997-08-27,5.3
1997-08-28,5.26
1997-08-29,5.29
1997-09-02,5.27
1997-09-03,5.27
1997-09-04,5.29
1997-09-05,5.28
1997-09-08,5.3
1997-09-09,5.29
1997-09-10,5.3
1997-09-11,5.31
1997-09-12,5.25
1997-09-15,5.25
1997-09-16,5.18
1997-09-17,5.17
1997-09-18,5.18
1997-09-19,5.19
1997-09-22,5.17
1997-09-23,5.19
1997-09-24,5.17
1997-09-25,5.2
1997-09-26,5.18
1997-09-29,5.18
1997-09-30,5.18
1997-10-01,5.15
1997-10-02,5.15
1997-10-03,5.13
1997-10-06,5.11
1997-10-07,5.09
1997-10-08,5.16
1997-10-09,5.18
1997-10-10,5.25
1997-10-14,5.21
1997-10-15,5.23
1997-10-16,5.22
1997-10-17,5.26
1997-10-20,5.26
1997-10-21,5.27
1997-10-22,5.28
1997-10-23,5.19
1997-10-24,5.17
1997-10-27,5.02
1997-10-28,5.13
1997-10-29,5.07
1997-10-30,5.05
1997-10-31,5.08
1997-11-03,5.15
1997-11-04,5.17
1997-11-05,5.16
1997-11-06,5.14
1997-11-07,5.14
1997-11-10,5.17
1997-11-12,5.15
1997-11-13,5.14
1997-11-14,5.15
1997-11-17,5.16
1997-11-18,5.19
1997-11-19,5.18
1997-11-20,5.2
1997-11-21,5.15
1997-11-24,5.19
1997-11-25,5.2
1997-11-26,5.21
1997-11-28,5.23
1997-12-01,5.26
1997-12-02,5.26
1997-12-03,5.24
1997-12-04,5.23
1997-12-05,5.27
1997-12-08,5.33
1997-12-09,5.29
1997-12-10,5.22
1997-12-11,5.19
1997-12-12,5.14
1997-12-15,5.18
1997-12-16,5.18
1997-12-17,5.21
1997-12-18,5.2
1997-12-19,5.21
1997-12-22,5.26
1997-12-23,5.26
1997-12-24,5.25
1997-12-26,5.25
1997-12-29,5.26
1997-12-30,5.26
1997-12-31,5.22
1998-01-02,5.18
1998-01-05,5.08
1998-01-06,5.04
1998-01-07,5.04
1998-01-08,4.94
1998-01-09,4.83
1998-01-12,4.87
1998-01-13,4.91
1998-01-14,4.93
1998-01-15,4.93
1998-01-16,4.98
1998-01-20,4.98
1998-01-21,4.96
1998-01-22,4.92
1998-01-23,4.99
1998-01-26,4.99
1998-01-27,5.05
1998-01-28,5.06
1998-01-29,4.99
1998-01-30,4.97
1998-02-02,4.99
1998-02-03,4.98
1998-02-04,4.97
1998-02-05,4.99
1998-02-06,5.0
1998-02-09,5.01
1998-02-10,5.02
1998-02-11,5.02
1998-02-12,5.01
1998-02-13,5.0
1998-02-17,4.99
1998-02-18,5.01
1998-02-19,5.02
1998-02-20,5.04
1998-02-23,5.08
1998-02-24,5.18
1998-02-25,5.15
1998-02-26,5.17
1998-02-27,5.13
1998-03-02,5.15
1998-03-03,5.17
1998-03-04,5.15
1998-03-05,5.14
1998-03-06,5.12
1998-03-09,5.11
1998-03-10,5.1
1998-03-11,5.09
1998-03-12,5.06
1998-03-13,5.07
1998-03-16,5.06
1998-03-17,5.08
1998-03-18,5.08
1998-03-19,5.09
1998-03-20,5.08
1998-03-23,5.08
1998-03-24,5.09
1998-03-25,5.12
1998-03-26,5.14
1998-03-27,5.15
1998-03-30,5.16
1998-03-31,5.13
1998-04-01,5.09
1998-04-02,5.07
1998-04-03,4.98
1998-04-06,5.03
1998-04-07,5.01
1998-04-08,5.03
1998-04-09,5.06
1998-04-13,5.14
1998-04-14,5.12
1998-04-15,5.1
1998-04-16,5.09
1998-04-17,5.08
1998-04-20,5.11
1998-04-21,5.13
1998-04-22,5.13
1998-04-23,5.13
1998-04-24,5.11
1998-04-27,5.19
1998-04-28,5.19
1998-04-29,5.2
1998-04-30,5.12
1998-05-01,5.13
1998-05-04,5.14
1998-05-05,5.16
1998-05-06,5.13
1998-05-07,5.14
1998-05-08,5.16
1998-05-11,5.19
1998-05-12,5.16
1998-05-13,5.16
1998-05-14,5.19
1998-05-15,5.18
1998-05-18,5.17
1998-05-19,5.17
1998-05-20,5.14
1998-05-21,5.18
1998-05-22,5.17
1998-05-26,5.16
1998-05-27,5.13
1998-05-28,5.15
1998-05-29,5.14
1998-06-01,5.12
1998-06-02,5.13
1998-06-03,5.14
1998-06-04,5.15
1998-06-05,5.17
1998-06-08,5.18
1998-06-09,5.18
1998-06-10,5.16
1998-06-11,5.1
1998-06-12,5.08
1998-06-15,5.06
1998-06-16,5.11
1998-06-17,5.16
1998-06-18,5.15
1998-06-19,5.12
1998-06-22,5.13
1998-06-23,5.13
1998-06-24,5.13
1998-06-25,5.13
1998-06-26,5.12
1998-06-29,5.12
1998-06-30,5.1
1998-07-01,5.09
1998-07-02,5.07
1998-07-06,5.07
1998-07-07,5.08
1998-07-08,5.07
1998-07-09,5.06
1998-07-10,5.06
1998-07-13,5.08
1998-07-14,5.08
1998-07-15,5.07
1998-07-16,5.09
1998-07-17,5.09
1998-07-20,5.09
1998-07-21,5.09
1998-07-22,5.09
1998-07-23,5.07
1998-07-24,5.08
1998-07-27,5.08
1998-07-28,5.07
1998-07-29,5.09
1998-07-30,5.1
1998-07-31,5.1
1998-08-03,5.09
1998-08-04,5.06
1998-08-05,5.03
1998-08-06,5.03
1998-08-07,4.98
1998-08-10,4.97
1998-08-11,4.94
1998-08-12,4.95
1998-08-13,4.99
1998-08-14,4.98
1998-08-17,4.98
1998-08-18,5.0
1998-08-19,4.98
1998-08-20,4.97
1998-08-21,4.93
1998-08-24,4.92
1998-08-25,4.91
1998-08-26,4.9
1998-08-27,4.78
1998-08-28,4.72
1998-08-31,4.71
1998-09-01,4.64
1998-09-02,4.68
1998-09-03,4.67
1998-09-04,4.68
1998-09-08,4.68
1998-09-09,4.59
1998-09-10,4.4
1998-09-11,4.52
1998-09-14,4.56
1998-09-15,4.58
1998-09-16,4.55
1998-09-17,4.53
1998-09-18,4.48
1998-09-21,4.49
1998-09-22,4.5
1998-09-23,4.39
1998-09-24,4.32
1998-09-25,4.29
1998-09-28,4.33
1998-09-29,4.33
1998-09-30,4.22
1998-10-01,4.1
1998-10-02,4.11
1998-10-05,4.01
1998-10-06,4.05
1998-10-07,4.06
1998-10-08,3.94
1998-10-09,3.98
1998-10-13,4.05
1998-10-14,4.01
1998-10-15,4.06
1998-10-16,3.7
1998-10-19,3.76
1998-10-20,3.81
1998-10-21,3.85
1998-10-22,3.87
1998-10-23,3.9
1998-10-26,3.95
1998-10-27,3.87
1998-10-28,3.9
1998-10-29,3.91
1998-10-30,4.01
1998-11-02,4.15
1998-11-03,4.15
1998-11-04,4.27
1998-11-05,4.33
1998-11-06,4.44
1998-11-09,4.43
1998-11-10,4.32
1998-11-12,4.29
1998-11-13,4.31
1998-11-16,4.34
1998-11-17,4.31
1998-11-18,4.32
1998-11-19,4.34
1998-11-20,4.35
1998-11-23,4.36
1998-11-24,4.39
1998-11-25,4.39
1998-11-27,4.38
1998-11-30,4.33
1998-12-01,4.26
1998-12-02,4.22
1998-12-03,4.22
1998-12-04,4.29
1998-12-07,4.38
1998-12-08,4.35
1998-12-09,4.26
1998-12-10,4.25
1998-12-11,4.29
1998-12-14,4.27
1998-12-15,4.29
1998-12-16,4.24
1998-12-17,4.25
1998-12-18,4.28
1998-12-21,4.33
1998-12-22,4.35
1998-12-23,4.47
1998-12-24,4.5
1998-12-28,4.44
1998-12-29,4.41
1998-12-30,4.34
1998-12-31,4.33
1999-01-04,4.38
1999-01-05,4.41
1999-01-06,4.32
1999-01-07,4.3
1999-01-08,4.36
1999-01-11,4.4
1999-01-12,4.34
1999-01-13,4.29
1999-01-14,4.21
1999-01-15,4.26
1999-01-19,4.29
1999-01-20,4.32
1999-01-21,4.28
1999-01-22,4.26
1999-01-25,4.28
1999-01-26,4.3
1999-01-27,4.31
1999-01-28,4.31
1999-01-29,4.31
1999-02-01,4.37
1999-02-02,4.38
1999-02-03,4.38
1999-02-04,4.41
1999-02-05,4.44
1999-02-08,4.44
1999-02-09,4.43
1999-02-10,4.42
1999-02-11,4.44
1999-02-12,4.51
1999-02-16,4.5
1999-02-17,4.47
1999-02-18,4.49
1999-02-19,4.49
1999-02-22,4.5
1999-02-23,4.55
1999-02-24,4.61
1999-02-25,4.62
1999-02-26,4.64
1999-03-01,4.66
1999-03-02,4.6
1999-03-03,4.64
1999-03-04,4.65
1999-03-05,4.59
1999-03-08,4.58
1999-03-09,4.52
1999-03-10,4.51
1999-03-11,4.53
1999-03-12,4.52
1999-03-15,4.52
1999-03-16,4.5
1999-03-17,4.5
1999-03-18,4.48
1999-03-19,4.49
1999-03-22,4.52
1999-03-23,4.49
1999-03-24,4.48
1999-03-25,4.52
1999-03-26,4.49
1999-03-29,4.5
1999-03-30,4.48
1999-03-31,4.48
1999-04-01,4.49
1999-04-02,4.44
1999-04-05,4.44
1999-04-06,4.43
1999-04-07,4.45
1999-04-08,4.41
1999-04-09,4.4
1999-04-12,4.42
1999-04-13,4.42
1999-04-14,4.41
1999-04-15,4.42
1999-04-16,4.47
1999-04-19,4.45
1999-04-20,4.43
1999-04-21,4.44
1999-04-22,4.48
1999-04-23,4.47
1999-04-26,4.47
1999-04-27,4.48
1999-04-28,4.51
1999-04-29,4.45
1999-04-30,4.54
1999-05-03,4.55
1999-05-04,4.56
1999-05-05,4.51
1999-05-06,4.55
1999-05-07,4.54
1999-05-10,4.53
1999-05-11,4.55
1999-05-12,4.54
1999-05-13,4.51
1999-05-14,4.61
1999-05-17,4.64
1999-05-18,4.66
1999-05-19,4.64
1999-05-20,4.62
1999-05-21,4.61
1999-05-24,4.6
1999-05-25,4.62
1999-05-26,4.67
1999-05-27,4.72
1999-05-28,4.71
1999-06-01,4.82
1999-06-02,4.8
1999-06-03,4.8
1999-06-04,4.8
1999-06-07,4.81
1999-06-08,4.82
1999-06-09,4.84
1999-06-10,4.85
1999-06-11,4.88
1999-06-14,4.85
1999-06-15,4.83
1999-06-16,4.75
1999-06-17,4.7
1999-06-18,4.73
1999-06-21,4.76
1999-06-22,4.8
1999-06-23,4.9
1999-06-24,4.9
1999-06-25,4.9
1999-06-28,4.88
1999-06-29,4.89
1999-06-30,4.8
1999-07-01,4.82
1999-07-02,4.81
1999-07-06,4.8
1999-07-07,4.78
1999-07-08,4.76
1999-07-09,4.76
1999-07-12,4.74
1999-07-13,4.72
1999-07-14,4.72
1999-07-15,4.72
1999-07-16,4.71
1999-07-19,4.71
1999-07-20,4.66
1999-07-21,4.67
1999-07-22,4.73
1999-07-23,4.76
1999-07-26,4.77
1999-07-27,4.76
1999-07-28,4.77
1999-07-29,4.83
1999-07-30,4.85
1999-08-02,4.87
1999-08-03,4.89
1999-08-04,4.84
1999-08-05,4.78
1999-08-06,4.88
1999-08-09,4.95
1999-08-10,4.95
1999-08-11,4.93
1999-08-12,4.95
1999-08-13,4.9
1999-08-16,4.94
1999-08-17,4.92
1999-08-18,4.91
1999-08-19,4.9
1999-08-20,4.89
1999-08-23,4.93
1999-08-24,4.9
1999-08-25,4.87
1999-08-26,4.9
1999-08-27,4.96
1999-08-30,5.02
1999-08-31,5.01
1999-09-01,5.01
1999-09-02,5.01
1999-09-03,4.94
1999-09-07,4.98
1999-09-08,4.99
1999-09-09,5.0
1999-09-10,4.97
1999-09-13,4.98
1999-09-14,5.0
1999-09-15,4.97
1999-09-16,4.95
1999-09-17,4.96
1999-09-20,4.99
1999-09-21,4.97
1999-09-22,4.97
1999-09-23,4.94
1999-09-24,4.87
1999-09-27,4.91
1999-09-28,4.91
1999-09-29,4.97
1999-09-30,4.93
1999-10-01,5.0
1999-10-04,4.98
1999-10-05,5.03
1999-10-06,5.05
1999-10-07,5.05
1999-10-08,5.05
1999-10-12,5.07
1999-10-13,5.1
1999-10-14,5.15
1999-10-15,5.12
1999-10-18,5.12
1999-10-19,5.16
1999-10-20,5.18
1999-10-21,5.17
1999-10-22,5.19
1999-10-25,5.22
1999-10-26,5.25
1999-10-27,5.22
1999-10-28,5.18
1999-10-29,5.13
1999-11-01,5.16
1999-11-02,5.16
1999-11-03,5.15
1999-11-04,5.14
1999-11-05,5.13
1999-11-08,5.17
1999-11-09,5.19
1999-11-10,5.21
1999-11-12,5.19
1999-11-15,5.21
1999-11-16,5.24
1999-11-17,5.26
1999-11-18,5.27
1999-11-19,5.28
1999-11-22,5.31
1999-11-23,5.31
1999-11-24,5.33
1999-11-26,5.36
1999-11-29,5.39
1999-11-30,5.37
1999-12-01,5.4
1999-12-02,5.43
1999-12-03,5.38
1999-12-06,5.39
1999-12-07,5.38
1999-12-08,5.37
1999-12-09,5.35
1999-12-10,5.35
1999-12-13,5.41
1999-12-14,5.48
1999-12-15,5.51
1999-12-16,5.56
1999-12-17,5.59
1999-12-20,5.64
1999-12-21,5.62
1999-12-22,5.62
1999-12-23,5.61
1999-12-27,5.62
1999-12-28,5.61
1999-12-29,5.58
1999-12-30,5.58
1999-12-31,5.63
2000-01-03,5.72
2000-01-04,5.68
2000-01-05,5.69
2000-01-06,5.67
2000-01-07,5.65
2000-01-10,5.7
2000-01-11,5.75
2000-01-12,5.78
2000-01-13,5.73
2000-01-14,5.76
2000-01-18,5.77
2000-01-19,5.75
2000-01-20,5.76
2000-01-21,5.75
2000-01-24,5.75
2000-01-25,5.75
2000-01-26,5.76
2000-01-27,5.79
2000-01-28,5.85
2000-01-31,5.9
2000-02-01,5.92
2000-02-02,5.86
2000-02-03,5.79
2000-02-04,5.82
2000-02-07,5.85
2000-02-08,5.84
2000-02-09,5.82
2000-02-10,5.82
2000-02-11,5.8
2000-02-14,5.81
2000-02-15,5.82
2000-02-16,5.84
2000-02-17,5.89
2000-02-18,5.88
2000-02-22,5.84
2000-02-23,5.88
2000-02-24,5.84
2000-02-25,5.81
2000-02-28,5.83
2000-02-29,5.88
2000-03-01,5.82
2000-03-02,5.83
2000-03-03,5.8
2000-03-06,5.84
2000-03-07,5.82
2000-03-08,5.82
2000-03-09,5.8
2000-03-10,5.85
2000-03-13,5.85
2000-03-14,5.84
2000-03-15,5.85
2000-03-16,5.84
2000-03-17,5.84
2000-03-20,5.87
2000-03-21,5.86
2000-03-22,5.85
2000-03-23,5.87
2000-03-24,5.94
2000-03-27,5.95
2000-03-28,5.94
2000-03-29,5.94
2000-03-30,5.9
2000-03-31,5.92
2000-04-03,5.88
2000-04-04,5.8
2000-04-05,5.81
2000-04-06,5.82
2000-04-07,5.82
2000-04-10,5.8
2000-04-11,5.82
2000-04-12,5.82
2000-04-13,5.81
2000-04-14,5.74
2000-04-17,5.75
2000-04-18,5.73
2000-04-19,5.74
2000-04-20,5.77
2000-04-24,5.76
2000-04-25,5.81
2000-04-26,5.82
2000-04-27,5.83
2000-04-28,5.86
2000-05-01,5.9
2000-05-02,5.89
2000-05-03,5.87
2000-05-04,5.85
2000-05-05,5.93
2000-05-08,6.01
2000-05-09,6.0
2000-05-10,5.99
2000-05-11,6.0
2000-05-12,6.07
2000-05-15,6.05
2000-05-16,6.04
2000-05-17,6.04
2000-05-18,5.99
2000-05-19,5.91
2000-05-22,5.89
2000-05-23,5.89
2000-05-24,5.89
2000-05-25,5.88
2000-05-26,5.88
2000-05-30,5.88
2000-05-31,5.87
2000-06-01,5.95
2000-06-02,5.87
2000-06-05,5.86
2000-06-06,5.88
2000-06-07,5.87
2000-06-08,5.87
2000-06-09,5.88
2000-06-12,5.85
2000-06-13,5.82
2000-06-14,5.79
2000-06-15,5.79
2000-06-16,5.75
2000-06-19,5.77
2000-06-20,5.79
2000-06-21,5.82
2000-06-22,5.82
2000-06-23,5.84
2000-06-26,5.82
2000-06-27,5.82
2000-06-28,5.8
2000-06-29,5.76
2000-06-30,5.74
2000-07-03,5.74
2000-07-05,5.73
2000-07-06,5.76
2000-07-07,5.74
2000-07-10,5.76
2000-07-11,5.76
2000-07-12,5.77
2000-07-13,5.74
2000-07-14,5.78
2000-07-17,5.8
2000-07-18,5.79
2000-07-19,5.81
2000-07-20,5.72
2000-07-21,5.74
2000-07-24,5.74
2000-07-25,5.74
2000-07-26,5.73
2000-07-27,5.73
2000-07-28,5.73
2000-07-31,5.75
2000-08-01,5.77
2000-08-02,5.8
2000-08-03,5.79
2000-08-04,5.77
2000-08-07,5.81
2000-08-08,5.82
2000-08-09,5.86
2000-08-10,5.86
2000-08-11,5.92
2000-08-14,5.89
2000-08-15,5.9
2000-08-16,5.9
2000-08-17,5.89
2000-08-18,5.87
2000-08-21,5.88
2000-08-22,5.88
2000-08-23,5.88
2000-08-24,5.9
2000-08-25,5.91
2000-08-28,5.94
2000-08-29,5.97
2000-08-30,5.89
2000-08-31,5.86
2000-09-01,5.83
2000-09-05,5.83
2000-09-06,5.84
2000-09-07,5.87
2000-09-08,5.84
2000-09-11,5.85
2000-09-12,5.83
2000-09-13,5.78
2000-09-14,5.79
2000-09-15,5.77
2000-09-18,5.74
2000-09-19,5.76
2000-09-20,5.77
2000-09-21,5.76
2000-09-22,5.75
2000-09-25,5.76
2000-09-26,5.75
2000-09-27,5.75
2000-09-28,5.77
2000-09-29,5.76
2000-10-02,5.75
2000-10-03,5.76
2000-10-04,5.74
2000-10-05,5.74
2000-10-06,5.75
2000-10-10,5.75
2000-10-11,5.71
2000-10-12,5.63
2000-10-13,5.64
2000-10-16,5.68
2000-10-17,5.64
2000-10-18,5.63
2000-10-19,5.67
2000-10-20,5.66
2000-10-23,5.66
2000-10-24,5.69
2000-10-25,5.74
2000-10-26,5.77
2000-10-27,5.84
2000-10-30,5.86
2000-10-31,5.86
2000-11-01,5.85
2000-11-02,5.84
2000-11-03,5.87
2000-11-06,5.9
2000-11-07,5.9
2000-11-08,5.9
2000-11-09,5.88
2000-11-10,5.86
2000-11-13,5.86
2000-11-14,5.87
2000-11-15,5.86
2000-11-16,5.84
2000-11-17,5.85
2000-11-20,5.84
2000-11-21,5.85
2000-11-22,5.88
2000-11-24,5.9
2000-11-27,5.89
2000-11-28,5.85
2000-11-29,5.64
2000-11-30,5.59
2000-12-01,5.6
2000-12-04,5.56
2000-12-05,5.48
2000-12-06,5.42
2000-12-07,5.44
2000-12-08,5.47
2000-12-11,5.49
2000-12-12,5.49
2000-12-13,5.45
2000-12-14,5.41
2000-12-15,5.37
2000-12-18,5.31
2000-12-19,5.31
2000-12-20,5.2
2000-12-21,5.08
2000-12-22,5.01
2000-12-26,5.07
2000-12-27,5.09
2000-12-28,5.16
2000-12-29,5.11
2001-01-02,4.92
2001-01-03,4.85
2001-01-04,4.63
2001-01-05,4.42
2001-01-08,4.43
2001-01-09,4.53
2001-01-10,4.63
2001-01-11,4.65
2001-01-12,4.76
2001-01-16,4.76
2001-01-17,4.72
2001-01-18,4.59
2001-01-19,4.6
2001-01-22,4.6
2001-01-23,4.65
2001-01-24,4.68
2001-01-25,4.66
2001-01-26,4.6
2001-01-29,4.58
2001-01-30,4.48
2001-01-31,4.41
2001-02-01,4.39
2001-02-02,4.5
2001-02-05,4.53
2001-02-06,4.56
2001-02-07,4.55
2001-02-08,4.55
2001-02-09,4.5
2001-02-12,4.53
2001-02-13,4.59
2001-02-14,4.65
2001-02-15,4.7
2001-02-16,4.6
2001-02-20,4.59
2001-02-21,4.58
2001-02-22,4.54
2001-02-23,4.43
2001-02-26,4.35
2001-02-27,4.27
2001-02-28,4.27
2001-03-01,4.25
2001-03-02,4.28
2001-03-05,4.3
2001-03-06,4.3
2001-03-07,4.24
2001-03-08,4.23
2001-03-09,4.26
2001-03-12,4.23
2001-03-13,4.23
2001-03-14,4.1
2001-03-15,4.01
2001-03-16,4.01
2001-03-19,4.07
2001-03-20,4.0
2001-03-21,3.97
2001-03-22,3.93
2001-03-23,3.99
2001-03-26,4.0
2001-03-27,4.1
2001-03-28,4.04
2001-03-29,3.98
2001-03-30,3.92
2001-04-02,3.93
2001-04-03,3.84
2001-04-04,3.81
2001-04-05,3.84
2001-04-06,3.74
2001-04-09,3.77
2001-04-10,3.86
2001-04-11,3.94
2001-04-12,3.98
2001-04-16,4.06
2001-04-17,3.99
2001-04-18,3.8
2001-04-19,3.78
2001-04-20,3.7
2001-04-23,3.6
2001-04-24,3.6
2001-04-25,3.68
2001-04-26,3.64
2001-04-27,3.75
2001-04-30,3.77
2001-05-01,3.73
2001-05-02,3.76
2001-05-03,3.71
2001-05-04,3.61
2001-05-07,3.57
2001-05-08,3.55
2001-05-09,3.52
2001-05-10,3.58
2001-05-11,3.69
2001-05-14,3.62
2001-05-15,3.57
2001-05-16,3.54
2001-05-17,3.57
2001-05-18,3.6
2001-05-21,3.63
2001-05-22,3.61
2001-05-23,3.57
2001-05-24,3.6
2001-05-25,3.56
2001-05-29,3.56
2001-05-30,3.54
2001-05-31,3.46
2001-06-01,3.49
2001-06-04,3.5
2001-06-05,3.45
2001-06-06,3.45
2001-06-07,3.45
2001-06-08,3.45
2001-06-11,3.43
2001-06-12,3.4
2001-06-13,3.39
2001-06-14,3.34
2001-06-15,3.31
2001-06-18,3.28
2001-06-19,3.27
2001-06-20,3.26
2001-06-21,3.27
2001-06-22,3.23
2001-06-25,3.24
2001-06-26,3.29
2001-06-27,3.37
2001-06-28,3.47
2001-06-29,3.51
2001-07-02,3.48
2001-07-03,3.51
2001-07-05,3.5
2001-07-06,3.43
2001-07-09,3.44
2001-07-10,3.41
2001-07-11,3.4
2001-07-12,3.39
2001-07-13,3.42
2001-07-16,3.4
2001-07-17,3.4
2001-07-18,3.32
2001-07-19,3.34
2001-07-20,3.33
2001-07-23,3.34
2001-07-24,3.34
2001-07-25,3.37
2001-07-26,3.36
2001-07-27,3.35
2001-07-30,3.34
2001-07-31,3.32
2001-08-01,3.35
2001-08-02,3.35
2001-08-03,3.34
2001-08-06,3.33
2001-08-07,3.34
2001-08-08,3.29
2001-08-09,3.27
2001-08-10,3.23
2001-08-13,3.23
2001-08-14,3.25
2001-08-15,3.23
2001-08-16,3.19
2001-08-17,3.17
2001-08-20,3.21
2001-08-21,3.18
2001-08-22,3.2
2001-08-23,3.24
2001-08-24,3.25
2002-01-30,1.67
2002-01-31,1.66
2002-02-01,1.66
2002-02-04,1.67
2002-02-05,1.67
2008-06-03,2.08
2008-06-04,2.08
2008-06-05,2.09
2008-06-06,2.06
2008-06-09,2.22
2008-06-10,2.44
2008-06-11,2.39
2008-06-12,2.53
2008-06-13,2.54
2008-06-16,2.58
2008-06-17,2.49
2008-06-18,2.44
2008-06-19,2.48
2008-06-20,2.4
2008-06-23,2.47
2008-06-24,2.43
2008-06-25,2.38
2008-06-26,2.3
2008-06-27,2.26
2008-06-30,2.27
2008-07-01,2.31
2008-07-02,2.28
2008-07-03,2.23
2008-07-07,2.19
2008-07-08,2.19
2008-07-09,2.14
2008-07-10,2.13
2008-07-11,2.22
2008-07-14,2.16
2008-07-15,2.08
2008-07-16,2.09
2008-07-17,2.18
2008-07-18,2.18
2008-07-21,2.21
2008-07-22,2.24
2008-07-23,2.29
2008-07-24,2.17
2008-07-25,2.24
2008-07-28,2.19
2008-07-29,2.29
2008-07-30,2.26
2008-07-31,2.2
2008-08-01,2.18
2008-08-04,2.2
2008-08-05,2.19
2008-08-06,2.19
2008-08-07,2.1
2008-08-08,2.12
2008-08-11,2.19
2008-08-12,2.11
2008-08-13,2.11
2008-08-14,2.07
2008-08-15,2.05
2008-08-18,2.08
2008-08-19,2.04
2008-08-20,1.99
2008-08-21,2.03
2008-08-22,2.09
2008-08-25,2.05
2008-08-26,2.13
2008-08-27,2.1
2008-08-28,2.12
2008-08-29,2.11
2008-09-02,2.06
2008-09-03,2.02
2008-09-04,1.98
2008-09-05,2.01
2008-09-08,2.05
2008-09-09,2.0
2008-09-10,2.0
2008-09-11,1.95
2008-09-12,1.96
2008-09-15,1.61
2008-09-16,1.67
2008-09-17,1.46
2008-09-18,1.48
2008-09-19,1.98
2008-09-22,1.99
2008-09-23,1.95
2008-09-24,1.85
2008-09-25,1.91
2008-09-26,1.76
2008-09-29,1.56
2008-09-30,1.73
2008-10-01,1.67
2008-10-02,1.41
2008-10-03,1.37
2008-10-06,1.2
2008-10-07,1.23
2008-10-08,1.24
2008-10-09,1.29
2008-10-10,1.03
2008-10-14,1.16
2008-10-15,1.09
2008-10-16,1.24
2008-10-17,1.29
2008-10-20,1.65
2008-10-21,1.69
2008-10-22,1.6
2008-10-23,1.57
2008-10-24,1.56
2008-10-27,1.53
2008-10-28,1.49
2008-10-29,1.37
2008-10-30,1.32
2008-10-31,1.3
2008-11-03,1.27
2008-11-04,1.25
2008-11-05,1.19
2008-11-06,1.14
2008-11-07,1.16
2008-11-10,1.13
2008-11-12,1.0
2008-11-13,1.13
2008-11-14,1.11
2008-11-17,1.05
2008-11-18,1.03
2008-11-19,0.95
2008-11-20,0.85
2008-11-21,0.81
2008-11-24,0.92
2008-11-25,0.93
2008-11-26,0.91
2008-11-28,0.88
2008-12-01,0.79
2008-12-02,0.75
2008-12-03,0.68
2008-12-04,0.59
2008-12-05,0.51
2008-12-08,0.5
2008-12-09,0.46
2008-12-10,0.46
2008-12-11,0.48
2008-12-12,0.47
2008-12-15,0.47
2008-12-16,0.44
2008-12-17,0.44
2008-12-18,0.42
2008-12-19,0.43
2008-12-22,0.39
2008-12-23,0.4
2008-12-24,0.38
2008-12-26,0.36
2008-12-29,0.34
2008-12-30,0.32
2008-12-31,0.35
2009-01-02,0.38
2009-01-05,0.41
2009-01-06,0.42
2009-01-07,0.41
2009-01-08,0.41
2009-01-09,0.4
2009-01-12,0.4
2009-01-13,0.42
2009-01-14,0.41
2009-01-15,0.41
2009-01-16,0.42
2009-01-20,0.41
2009-01-21,0.42
2009-01-22,0.41
2009-01-23,0.44
2009-01-26,0.45
2009-01-27,0.45
2009-01-28,0.46
2009-01-29,0.48
2009-01-30,0.48
2009-02-02,0.48
2009-02-03,0.5
2009-02-04,0.5
2009-02-05,0.51
2009-02-06,0.53
2009-02-09,0.56
2009-02-10,0.59
2009-02-11,0.59
2009-02-12,0.57
2009-02-13,0.6
2009-02-17,0.59
2009-02-18,0.62
2009-02-19,0.65
2009-02-20,0.62
2009-02-23,0.67
2009-02-24,0.69
2009-02-25,0.72
2009-02-26,0.7
2009-02-27,0.69
2009-03-02,0.64
2009-03-03,0.65
2009-03-04,0.67
2009-03-05,0.63
2009-03-06,0.63
2009-03-09,0.66
2009-03-10,0.7
2009-03-11,0.7
2009-03-12,0.69
2009-03-13,0.66
2009-03-16,0.67
2009-03-17,0.67
2009-03-18,0.58
2009-03-19,0.58
2009-03-20,0.58
2009-03-23,0.58
2009-03-24,0.6
2009-03-25,0.58
2009-03-26,0.55
2009-03-27,0.56
2009-03-30,0.56
2009-03-31,0.55
2009-04-01,0.55
2009-04-02,0.56
2009-04-03,0.57
2009-04-06,0.56
2009-04-07,0.59
2009-04-08,0.58
2009-04-09,0.59
2009-04-13,0.56
2009-04-14,0.53
2009-04-15,0.52
2009-04-16,0.52
2009-04-17,0.55
2009-04-20,0.52
2009-04-21,0.51
2009-04-22,0.49
2009-04-23,0.46
2009-04-24,0.47
2009-04-27,0.46
2009-04-28,0.49
2009-04-29,0.47
2009-04-30,0.46
2009-05-01,0.46
2009-05-04,0.48
2009-05-05,0.52
2009-05-06,0.5
2009-05-07,0.53
2009-05-08,0.54
2009-05-11,0.51
2009-05-12,0.52
2009-05-13,0.5
2009-05-14,0.48
2009-05-15,0.48
2009-05-18,0.48
2009-05-19,0.46
2009-05-20,0.42
2009-05-21,0.43
2009-05-22,0.46
2009-05-26,0.47
2009-05-27,0.46
2009-05-28,0.45
2009-05-29,0.44
2009-06-01,0.44
2009-06-02,0.45
2009-06-03,0.44
2009-06-04,0.46
2009-06-05,0.61
2009-06-08,0.6
2009-06-09,0.54
2009-06-10,0.53
2009-06-11,0.51
2009-06-12,0.5
2009-06-15,0.48
2009-06-16,0.48
2009-06-17,0.47
2009-06-18,0.49
2009-06-19,0.48
2009-06-22,0.46
2009-06-23,0.46
2009-06-24,0.46
2009-06-25,0.43
2009-06-26,0.41
2009-06-29,0.46
2009-06-30,0.55
2009-07-01,0.53
2009-07-02,0.48
2009-07-06,0.47
2009-07-07,0.45
2009-07-08,0.43
2009-07-09,0.45
2009-07-10,0.43
2009-07-13,0.45
2009-07-14,0.45
2009-07-15,0.47
2009-07-16,0.44
2009-07-17,0.45
2009-07-20,0.44
2009-07-21,0.43
2009-07-22,0.43
2009-07-23,0.45
2009-07-24,0.43
2009-07-27,0.44
2009-07-28,0.48
2009-07-29,0.49
2009-07-30,0.47
2009-07-31,0.47
2009-08-03,0.47
2009-08-04,0.45
2009-08-05,0.47
2009-08-06,0.46
2009-08-07,0.5
2009-08-10,0.47
2009-08-11,0.46
2009-08-12,0.44
2009-08-13,0.42
2009-08-14,0.41
2009-08-17,0.42
2009-08-18,0.4
2009-08-19,0.4
2009-08-20,0.39
2009-08-21,0.41
2009-08-24,0.4
2009-08-25,0.46
2009-08-26,0.44
2009-08-27,0.45
2009-08-28,0.43
2009-08-31,0.42
2009-09-01,0.42
2009-09-02,0.39
2009-09-03,0.4
2009-09-04,0.4
2009-09-08,0.39
2009-09-09,0.38
2009-09-10,0.37
2009-09-11,0.36
2009-09-14,0.37
2009-09-15,0.36
2009-09-16,0.35
2009-09-17,0.37
2009-09-18,0.37
2009-09-21,0.36
2009-09-22,0.41
2009-09-23,0.4
2009-09-24,0.38
2009-09-25,0.4
2009-09-28,0.39
2009-09-29,0.39
2009-09-30,0.38
2009-10-01,0.35
2009-10-02,0.35
2009-10-05,0.34
2009-10-06,0.35
2009-10-07,0.32
2009-10-08,0.33
2009-10-09,0.35
2009-10-13,0.32
2009-10-14,0.32
2009-10-15,0.32
2009-10-16,0.33
2009-10-19,0.34
2009-10-20,0.38
2009-10-21,0.39
2009-10-22,0.37
2009-10-23,0.39
2009-10-26,0.4
2009-10-27,0.38
2009-10-28,0.37
2009-10-29,0.38
2009-10-30,0.35
2009-11-02,0.36
2009-11-03,0.36
2009-11-04,0.33
2009-11-05,0.33
2009-11-06,0.31
2009-11-09,0.31
2009-11-10,0.3
2009-11-12,0.29
2009-11-13,0.29
2009-11-16,0.28
2009-11-17,0.32
2009-11-18,0.29
2009-11-19,0.26
2009-11-20,0.26
2009-11-23,0.28
2009-11-24,0.27
2009-11-25,0.25
2009-11-27,0.25
2009-11-30,0.25
2009-12-01,0.24
2009-12-02,0.26
2009-12-03,0.28
2009-12-04,0.33
2009-12-07,0.29
2009-12-08,0.26
2009-12-09,0.28
2009-12-10,0.29
2009-12-11,0.32
2009-12-14,0.33
2009-12-15,0.4
2009-12-16,0.37
2009-12-17,0.34
2009-12-18,0.35
2009-12-21,0.39
2009-12-22,0.39
2009-12-23,0.39
2009-12-24,0.41
2009-12-28,0.44
2009-12-29,0.44
2009-12-30,0.42
2009-12-31,0.44
2010-01-04,0.41
2010-01-05,0.37
2010-01-06,0.36
2010-01-07,0.36
2010-01-08,0.33
2010-01-11,0.3
2010-01-12,0.34
2010-01-13,0.36
2010-01-14,0.33
2010-01-15,0.32
2010-01-19,0.32
2010-01-20,0.3
2010-01-21,0.3
2010-01-22,0.28
2010-01-25,0.28
2010-01-26,0.3
2010-01-27,0.31
2010-01-28,0.29
2010-01-29,0.28
2010-02-01,0.3
2010-02-02,0.3
2010-02-03,0.32
2010-02-04,0.29
2010-02-05,0.28
2010-02-08,0.29
2010-02-09,0.34
2010-02-10,0.37
2010-02-11,0.37
2010-02-12,0.34
2010-02-16,0.33
2010-02-17,0.34
2010-02-18,0.35
2010-02-19,0.37
2010-02-22,0.35
2010-02-23,0.34
2010-02-24,0.32
2010-02-25,0.3
2010-02-26,0.3
2010-03-01,0.3
2010-03-02,0.3
2010-03-03,0.3
2010-03-04,0.31
2010-03-05,0.34
2010-03-08,0.35
2010-03-09,0.37
2010-03-10,0.38
2010-03-11,0.39
2010-03-12,0.4
2010-03-15,0.39
2010-03-16,0.4
2010-03-17,0.39
2010-03-18,0.39
2010-03-19,0.4
2010-03-22,0.39
2010-03-23,0.38
2010-03-24,0.41
2010-03-25,0.41
2010-03-26,0.4
2010-03-29,0.39
2010-03-30,0.4
2010-03-31,0.38
2010-04-01,0.39
2010-04-02,0.42
2010-04-05,0.44
2010-04-06,0.48
2010-04-07,0.46
2010-04-08,0.45
2010-04-09,0.45
2010-04-12,0.44
2010-04-13,0.43
2010-04-14,0.43
2010-04-15,0.41
2010-04-16,0.39
2010-04-19,0.4
2010-04-20,0.4
2010-04-21,0.41
2010-04-22,0.42
2010-04-23,0.43
2010-04-26,0.43
2010-04-27,0.39
2010-04-28,0.39
2010-04-29,0.38
2010-04-30,0.38
2010-05-03,0.39
2010-05-04,0.42
2010-05-05,0.38
2010-05-06,0.33
2010-05-07,0.37
2010-05-10,0.38
2010-05-11,0.37
2010-05-12,0.38
2010-05-13,0.38
2010-05-14,0.33
2010-05-17,0.34
2010-05-18,0.33
2010-05-19,0.33
2010-05-20,0.32
2010-05-21,0.33
2010-05-24,0.33
2010-05-25,0.33
2010-05-26,0.34
2010-05-27,0.34
2010-05-28,0.32
2010-06-01,0.32
2010-06-02,0.37
2010-06-03,0.37
2010-06-04,0.33
2010-06-07,0.34
2010-06-08,0.33
2010-06-09,0.32
2010-06-10,0.33
2010-06-11,0.29
2010-06-14,0.29
2010-06-15,0.29
2010-06-16,0.28
2010-06-17,0.26
2010-06-18,0.28
2010-06-21,0.27
2010-06-22,0.27
2010-06-23,0.28
2010-06-24,0.27
2010-06-25,0.27
2010-06-28,0.28
2010-06-29,0.31
2010-06-30,0.31
2010-07-01,0.31
2010-07-02,0.3
2010-07-06,0.31
2010-07-07,0.3
2010-07-08,0.29
2010-07-09,0.29
2010-07-12,0.29
2010-07-13,0.29
2010-07-14,0.26
2010-07-15,0.26
2010-07-16,0.26
2010-07-19,0.26
2010-07-20,0.25
2010-07-21,0.25
2010-07-22,0.25
2010-07-23,0.25
2010-07-26,0.27
2010-07-27,0.3
2010-07-28,0.3
2010-07-29,0.29
2010-07-30,0.28
2010-08-02,0.27
2010-08-03,0.26
2010-08-04,0.27
2010-08-05,0.26
2010-08-06,0.24
2010-08-09,0.25
2010-08-10,0.24
2010-08-11,0.24
2010-08-12,0.24
2010-08-13,0.24
2010-08-16,0.24
2010-08-17,0.24
2010-08-18,0.24
2010-08-19,0.24
2010-08-20,0.24
2010-08-23,0.24
2010-08-24,0.27
2010-08-25,0.26
2010-08-26,0.25
2010-08-27,0.26
2010-08-30,0.25
2010-08-31,0.24
2010-09-01,0.24
2010-09-02,0.24
2010-09-03,0.24
2010-09-07,0.24
2010-09-08,0.23
2010-09-09,0.24
2010-09-10,0.25
2010-09-13,0.25
2010-09-14,0.25
2010-09-15,0.24
2010-09-16,0.24
2010-09-17,0.25
2010-09-20,0.25
2010-09-21,0.26
2010-09-22,0.25
2010-09-23,0.25
2010-09-24,0.25
2010-09-27,0.25
2010-09-28,0.25
2010-09-29,0.26
2010-09-30,0.26
2010-10-01,0.25
2010-10-04,0.25
2010-10-05,0.24
2010-10-06,0.23
2010-10-07,0.22
2010-10-08,0.2
2010-10-12,0.2
2010-10-13,0.21
2010-10-14,0.21
2010-10-15,0.21
2010-10-18,0.22
2010-10-19,0.22
2010-10-20,0.22
2010-10-21,0.22
2010-10-22,0.21
2010-10-25,0.22
2010-10-26,0.22
2010-10-27,0.22
2010-10-28,0.22
2010-10-29,0.21
2010-11-01,0.21
2010-11-02,0.21
2010-11-03,0.21
2010-11-04,0.2
2010-11-05,0.21
2010-11-08,0.21
2010-11-09,0.23
2010-11-10,0.23
2010-11-12,0.25
2010-11-15,0.27
2010-11-16,0.27
2010-11-17,0.26
2010-11-18,0.26
2010-11-19,0.26
2010-11-22,0.25
2010-11-23,0.25
2010-11-24,0.27
2010-11-26,0.27
2010-11-29,0.27
2010-11-30,0.26
2010-12-01,0.27
2010-12-02,0.28
2010-12-03,0.25
2010-12-06,0.25
2010-12-07,0.26
2010-12-08,0.28
2010-12-09,0.28
2010-12-10,0.27
2010-12-13,0.27
2010-12-14,0.3
2010-12-15,0.3
2010-12-16,0.3
2010-12-17,0.29
2010-12-20,0.29
2010-12-21,0.29
2010-12-22,0.29
2010-12-23,0.29
2010-12-27,0.3
2010-12-28,0.29
2010-12-29,0.28
2010-12-30,0.27
2010-12-31,0.27
2011-01-03,0.27
2011-01-04,0.26
2011-01-05,0.29
2011-01-06,0.28
2011-01-07,0.27
2011-01-10,0.27
2011-01-11,0.28
2011-01-12,0.26
2011-01-13,0.26
2011-01-14,0.26
2011-01-18,0.25
2011-01-19,0.26
2011-01-20,0.26
2011-01-21,0.26
2011-01-24,0.27
2011-01-25,0.26
2011-01-26,0.26
2011-01-27,0.24
2011-01-28,0.23
2011-01-31,0.24
2011-02-01,0.25
2011-02-02,0.26
2011-02-03,0.27
2011-02-04,0.28
2011-02-07,0.28
2011-02-08,0.31
2011-02-09,0.3
2011-02-10,0.29
2011-02-11,0.29
2011-02-14,0.29
2011-02-15,0.29
2011-02-16,0.28
2011-02-17,0.26
2011-02-18,0.27
2011-02-22,0.26
2011-02-23,0.25
2011-02-24,0.24
2011-02-25,0.25
2011-02-28,0.24
2011-03-01,0.23
2011-03-02,0.24
2011-03-03,0.26
2011-03-04,0.24
2011-03-07,0.23
2011-03-08,0.26
2011-03-09,0.25
2011-03-10,0.24
2011-03-11,0.23
2011-03-14,0.21
2011-03-15,0.22
2011-03-16,0.2
2011-03-17,0.23
2011-03-18,0.22
2011-03-21,0.23
2011-03-22,0.23
2011-03-23,0.22
2011-03-24,0.24
2011-03-25,0.27
2011-03-28,0.27
2011-03-29,0.28
2011-03-30,0.27
2011-03-31,0.26
2011-04-01,0.23
2011-04-04,0.2
2011-04-05,0.29
2011-04-06,0.28
2011-04-07,0.26
2011-04-08,0.26
2011-04-11,0.25
2011-04-12,0.23
2011-04-13,0.22
2011-04-14,0.24
2011-04-15,0.23
2011-04-18,0.22
2011-04-19,0.22
2011-04-20,0.22
2011-04-21,0.21
2011-04-25,0.21
2011-04-26,0.2
2011-04-27,0.2
2011-04-28,0.21
2011-04-29,0.19
2011-05-02,0.19
2011-05-03,0.2
2011-05-04,0.19
2011-05-05,0.19
2011-05-06,0.17
2011-05-09,0.16
2011-05-10,0.18
2011-05-11,0.17
2011-05-12,0.17
2011-05-13,0.18
2011-05-16,0.17
2011-05-17,0.17
2011-05-18,0.17
2011-05-19,0.18
2011-05-20,0.16
2011-05-23,0.18
2011-05-24,0.18
2011-05-25,0.17
2011-05-26,0.16
2011-05-27,0.16
2011-05-31,0.16
2011-06-01,0.18
2011-06-02,0.19
2011-06-03,0.18
2011-06-06,0.17
2011-06-07,0.17
2011-06-08,0.17
2011-06-09,0.18
2011-06-10,0.18
2011-06-13,0.17
2011-06-14,0.18
2011-06-15,0.18
2011-06-16,0.17
2011-06-17,0.16
2011-06-20,0.17
2011-06-21,0.17
2011-06-22,0.15
2011-06-23,0.14
2011-06-24,0.15
2011-06-27,0.16
2011-06-28,0.21
2011-06-29,0.19
2011-06-30,0.19
2011-07-01,0.19
2011-07-05,0.18
2011-07-06,0.18
2011-07-07,0.19
2011-07-08,0.16
2011-07-11,0.16
2011-07-12,0.17
2011-07-13,0.15
2011-07-14,0.14
2011-07-15,0.14
2011-07-18,0.14
2011-07-19,0.16
2011-07-20,0.17
2011-07-21,0.18
2011-07-22,0.18
2011-07-25,0.18
2011-07-26,0.21
2011-07-27,0.21
2011-07-28,0.21
2011-07-29,0.2
2011-08-01,0.21
2011-08-02,0.16
2011-08-03,0.15
2011-08-04,0.11
2011-08-05,0.1
2011-08-08,0.11
2011-08-09,0.1
2011-08-10,0.09
2011-08-11,0.1
2011-08-12,0.1
2011-08-15,0.11
2011-08-16,0.11
2011-08-17,0.11
2011-08-18,0.09
2011-08-19,0.09
2011-08-22,0.08
2011-08-23,0.1
2011-08-24,0.11
2011-08-25,0.1
2011-08-26,0.09
2011-08-29,0.09
2011-08-30,0.09
2011-08-31,0.1
2011-09-01,0.1
2011-09-02,0.1
2011-09-06,0.12
2011-09-07,0.1
2011-09-08,0.11
2011-09-09,0.1
2011-09-12,0.1
2011-09-13,0.09
2011-09-14,0.08
2011-09-15,0.09
2011-09-16,0.08
2011-09-19,0.07
2011-09-20,0.09
2011-09-21,0.11
2011-09-22,0.1
2011-09-23,0.1
2011-09-26,0.1
2011-09-27,0.1
2011-09-28,0.11
2011-09-29,0.1
2011-09-30,0.12
2011-10-03,0.11
2011-10-04,0.1
2011-10-05,0.09
2011-10-06,0.08
2011-10-07,0.1
2011-10-11,0.11
2011-10-12,0.08
2011-10-13,0.1
2011-10-14,0.1
2011-10-17,0.11
2011-10-18,0.12
2011-10-19,0.11
2011-10-20,0.12
2011-10-21,0.12
2011-10-24,0.11
2011-10-25,0.11
2011-10-26,0.12
2011-10-27,0.13
2011-10-28,0.12
2011-10-31,0.11
2011-11-01,0.12
2011-11-02,0.1
2011-11-03,0.1
2011-11-04,0.1
2011-11-07,0.08
2011-11-08,0.09
2011-11-09,0.09
2011-11-10,0.09
2011-11-14,0.08
2011-11-15,0.11
2011-11-16,0.11
2011-11-17,0.1
2011-11-18,0.12
2011-11-21,0.11
2011-11-22,0.11
2011-11-23,0.11
2011-11-25,0.12
2011-11-28,0.12
2011-11-29,0.13
2011-11-30,0.11
2011-12-01,0.11
2011-12-02,0.11
2011-12-05,0.1
2011-12-06,0.1
2011-12-07,0.1
2011-12-08,0.09
2011-12-09,0.1
2011-12-12,0.09
2011-12-13,0.11
2011-12-14,0.12
2011-12-15,0.12
2011-12-16,0.11
2011-12-19,0.11
2011-12-20,0.12
2011-12-21,0.12
2011-12-22,0.11
2011-12-23,0.11
2011-12-27,0.11
2011-12-28,0.11
2011-12-29,0.11
2011-12-30,0.11
2012-01-03,0.11
2012-01-04,0.11
2012-01-05,0.1
2012-01-06,0.11
2012-01-09,0.1
2012-01-10,0.11
2012-01-11,0.11
2012-01-12,0.11
2012-01-13,0.1
2012-01-17,0.11
2012-01-18,0.11
2012-01-19,0.11
2012-01-20,0.11
2012-01-23,0.11
2012-01-24,0.11
2012-01-25,0.11
2012-01-26,0.11
2012-01-27,0.11
2012-01-30,0.11
2012-01-31,0.12
2012-02-01,0.12
2012-02-02,0.13
2012-02-03,0.13
2012-02-06,0.13
2012-02-07,0.14
2012-02-08,0.15
2012-02-09,0.15
2012-02-10,0.15
2012-02-13,0.15
2012-02-14,0.17
2012-02-15,0.17
2012-02-16,0.16
2012-02-17,0.17
2012-02-21,0.16
2012-02-22,0.16
2012-02-23,0.16
2012-02-24,0.17
2012-02-27,0.16
2012-02-28,0.17
2012-02-29,0.17
2012-03-01,0.17
2012-03-02,0.16
2012-03-05,0.16
2012-03-06,0.17
2012-03-07,0.18
2012-03-08,0.18
2012-03-09,0.18
2012-03-12,0.18
2012-03-13,0.19
2012-03-14,0.2
2012-03-15,0.2
2012-03-16,0.2
2012-03-19,0.2
2012-03-20,0.21
2012-03-21,0.2
2012-03-22,0.18
2012-03-23,0.18
2012-03-26,0.18
2012-03-27,0.17
2012-03-28,0.17
2012-03-29,0.17
2012-03-30,0.18
2012-04-02,0.17
2012-04-03,0.2
2012-04-04,0.19
2012-04-05,0.19
2012-04-06,0.19
2012-04-09,0.19
2012-04-10,0.19
2012-04-11,0.18
2012-04-12,0.18
2012-04-13,0.17
2012-04-16,0.17
2012-04-17,0.17
2012-04-18,0.17
2012-04-19,0.16
2012-04-20,0.17
2012-04-23,0.16
2012-04-24,0.17
2012-04-25,0.17
2012-04-26,0.17
2012-04-27,0.18
2012-04-30,0.19
2012-05-01,0.19
2012-05-02,0.18
2012-05-03,0.19
2012-05-04,0.18
2012-05-07,0.18
2012-05-08,0.18
2012-05-09,0.18
2012-05-10,0.18
2012-05-11,0.18
2012-05-14,0.18
2012-05-15,0.18
2012-05-16,0.19
2012-05-17,0.19
2012-05-18,0.19
2012-05-21,0.2
2012-05-22,0.2
2012-05-23,0.19
2012-05-24,0.2
2012-05-25,0.19
2012-05-29,0.19
2012-05-30,0.19
2012-05-31,0.18
2012-06-01,0.17
2012-06-04,0.18
2012-06-05,0.18
2012-06-06,0.18
2012-06-07,0.18
2012-06-08,0.18
2012-06-11,0.17
2012-06-12,0.18
2012-06-13,0.17
2012-06-14,0.17
2012-06-15,0.17
2012-06-18,0.17
2012-06-19,0.17
2012-06-20,0.19
2012-06-21,0.18
2012-06-22,0.18
2012-06-25,0.18
2012-06-26,0.21
2012-06-27,0.21
2012-06-28,0.22
2012-06-29,0.21
2012-07-02,0.21
2012-07-03,0.21
2012-07-05,0.19
2012-07-06,0.2
2012-07-09,0.19
2012-07-10,0.19
2012-07-11,0.19
2012-07-12,0.19
2012-07-13,0.19
2012-07-16,0.17
2012-07-17,0.17
2012-07-18,0.17
2012-07-19,0.16
2012-07-20,0.16
2012-07-23,0.16
2012-07-24,0.18
2012-07-25,0.17
2012-07-26,0.18
2012-07-27,0.17
2012-07-30,0.18
2012-07-31,0.16
2012-08-01,0.17
2012-08-02,0.17
2012-08-03,0.16
2012-08-06,0.16
2012-08-07,0.18
2012-08-08,0.18
2012-08-09,0.19
2012-08-10,0.17
2012-08-13,0.18
2012-08-14,0.18
2012-08-15,0.18
2012-08-16,0.19
2012-08-17,0.19
2012-08-20,0.18
2012-08-21,0.2
2012-08-22,0.19
2012-08-23,0.19
2012-08-24,0.19
2012-08-27,0.18
2012-08-28,0.18
2012-08-29,0.18
2012-08-30,0.17
2012-08-31,0.16
2012-09-04,0.16
2012-09-05,0.16
2012-09-06,0.17
2012-09-07,0.17
2012-09-10,0.17
2012-09-11,0.17
2012-09-12,0.17
2012-09-13,0.16
2012-09-14,0.17
2012-09-17,0.17
2012-09-18,0.18
2012-09-19,0.18
2012-09-20,0.18
2012-09-21,0.18
2012-09-24,0.18
2012-09-25,0.18
2012-09-26,0.17
2012-09-27,0.16
2012-09-28,0.17
2012-10-01,0.16
2012-10-02,0.16
2012-10-03,0.15
2012-10-04,0.17
2012-10-05,0.17
2012-10-09,0.17
2012-10-10,0.17
2012-10-11,0.17
2012-10-12,0.17
2012-10-15,0.18
2012-10-16,0.18
2012-10-17,0.18
2012-10-18,0.18
2012-10-19,0.18
2012-10-22,0.19
2012-10-23,0.18
2012-10-24,0.18
2012-10-25,0.18
2012-10-26,0.18
2012-10-29,0.17
2012-10-31,0.17
2012-11-01,0.17
2012-11-02,0.18
2012-11-05,0.18
2012-11-06,0.18
2012-11-07,0.17
2012-11-08,0.19
2012-11-09,0.17
2012-11-13,0.17
2012-11-14,0.18
2012-11-15,0.17
2012-11-16,0.16
2012-11-19,0.16
2012-11-20,0.16
2012-11-21,0.17
2012-11-23,0.18
2012-11-26,0.16
2012-11-27,0.17
2012-11-28,0.17
2012-11-29,0.17
2012-11-30,0.17
2012-12-03,0.17
2012-12-04,0.17
2012-12-05,0.17
2012-12-06,0.17
2012-12-07,0.17
2012-12-10,0.17
2012-12-11,0.16
2012-12-12,0.14
2012-12-13,0.14
2012-12-14,0.13
2012-12-17,0.13
2012-12-18,0.16
2012-12-19,0.15
2012-12-20,0.15
2012-12-21,0.15
2012-12-24,0.15
2012-12-26,0.15
2012-12-27,0.14
2012-12-28,0.14
2012-12-31,0.15
2013-01-02,0.14
2013-01-03,0.14
2013-01-04,0.14
2013-01-07,0.14
2013-01-08,0.14
2013-01-09,0.13
2013-01-10,0.14
2013-01-11,0.14
2013-01-14,0.14
2013-01-15,0.14
2013-01-16,0.14
2013-01-17,0.14
2013-01-18,0.14
2013-01-22,0.13
2013-01-23,0.14
2013-01-24,0.14
2013-01-25,0.14
2013-01-28,0.15
2013-01-29,0.14
2013-01-30,0.14
2013-01-31,0.14
2013-02-01,0.14
2013-02-04,0.14
2013-02-05,0.15
2013-02-06,0.15
2013-02-07,0.15
2013-02-08,0.14
2013-02-11,0.15
2013-02-12,0.14
2013-02-13,0.15
2013-02-14,0.16
2013-02-15,0.16
2013-02-19,0.16
2013-02-20,0.16
2013-02-21,0.15
2013-02-22,0.16
2013-02-25,0.15
2013-02-26,0.16
2013-02-27,0.16
2013-02-28,0.16
2013-03-01,0.15
2013-03-04,0.15
2013-03-05,0.15
2013-03-06,0.15
2013-03-07,0.15
2013-03-08,0.15
2013-03-11,0.15
2013-03-12,0.15
2013-03-13,0.15
2013-03-14,0.15
2013-03-15,0.14
2013-03-18,0.14
2013-03-19,0.14
2013-03-20,0.14
2013-03-21,0.13
2013-03-22,0.13
2013-03-25,0.13
2013-03-26,0.13
2013-03-27,0.13
2013-03-28,0.13
2013-04-01,0.13
2013-04-02,0.14
2013-04-03,0.13
2013-04-04,0.13
2013-04-05,0.13
2013-04-08,0.13
2013-04-09,0.13
2013-04-10,0.12
2013-04-11,0.12
2013-04-12,0.11
2013-04-15,0.12
2013-04-16,0.12
2013-04-17,0.12
2013-04-18,0.11
2013-04-19,0.11
2013-04-22,0.11
2013-04-23,0.11
2013-04-24,0.12
2013-04-25,0.11
2013-04-26,0.11
2013-04-29,0.11
2013-04-30,0.11
2013-05-01,0.11
2013-05-02,0.11
2013-05-03,0.11
2013-05-06,0.11
2013-05-07,0.1
2013-05-08,0.11
2013-05-09,0.11
2013-05-10,0.11
2013-05-13,0.12
2013-05-14,0.11
2013-05-15,0.11
2013-05-16,0.11
2013-05-17,0.11
2013-05-20,0.11
2013-05-21,0.11
2013-05-22,0.1
2013-05-23,0.11
2013-05-24,0.11
2013-05-28,0.12
2013-05-29,0.14
2013-05-30,0.13
2013-05-31,0.14
2013-06-03,0.14
2013-06-04,0.14
2013-06-05,0.14
2013-06-06,0.13
2013-06-07,0.13
2013-06-10,0.13
2013-06-11,0.13
2013-06-12,0.13
2013-06-13,0.13
2013-06-14,0.12
2013-06-17,0.12
2013-06-18,0.12
2013-06-19,0.12
2013-06-20,0.13
2013-06-21,0.12
2013-06-24,0.14
2013-06-25,0.17
2013-06-26,0.16
2013-06-27,0.15
2013-06-28,0.15
2013-07-01,0.15
2013-07-02,0.14
2013-07-03,0.14
2013-07-05,0.14
2013-07-08,0.13
2013-07-09,0.13
2013-07-10,0.12
2013-07-11,0.12
2013-07-12,0.11
2013-07-15,0.1
2013-07-16,0.09
2013-07-17,0.1
2013-07-18,0.1
2013-07-19,0.1
2013-07-22,0.09
2013-07-23,0.12
2013-07-24,0.12
2013-07-25,0.12
2013-07-26,0.11
2013-07-29,0.11
2013-07-30,0.11
2013-07-31,0.11
2013-08-01,0.12
2013-08-02,0.11
2013-08-05,0.11
2013-08-06,0.11
2013-08-07,0.11
2013-08-08,0.11
2013-08-09,0.1
2013-08-12,0.11
2013-08-13,0.11
2013-08-14,0.11
2013-08-15,0.12
2013-08-16,0.12
2013-08-19,0.12
2013-08-20,0.13
2013-08-21,0.14
2013-08-22,0.14
2013-08-23,0.14
2013-08-26,0.13
2013-08-27,0.12
2013-08-28,0.13
2013-08-29,0.13
2013-08-30,0.12
2013-09-03,0.13
2013-09-04,0.13
2013-09-05,0.15
2013-09-06,0.13
2013-09-09,0.11
2013-09-10,0.11
2013-09-11,0.11
2013-09-12,0.11
2013-09-13,0.11
2013-09-16,0.11
2013-09-17,0.12
2013-09-18,0.11
2013-09-19,0.1
2013-09-20,0.11
2013-09-23,0.1
2013-09-24,0.1
2013-09-25,0.1
2013-09-26,0.09
2013-09-27,0.09
2013-09-30,0.09
2013-10-01,0.09
2013-10-02,0.1
2013-10-03,0.1
2013-10-04,0.1
2013-10-07,0.11
2013-10-08,0.14
2013-10-09,0.14
2013-10-10,0.13
2013-10-11,0.13
2013-10-15,0.15
2013-10-16,0.15
2013-10-17,0.13
2013-10-18,0.12
2013-10-21,0.11
2013-10-22,0.1
2013-10-23,0.11
2013-10-24,0.11
2013-10-25,0.1
2013-10-28,0.1
2013-10-29,0.1
2013-10-30,0.1
2013-10-31,0.09
2013-11-01,0.09
2013-11-04,0.09
2013-11-05,0.09
2013-11-06,0.1
2013-11-07,0.1
2013-11-08,0.11
2013-11-12,0.12
2013-11-13,0.13
2013-11-14,0.13
2013-11-15,0.13
2013-11-18,0.13
2013-11-19,0.14
2013-11-20,0.12
2013-11-21,0.12
2013-11-22,0.12
2013-11-25,0.13
2013-11-26,0.12
2013-11-27,0.12
2013-11-29,0.12
2013-12-02,0.12
2013-12-03,0.12
2013-12-04,0.13
2013-12-05,0.12
2013-12-06,0.12
2013-12-09,0.12
2013-12-10,0.14
2013-12-11,0.13
2013-12-12,0.14
2013-12-13,0.14
2013-12-16,0.13
2013-12-17,0.14
2013-12-18,0.13
2013-12-19,0.13
2013-12-20,0.13
2013-12-23,0.13
2013-12-24,0.13
2013-12-26,0.12
2013-12-27,0.11
2013-12-30,0.12
2013-12-31,0.12
2014-01-02,0.12
2014-01-03,0.12
2014-01-06,0.11
2014-01-07,0.13
2014-01-08,0.13
2014-01-09,0.13
2014-01-10,0.12
2014-01-13,0.11
2014-01-14,0.11
2014-01-15,0.12
2014-01-16,0.11
2014-01-17,0.11
2014-01-21,0.11
2014-01-22,0.1
2014-01-23,0.1
2014-01-24,0.1
2014-01-27,0.1
2014-01-28,0.1
2014-01-29,0.1
2014-01-30,0.09
2014-01-31,0.09
2014-02-03,0.1
2014-02-04,0.12
2014-02-05,0.12
2014-02-06,0.13
2014-02-07,0.12
2014-02-10,0.12
2014-02-11,0.12
2014-02-12,0.12
2014-02-13,0.12
2014-02-14,0.11
2014-02-18,0.11
2014-02-19,0.1
2014-02-20,0.11
2014-02-21,0.11
2014-02-24,0.1
2014-02-25,0.1
2014-02-26,0.1
2014-02-27,0.1
2014-02-28,0.11
2014-03-03,0.11
2014-03-04,0.12
2014-03-05,0.13
2014-03-06,0.12
2014-03-07,0.13
2014-03-10,0.12
2014-03-11,0.13
2014-03-12,0.12
2014-03-13,0.12
2014-03-14,0.12
2014-03-17,0.12
2014-03-18,0.12
2014-03-19,0.14
2014-03-20,0.13
2014-03-21,0.13
2014-03-24,0.13
2014-03-25,0.12
2014-03-26,0.11
2014-03-27,0.11
2014-03-28,0.12
2014-03-31,0.12
2014-04-01,0.13
2014-04-02,0.12
2014-04-03,0.11
2014-04-04,0.11
2014-04-07,0.11
2014-04-08,0.11
2014-04-09,0.1
2014-04-10,0.09
2014-04-11,0.09
2014-04-14,0.1
2014-04-15,0.1
2014-04-16,0.1
2014-04-17,0.1
2014-04-21,0.1
2014-04-22,0.1
2014-04-23,0.1
2014-04-24,0.09
2014-04-25,0.1
2014-04-28,0.09
2014-04-29,0.11
2014-04-30,0.11
2014-05-01,0.1
2014-05-02,0.1
2014-05-05,0.11
2014-05-06,0.1
2014-05-07,0.1
2014-05-08,0.1
2014-05-09,0.1
2014-05-12,0.09
2014-05-13,0.09
2014-05-14,0.09
2014-05-15,0.08
2014-05-16,0.08
2014-05-19,0.08
2014-05-20,0.08
2014-05-21,0.08
2014-05-22,0.08
2014-05-23,0.09
2014-05-27,0.08
2014-05-28,0.1
2014-05-29,0.1
2014-05-30,0.1
2014-06-02,0.1
2014-06-03,0.1
2014-06-04,0.1
2014-06-05,0.1
2014-06-06,0.11
2014-06-09,0.1
2014-06-10,0.1
2014-06-11,0.1
2014-06-12,0.09
2014-06-13,0.1
2014-06-16,0.1
2014-06-17,0.1
2014-06-18,0.09
2014-06-19,0.08
2014-06-20,0.08
2014-06-23,0.08
2014-06-24,0.12
2014-06-25,0.11
2014-06-26,0.11
2014-06-27,0.1
2014-06-30,0.11
2014-07-01,0.1
2014-07-02,0.11
2014-07-03,0.1
2014-07-07,0.11
2014-07-08,0.1
2014-07-09,0.1
2014-07-10,0.09
2014-07-11,0.1
2014-07-14,0.1
2014-07-15,0.1
2014-07-16,0.1
2014-07-17,0.09
2014-07-18,0.08
2014-07-21,0.09
2014-07-22,0.11
2014-07-23,0.11
2014-07-24,0.11
2014-07-25,0.11
2014-07-28,0.11
2014-07-29,0.11
2014-07-30,0.12
2014-07-31,0.11
2014-08-01,0.12
2014-08-04,0.11
2014-08-05,0.11
2014-08-06,0.1
2014-08-07,0.1
2014-08-08,0.09
2014-08-11,0.09
2014-08-12,0.09
2014-08-13,0.09
2014-08-14,0.09
2014-08-15,0.08
2014-08-18,0.09
2014-08-19,0.11
2014-08-20,0.12
2014-08-21,0.1
2014-08-22,0.1
2014-08-25,0.1
2014-08-26,0.11
2014-08-27,0.1
2014-08-28,0.1
2014-08-29,0.09
2014-09-02,0.09
2014-09-03,0.1
2014-09-04,0.09
2014-09-05,0.09
2014-09-08,0.09
2014-09-09,0.1
2014-09-10,0.09
2014-09-11,0.09
2014-09-12,0.1
2014-09-15,0.1
2014-09-16,0.13
2014-09-17,0.12
2014-09-18,0.12
2014-09-19,0.11
2014-09-22,0.1
2014-09-23,0.1
2014-09-24,0.1
2014-09-25,0.09
2014-09-26,0.1
2014-09-29,0.1
2014-09-30,0.11
2014-10-01,0.09
2014-10-02,0.09
2014-10-03,0.09
2014-10-06,0.1
2014-10-07,0.09
2014-10-08,0.09
2014-10-09,0.09
2014-10-10,0.09
2014-10-14,0.08
2014-10-15,0.1
2014-10-16,0.1
2014-10-17,0.11
2014-10-20,0.1
2014-10-21,0.1
2014-10-22,0.11
2014-10-23,0.1
2014-10-24,0.1
2014-10-27,0.1
2014-10-28,0.1
2014-10-29,0.1
2014-10-30,0.1
2014-10-31,0.1
2014-11-03,0.1
2014-11-04,0.1
2014-11-05,0.09
2014-11-06,0.11
2014-11-07,0.11
2014-11-10,0.1
2014-11-12,0.14
2014-11-13,0.15
2014-11-14,0.15
2014-11-17,0.14
2014-11-18,0.13
2014-11-19,0.14
2014-11-20,0.13
2014-11-21,0.13
2014-11-24,0.13
2014-11-25,0.13
2014-11-26,0.13
2014-11-28,0.12
2014-12-01,0.12
2014-12-02,0.12
2014-12-03,0.12
2014-12-04,0.12
2014-12-05,0.15
2014-12-08,0.15
2014-12-09,0.23
2014-12-10,0.21
2014-12-11,0.21
2014-12-12,0.19
2014-12-15,0.21
2014-12-16,0.2
2014-12-17,0.22
2014-12-18,0.24
2014-12-19,0.25
2014-12-22,0.26
2014-12-23,0.24
2014-12-24,0.24
2014-12-26,0.24
2014-12-29,0.22
2014-12-30,0.2
2014-12-31,0.22
2015-01-02,0.22
2015-01-05,0.23
2015-01-06,0.25
2015-01-07,0.25
2015-01-08,0.23
2015-01-09,0.21
2015-01-12,0.18
2015-01-13,0.19
2015-01-14,0.17
2015-01-15,0.15
2015-01-16,0.16
2015-01-20,0.16
2015-01-21,0.16
2015-01-22,0.16
2015-01-23,0.16
2015-01-26,0.16
2015-01-27,0.15
2015-01-28,0.15
2015-01-29,0.15
2015-01-30,0.16
2015-02-02,0.15
2015-02-03,0.21
2015-02-04,0.2
2015-02-05,0.2
2015-02-06,0.25
2015-02-09,0.23
2015-02-10,0.24
2015-02-11,0.23
2015-02-12,0.22
2015-02-13,0.22
2015-02-17,0.23
2015-02-18,0.21
2015-02-19,0.21
2015-02-20,0.21
2015-02-23,0.2
2015-02-24,0.2
2015-02-25,0.19
2015-02-26,0.19
2015-02-27,0.19
2015-03-02,0.19
2015-03-03,0.26
2015-03-04,0.25
2015-03-05,0.24
2015-03-06,0.26
2015-03-09,0.26
2015-03-10,0.24
2015-03-11,0.24
2015-03-12,0.23
2015-03-13,0.23
2015-03-16,0.24
2015-03-17,0.25
2015-03-18,0.21
2015-03-19,0.24
2015-03-20,0.22
2015-03-23,0.22
2015-03-24,0.22
2015-03-25,0.23
2015-03-26,0.26
2015-03-27,0.25
2015-03-30,0.24
2015-03-31,0.26
2015-04-01,0.26
2015-04-02,0.24
2015-04-03,0.2
2015-04-06,0.2
2015-04-07,0.21
2015-04-08,0.21
2015-04-09,0.21
2015-04-10,0.23
2015-04-13,0.22
2015-04-14,0.22
2015-04-15,0.21
2015-04-16,0.2
2015-04-17,0.21
2015-04-20,0.22
2015-04-21,0.21
2015-04-22,0.21
2015-04-23,0.22
2015-04-24,0.22
2015-04-27,0.22
2015-04-28,0.24
2015-04-29,0.24
2015-04-30,0.23
2015-05-01,0.24
2015-05-04,0.24
2015-05-05,0.23
2015-05-06,0.24
2015-05-07,0.23
2015-05-08,0.22
2015-05-11,0.23
2015-05-12,0.23
2015-05-13,0.22
2015-05-14,0.21
2015-05-15,0.21
2015-05-18,0.2
2015-05-19,0.2
2015-05-20,0.2
2015-05-21,0.19
2015-05-22,0.2
2015-05-26,0.21
2015-05-27,0.26
2015-05-28,0.25
2015-05-29,0.25
2015-06-01,0.25
2015-06-02,0.25
2015-06-03,0.25
2015-06-04,0.26
2015-06-05,0.27
2015-06-08,0.25
2015-06-09,0.25
2015-06-10,0.26
2015-06-11,0.26
2015-06-12,0.26
2015-06-15,0.25
2015-06-16,0.25
2015-06-17,0.24
2015-06-18,0.23
2015-06-19,0.22
2015-06-22,0.24
2015-06-23,0.29
2015-06-24,0.29
2015-06-25,0.28
2015-06-26,0.28
2015-06-29,0.26
2015-06-30,0.27
2015-07-01,0.27
2015-07-02,0.25
2015-07-06,0.24
2015-07-07,0.23
2015-07-08,0.22
2015-07-09,0.23
2015-07-10,0.26
2015-07-13,0.25
2015-07-14,0.24
2015-07-15,0.25
2015-07-16,0.26
2015-07-17,0.26
2015-07-20,0.28
2015-07-21,0.33
2015-07-22,0.33
2015-07-23,0.32
2015-07-24,0.31
2015-07-27,0.31
2015-07-28,0.31
2015-07-29,0.32
2015-07-30,0.34
2015-07-31,0.31
2015-08-03,0.31
2015-08-04,0.35
2015-08-05,0.36
2015-08-06,0.33
2015-08-07,0.36
2015-08-10,0.37
2015-08-11,0.35
2015-08-12,0.35
2015-08-13,0.37
2015-08-14,0.38
2015-08-17,0.37
2015-08-18,0.41
2015-08-19,0.38
2015-08-20,0.38
2015-08-21,0.35
2015-08-24,0.32
2015-08-25,0.35
2015-08-26,0.34
2015-08-27,0.35
2015-08-28,0.36
2015-08-31,0.37
2015-09-01,0.37
2015-09-02,0.35
2015-09-03,0.34
2015-09-04,0.34
2015-09-08,0.36
2015-09-09,0.36
2015-09-10,0.36
2015-09-11,0.37
2015-09-14,0.37
2015-09-15,0.46
2015-09-16,0.45
2015-09-17,0.38
2015-09-18,0.34
2015-09-21,0.35
2015-09-22,0.34
2015-09-23,0.33
2015-09-24,0.31
2015-09-25,0.33
2015-09-28,0.32
2015-09-29,0.31
2015-09-30,0.31
2015-10-01,0.29
2015-10-02,0.23
2015-10-05,0.24
2015-10-06,0.23
2015-10-07,0.24
2015-10-08,0.24
2015-10-09,0.25
2015-10-13,0.24
2015-10-14,0.21
2015-10-15,0.21
2015-10-16,0.22
2015-10-19,0.22
2015-10-20,0.22
2015-10-21,0.22
2015-10-22,0.22
2015-10-23,0.23
2015-10-26,0.23
2015-10-27,0.27
2015-10-28,0.31
2015-10-29,0.31
2015-10-30,0.32
2015-11-02,0.34
2015-11-03,0.36
2015-11-04,0.37
2015-11-05,0.39
2015-11-06,0.43
2015-11-09,0.43
2015-11-10,0.5
2015-11-12,0.5
2015-11-13,0.49
2015-11-16,0.48
2015-11-17,0.48
2015-11-18,0.47
2015-11-19,0.47
2015-11-20,0.47
2015-11-23,0.48
2015-11-24,0.49
2015-11-25,0.49
2015-11-27,0.47
2015-11-30,0.48
2015-12-01,0.48
2015-12-02,0.49
2015-12-03,0.54
2015-12-04,0.57
2015-12-07,0.64
2015-12-08,0.74
2015-12-09,0.7
2015-12-10,0.69
2015-12-11,0.66
2015-12-14,0.66
2015-12-15,0.67
2015-12-16,0.68
2015-12-17,0.67
2015-12-18,0.65
2015-12-21,0.62
2015-12-22,0.63
2015-12-23,0.62
2015-12-24,0.61
2015-12-28,0.63
2015-12-29,0.63
2015-12-30,0.6
2015-12-31,0.61
2016-01-04,0.57
2016-01-05,0.67
2016-01-06,0.65
2016-01-07,0.64
2016-01-08,0.62
2016-01-11,0.61
2016-01-12,0.6
2016-01-13,0.58
2016-01-14,0.53
2016-01-15,0.47
2016-01-19,0.46
2016-01-20,0.41
2016-01-21,0.42
2016-01-22,0.45
2016-01-25,0.44
2016-01-26,0.45
2016-01-27,0.44
2016-01-28,0.45
2016-01-29,0.44
2016-02-01,0.46
2016-02-02,0.53
2016-02-03,0.53
2016-02-04,0.51
2016-02-05,0.54
2016-02-08,0.5
2016-02-09,0.51
2016-02-10,0.51
2016-02-11,0.46
2016-02-12,0.49
2016-02-16,0.49
2016-02-17,0.51
2016-02-18,0.51
2016-02-19,0.51
2016-02-22,0.53
2016-02-23,0.53
2016-02-24,0.53
2016-02-25,0.54
2016-02-26,0.57
2016-02-29,0.6
2016-03-01,0.67
2016-03-02,0.66
2016-03-03,0.64
2016-03-04,0.66
2016-03-07,0.65
2016-03-08,0.66
2016-03-09,0.66
2016-03-10,0.67
2016-03-11,0.68
2016-03-14,0.68
2016-03-15,0.69
2016-03-16,0.64
2016-03-17,0.62
2016-03-18,0.6
2016-03-21,0.6
2016-03-22,0.61
2016-03-23,0.61
2016-03-24,0.6
2016-03-28,0.62
2016-03-29,0.62
2016-03-30,0.6
2016-03-31,0.58
2016-04-01,0.61
2016-04-04,0.58
2016-04-05,0.55
2016-04-06,0.54
2016-04-07,0.51
2016-04-08,0.52
2016-04-11,0.51
2016-04-12,0.52
2016-04-13,0.53
2016-04-14,0.53
2016-04-15,0.51
2016-04-18,0.5
2016-04-19,0.51
2016-04-20,0.51
2016-04-21,0.53
2016-04-22,0.53
2016-04-25,0.54
2016-04-26,0.6
2016-04-27,0.57
2016-04-28,0.55
2016-04-29,0.55
2016-05-02,0.54
2016-05-03,0.52
2016-05-04,0.51
2016-05-05,0.5
2016-05-06,0.5
2016-05-09,0.49
2016-05-10,0.5
2016-05-11,0.51
2016-05-12,0.52
2016-05-13,0.53
2016-05-16,0.54
2016-05-17,0.55
2016-05-18,0.6
2016-05-19,0.61
2016-05-20,0.64
2016-05-23,0.65
2016-05-24,0.68
2016-05-25,0.66
2016-05-26,0.64
2016-05-27,0.67
2016-05-31,0.66
2016-06-01,0.68
2016-06-02,0.66
2016-06-03,0.58
2016-06-06,0.58
2016-06-07,0.57
2016-06-08,0.58
2016-06-09,0.57
2016-06-10,0.55
2016-06-13,0.53
2016-06-14,0.53
2016-06-15,0.5
2016-06-16,0.5
2016-06-17,0.49
2016-06-20,0.54
2016-06-21,0.56
2016-06-22,0.55
2016-06-23,0.57
2016-06-24,0.47
2016-06-27,0.44
2016-06-28,0.44
2016-06-29,0.45
2016-06-30,0.44
2016-07-01,0.44
2016-07-05,0.43
2016-07-06,0.45
2016-07-07,0.46
2016-07-08,0.46
2016-07-11,0.48
2016-07-12,0.5
2016-07-13,0.49
2016-07-14,0.51
2016-07-15,0.5
2016-07-18,0.5
2016-07-19,0.55
2016-07-20,0.55
2016-07-21,0.53
2016-07-22,0.54
2016-07-25,0.54
2016-07-26,0.54
2016-07-27,0.52
2016-07-28,0.52
2016-07-29,0.49
2016-08-01,0.49
2016-08-02,0.49
2016-08-03,0.51
2016-08-04,0.5
2016-08-05,0.54
2016-08-08,0.55
2016-08-09,0.53
2016-08-10,0.53
2016-08-11,0.53
2016-08-12,0.54
2016-08-15,0.54
2016-08-16,0.56
2016-08-17,0.57
2016-08-18,0.57
2016-08-19,0.58
2016-08-22,0.57
2016-08-23,0.57
2016-08-24,0.58
2016-08-25,0.58
2016-08-26,0.6
2016-08-29,0.6
2016-08-30,0.59
2016-08-31,0.59
2016-09-01,0.58
2016-09-02,0.57
2016-09-06,0.54
2016-09-07,0.55
2016-09-08,0.55
2016-09-09,0.56
2016-09-12,0.55
2016-09-13,0.62
2016-09-14,0.61
2016-09-15,0.59
2016-09-16,0.6
2016-09-19,0.59
2016-09-20,0.6
2016-09-21,0.6
2016-09-22,0.58
2016-09-23,0.58
2016-09-26,0.56
2016-09-27,0.56
2016-09-28,0.58
2016-09-29,0.57
2016-09-30,0.57
2016-10-03,0.61
2016-10-04,0.62
2016-10-05,0.62
2016-10-06,0.62
2016-10-07,0.63
2016-10-11,0.68
2016-10-12,0.67
2016-10-13,0.65
2016-10-14,0.65
2016-10-17,0.64
2016-10-18,0.64
2016-10-19,0.63
2016-10-20,0.64
2016-10-21,0.64
2016-10-24,0.64
2016-10-25,0.64
2016-10-26,0.65
2016-10-27,0.66
2016-10-28,0.64
2016-10-31,0.64
2016-11-01,0.63
2016-11-02,0.62
2016-11-03,0.62
2016-11-04,0.6
2016-11-07,0.61
2016-11-08,0.7
2016-11-09,0.71
2016-11-10,0.71
2016-11-14,0.75
2016-11-15,0.76
2016-11-16,0.74
2016-11-17,0.75
2016-11-18,0.75
2016-11-21,0.75
2016-11-22,0.75
2016-11-23,0.77
2016-11-25,0.78
2016-11-28,0.76
2016-11-29,0.75
2016-11-30,0.77
2016-12-01,0.78
2016-12-02,0.76
2016-12-05,0.78
2016-12-06,0.81
2016-12-07,0.83
2016-12-08,0.82
2016-12-09,0.83
2016-12-12,0.83
2016-12-13,0.86
2016-12-14,0.89
2016-12-15,0.88
2016-12-16,0.88
2016-12-19,0.87
2016-12-20,0.87
2016-12-21,0.85
2016-12-22,0.84
2016-12-23,0.84
2016-12-27,0.85
2016-12-28,0.86
2016-12-29,0.81
2016-12-30,0.81
2017-01-03,0.87
2017-01-04,0.85
2017-01-05,0.81
2017-01-06,0.83
2017-01-09,0.8
2017-01-10,0.8
2017-01-11,0.8
2017-01-12,0.79
2017-01-13,0.79
2017-01-17,0.77
2017-01-18,0.79
2017-01-19,0.8
2017-01-20,0.79
2017-01-23,0.76
2017-01-24,0.77
2017-01-25,0.78
2017-01-26,0.78
2017-01-27,0.78
2017-01-30,0.77
2017-01-31,0.82
2017-02-01,0.81
2017-02-02,0.82
2017-02-03,0.8
2017-02-06,0.77
2017-02-07,0.78
2017-02-08,0.77
2017-02-09,0.78
2017-02-10,0.79
2017-02-13,0.79
2017-02-14,0.81
2017-02-15,0.83
2017-02-16,0.79
2017-02-17,0.79
2017-02-21,0.79
2017-02-22,0.78
2017-02-23,0.77
2017-02-24,0.77
2017-02-27,0.77
2017-02-28,0.86
2017-03-01,0.9
2017-03-02,0.96
2017-03-03,0.96
2017-03-06,0.95
2017-03-07,0.99
2017-03-08,1.0
2017-03-09,1.01
2017-03-10,1.0
2017-03-13,1.03
2017-03-14,1.03
2017-03-15,0.99
2017-03-16,0.98
2017-03-17,0.97
2017-03-20,0.97
2017-03-21,0.97
2017-03-22,0.95
2017-03-23,0.95
2017-03-24,0.96
2017-03-27,0.96
2017-03-28,1.01
2017-03-29,1.02
2017-03-30,1.01
2017-03-31,1.01
2017-04-03,1.0
2017-04-04,1.0
2017-04-05,1.0
2017-04-06,1.02
2017-04-07,1.05
2017-04-10,1.04
2017-04-11,1.02
2017-04-12,1.01
2017-04-13,1.0
2017-04-17,1.01
2017-04-18,0.99
2017-04-19,0.99
2017-04-20,0.98
2017-04-21,0.96
2017-04-24,0.99
2017-04-25,1.07
2017-04-26,1.05
2017-04-27,1.04
2017-04-28,1.05
2017-05-01,1.06
2017-05-02,1.05
2017-05-03,1.07
2017-05-04,1.08
2017-05-05,1.07
2017-05-08,1.09
2017-05-09,1.11
2017-05-10,1.1
2017-05-11,1.1
2017-05-12,1.08
2017-05-15,1.08
2017-05-16,1.08
2017-05-17,1.05
2017-05-18,1.06
2017-05-19,1.07
2017-05-22,1.08
2017-05-23,1.12
2017-05-24,1.15
2017-05-25,1.13
2017-05-26,1.14
2017-05-30,1.13
2017-05-31,1.14
2017-06-01,1.13
2017-06-02,1.13
2017-06-05,1.13
2017-06-06,1.13
2017-06-07,1.14
2017-06-08,1.16
2017-06-09,1.17
2017-06-12,1.16
2017-06-13,1.18
2017-06-14,1.17
2017-06-15,1.18
2017-06-16,1.18
2017-06-19,1.18
2017-06-20,1.19
2017-06-21,1.19
2017-06-22,1.19
2017-06-23,1.18
2017-06-26,1.17
2017-06-27,1.19
2017-06-28,1.18
2017-06-29,1.2
2017-06-30,1.21
2017-07-03,1.21
2017-07-05,1.21
2017-07-06,1.2
2017-07-07,1.19
2017-07-10,1.19
2017-07-11,1.17
2017-07-12,1.18
2017-07-13,1.19
2017-07-14,1.18
2017-07-17,1.18
2017-07-18,1.16
2017-07-19,1.2
2017-07-20,1.19
2017-07-21,1.19
2017-07-24,1.2
2017-07-25,1.21
2017-07-26,1.2
2017-07-27,1.19
2017-07-28,1.19
2017-07-31,1.2
2017-08-01,1.19
2017-08-02,1.21
2017-08-03,1.19
2017-08-04,1.2
2017-08-07,1.19
2017-08-08,1.21
2017-08-09,1.18
2017-08-10,1.19
2017-08-11,1.18
2017-08-14,1.19
2017-08-15,1.2
2017-08-16,1.21
2017-08-17,1.21
2017-08-18,1.21
2017-08-21,1.2
2017-08-22,1.21
2017-08-23,1.19
2017-08-24,1.2
2017-08-25,1.2
2017-08-28,1.21
2017-08-29,1.2
2017-08-30,1.2
2017-08-31,1.2
2017-09-01,1.21
2017-09-05,1.2
2017-09-06,1.21
2017-09-07,1.18
2017-09-08,1.19
2017-09-11,1.21
2017-09-12,1.24
2017-09-13,1.24
2017-09-14,1.25
2017-09-15,1.27
2017-09-18,1.27
2017-09-19,1.28
2017-09-20,1.29
2017-09-21,1.28
2017-09-22,1.27
2017-09-25,1.27
2017-09-26,1.28
2017-09-27,1.29
2017-09-28,1.27
2017-09-29,1.27
2017-10-02,1.27
2017-10-03,1.28
2017-10-04,1.29
2017-10-05,1.31
2017-10-06,1.31
2017-10-10,1.39
2017-10-11,1.37
2017-10-12,1.38
2017-10-13,1.36
2017-10-16,1.38
2017-10-17,1.37
2017-10-18,1.38
2017-10-19,1.37
2017-10-20,1.39
2017-10-23,1.38
2017-10-24,1.39
2017-10-25,1.39
2017-10-26,1.39
2017-10-27,1.38
2017-10-30,1.38
2017-10-31,1.39
2017-11-01,1.42
2017-11-02,1.41
2017-11-03,1.44
2017-11-06,1.45
2017-11-07,1.45
2017-11-08,1.49
2017-11-09,1.49
2017-11-10,1.5
2017-11-13,1.51
2017-11-14,1.51
2017-11-15,1.51
2017-11-16,1.55
2017-11-17,1.56
2017-11-20,1.57
2017-11-21,1.57
2017-11-22,1.56
2017-11-24,1.56
2017-11-27,1.57
2017-11-28,1.56
2017-11-29,1.56
2017-11-30,1.57
2017-12-01,1.57
2017-12-04,1.61
2017-12-05,1.6
2017-12-06,1.64
2017-12-07,1.63
2017-12-08,1.61
2017-12-11,1.64
2017-12-12,1.65
2017-12-13,1.63
2017-12-14,1.65
2017-12-15,1.66
2017-12-18,1.65
2017-12-19,1.66
2017-12-20,1.67
2017-12-21,1.68
2017-12-22,1.68
2017-12-26,1.69
2017-12-27,1.69
2017-12-28,1.7
2017-12-29,1.7
2018-01-02,1.78
2018-01-03,1.76
2018-01-04,1.77
2018-01-05,1.75
2018-01-08,1.74
2018-01-09,1.73
2018-01-10,1.73
2018-01-11,1.72
2018-01-12,1.73
2018-01-16,1.73
2018-01-17,1.73
2018-01-18,1.73
2018-01-19,1.73
2018-01-22,1.73
2018-01-23,1.72
2018-01-24,1.73
2018-01-25,1.74
2018-01-26,1.73
2018-01-29,1.73
2018-01-30,1.83
2018-01-31,1.85
2018-02-01,1.84
2018-02-02,1.83
2018-02-05,1.8
2018-02-06,1.82
2018-02-07,1.85
2018-02-08,1.85
2018-02-09,1.83
2018-02-12,1.87
2018-02-13,1.89
2018-02-14,1.92
2018-02-15,1.93
2018-02-16,1.94
2018-02-20,1.94
2018-02-21,1.96
2018-02-22,1.95
2018-02-23,1.95
2018-02-26,1.96
2018-02-27,2.02
2018-02-28,2.01
2018-03-01,1.99
2018-03-02,2.0
2018-03-05,2.0
2018-03-06,2.0
2018-03-07,1.99
2018-03-08,1.99
2018-03-09,1.97
2018-03-12,1.98
2018-03-13,1.97
2018-03-14,1.98
2018-03-15,2.0
2018-03-16,2.01
2018-03-19,2.01
2018-03-20,2.01
2018-03-21,1.99
2018-03-22,1.98
2018-03-23,1.97
2018-03-26,1.99
2018-03-27,2.04
2018-03-28,2.06
2018-03-29,2.03
2018-04-02,2.02
2018-04-03,2.03
2018-04-04,2.01
2018-04-05,2.01
2018-04-06,2.0
2018-04-09,2.01
2018-04-10,2.02
2018-04-11,2.02
2018-04-12,2.04
2018-04-13,2.05
2018-04-16,2.05
2018-04-17,2.08
2018-04-18,2.09
2018-04-19,2.13
2018-04-20,2.14
2018-04-23,2.16
2018-04-24,2.18
2018-04-25,2.19
2018-04-26,2.18
2018-04-27,2.17
2018-04-30,2.17
2018-05-01,2.19
2018-05-02,2.17
2018-05-03,2.17
2018-05-04,2.17
2018-05-07,2.17
2018-05-08,2.18
2018-05-09,2.19
2018-05-10,2.19
2018-05-11,2.2
2018-05-14,2.2
2018-05-15,2.22
2018-05-16,2.23
2018-05-17,2.23
2018-05-18,2.23
2018-05-21,2.26
2018-05-22,2.27
2018-05-23,2.22
2018-05-24,2.21
2018-05-25,2.2
2018-05-29,2.1
2018-05-30,2.16
2018-05-31,2.16
2018-06-01,2.21
2018-06-04,2.22
2018-06-05,2.24
2018-06-06,2.24
2018-06-07,2.23
2018-06-08,2.22
2018-06-11,2.24
2018-06-12,2.23
2018-06-13,2.26
2018-06-14,2.25
2018-06-15,2.25
2018-06-18,2.26
2018-06-19,2.27
2018-06-20,2.29
2018-06-21,2.27
2018-06-22,2.26
2018-06-25,2.27
2018-06-26,2.26
2018-06-27,2.25
2018-06-28,2.25
2018-06-29,2.25
2018-07-02,2.26
2018-07-03,2.25
2018-07-05,2.24
2018-07-06,2.26
2018-07-09,2.26
2018-07-10,2.27
2018-07-11,2.27
2018-07-12,2.3
2018-07-13,2.28
2018-07-16,2.3
2018-07-17,2.32
2018-07-18,2.35
2018-07-19,2.32
2018-07-20,2.33
2018-07-23,2.34
2018-07-24,2.34
2018-07-25,2.34
2018-07-26,2.33
2018-07-27,2.35
2018-07-30,2.35
2018-07-31,2.35
2018-08-01,2.36
2018-08-02,2.36
2018-08-03,2.35
2018-08-06,2.35
2018-08-07,2.36
2018-08-08,2.35
2018-08-09,2.35
2018-08-10,2.33
2018-08-13,2.33
2018-08-14,2.36
2018-08-15,2.37
2018-08-16,2.37
2018-08-17,2.36
2018-08-20,2.35
2018-08-21,2.37
2018-08-22,2.35
2018-08-23,2.35
2018-08-24,2.36
2018-08-27,2.38
2018-08-28,2.38
2018-08-29,2.39
2018-08-30,2.38
2018-08-31,2.38
2018-09-04,2.4
2018-09-05,2.4
2018-09-06,2.41
2018-09-07,2.43
2018-09-10,2.44
2018-09-11,2.47
2018-09-12,2.48
2018-09-13,2.47
2018-09-14,2.48
2018-09-17,2.48
2018-09-18,2.49
2018-09-19,2.49
2018-09-20,2.49
2018-09-21,2.49
2018-09-24,2.51
2018-09-25,2.5
2018-09-26,2.49
2018-09-27,2.49
2018-09-28,2.49
2018-10-01,2.5
2018-10-02,2.51
2018-10-03,2.52
2018-10-04,2.53
2018-10-05,2.54
2018-10-09,2.56
2018-10-10,2.58
2018-10-11,2.57
2018-10-12,2.57
2018-10-15,2.58
2018-10-16,2.57
2018-10-17,2.57
2018-10-18,2.58
2018-10-19,2.58
2018-10-22,2.58
2018-10-23,2.57
2018-10-24,2.55
2018-10-25,2.56
2018-10-26,2.54
2018-10-29,2.55
2018-10-30,2.56
2018-10-31,2.59
2018-11-01,2.57
2018-11-02,2.6
2018-11-05,2.6
2018-11-06,2.63
2018-11-07,2.65
2018-11-08,2.65
2018-11-09,2.64
2018-11-13,2.63
2018-11-14,2.62
2018-11-15,2.61
2018-11-16,2.59
2018-11-19,2.57
2018-11-20,2.58
2018-11-21,2.58
2018-11-23,2.58
2018-11-26,2.6
2018-11-27,2.6
2018-11-28,2.59
2018-11-29,2.59
2018-11-30,2.6
2018-12-03,2.62
2018-12-04,2.62
2018-12-06,2.61
2018-12-07,2.59
2018-12-10,2.6
2018-12-11,2.61
2018-12-12,2.61
2018-12-13,2.6
2018-12-14,2.59
2018-12-17,2.57
2018-12-18,2.55
2018-12-19,2.54
2018-12-20,2.55
2018-12-21,2.54
2018-12-24,2.53
2018-12-26,2.53
2018-12-27,2.5
2018-12-28,2.51
2018-12-31,2.54
2019-01-02,2.52
2019-01-03,2.42
2019-01-04,2.49
2019-01-07,2.5
2019-01-08,2.52
2019-01-09,2.51
2019-01-10,2.51
2019-01-11,2.5
2019-01-14,2.49
2019-01-15,2.49
2019-01-16,2.49
2019-01-17,2.49
2019-01-18,2.52
2019-01-22,2.51
2019-01-23,2.51
2019-01-24,2.5
2019-01-25,2.52
2019-01-28,2.52
2019-01-29,2.52
2019-01-30,2.49
2019-01-31,2.47
2019-02-01,2.48
2019-02-04,2.49
2019-02-05,2.48
2019-02-06,2.48
2019-02-07,2.47
2019-02-08,2.46
2019-02-11,2.47
2019-02-12,2.47
2019-02-13,2.47
2019-02-14,2.45
2019-02-15,2.47
2019-02-19,2.46
2019-02-20,2.46
2019-02-21,2.47
2019-02-22,2.47
2019-02-25,2.48
2019-02-26,2.47
2019-02-27,2.46
2019-02-28,2.46
2019-03-01,2.47
2019-03-04,2.46
2019-03-05,2.46
2019-03-06,2.46
2019-03-07,2.44
2019-03-08,2.45
2019-03-11,2.45
2019-03-12,2.44
2019-03-13,2.45
2019-03-14,2.44
2019-03-15,2.44
2019-03-18,2.44
2019-03-19,2.42
2019-03-20,2.4
2019-03-21,2.41
2019-03-22,2.38
2019-03-25,2.35
2019-03-26,2.36
2019-03-27,2.32
2019-03-28,2.32
2019-03-29,2.32
2019-04-01,2.33
2019-04-02,2.33
2019-04-03,2.33
2019-04-04,2.33
2019-04-05,2.35
2019-04-08,2.35
2019-04-09,2.34
2019-04-10,2.33
2019-04-11,2.36
2019-04-12,2.36
2019-04-15,2.35
2019-04-16,2.37
2019-04-17,2.36
2019-04-18,2.36
2019-04-22,2.38
2019-04-23,2.35
2019-04-24,2.34
2019-04-25,2.34
2019-04-26,2.33
2019-04-29,2.34
2019-04-30,2.31
2019-05-01,2.31
2019-05-02,2.33
2019-05-03,2.33
2019-05-06,2.31
2019-05-07,2.3
2019-05-08,2.3
2019-05-09,2.29
2019-05-10,2.29
2019-05-13,2.25
2019-05-14,2.25
2019-05-15,2.24
2019-05-16,2.26
2019-05-17,2.26
2019-05-20,2.27
2019-05-21,2.28
2019-05-22,2.29
2019-05-23,2.24
2019-05-24,2.25
2019-05-28,2.24
2019-05-29,2.23
2019-05-30,2.22
2019-05-31,2.15
2019-06-03,2.06
2019-06-04,2.06
2019-06-05,1.99
2019-06-06,1.97
2019-06-07,1.92
2019-06-10,1.98
2019-06-11,2.0
2019-06-12,1.97
2019-06-13,1.95
2019-06-14,1.95
2019-06-17,1.99
2019-06-18,1.98
2019-06-19,1.9
2019-06-20,1.85
2019-06-21,1.89
2019-06-24,1.87
2019-06-25,1.88
2019-06-26,1.91
2019-06-27,1.88
2019-06-28,1.87
2019-07-01,1.89
2019-07-02,1.86
2019-07-03,1.86
2019-07-05,1.93
2019-07-08,1.94
2019-07-09,1.95
2019-07-10,1.88
2019-07-11,1.92
2019-07-12,1.91
2019-07-15,1.9
2019-07-16,1.94
2019-07-17,1.89
2019-07-18,1.84
2019-07-19,1.88
2019-07-22,1.89
2019-07-23,1.91
2019-07-24,1.92
2019-07-25,1.93
2019-07-26,1.94
2019-07-29,1.93
2019-07-30,1.92
2019-07-31,1.94
2019-08-01,1.83
2019-08-02,1.81
2019-08-05,1.74
2019-08-06,1.76
2019-08-07,1.72
2019-08-08,1.75
2019-08-09,1.74
2019-08-12,1.72
2019-08-13,1.8
2019-08-14,1.74
2019-08-15,1.67
2019-08-16,1.66
2019-08-19,1.7
2019-08-20,1.68
2019-08-21,1.72
2019-08-22,1.74
2019-08-23,1.69
2019-08-26,1.71
2019-08-27,1.73
2019-08-28,1.7
2019-08-29,1.71
2019-08-30,1.72
2019-09-03,1.69
2019-09-04,1.66
2019-09-05,1.7
2019-09-06,1.7
2019-09-09,1.71
2019-09-10,1.76
2019-09-11,1.74
2019-09-12,1.77
2019-09-13,1.82
2019-09-16,1.81
2019-09-17,1.82
2019-09-18,1.82
2019-09-19,1.83
2019-09-20,1.79
2019-09-23,1.76
2019-09-24,1.74
2019-09-25,1.77
2019-09-26,1.74
2019-09-27,1.7
2019-09-30,1.71
2019-10-01,1.69
2019-10-02,1.63
2019-10-03,1.55
2019-10-04,1.55
2019-10-07,1.61
2019-10-08,1.57
2019-10-09,1.55
2019-10-10,1.58
2019-10-11,1.62
2019-10-15,1.6
2019-10-16,1.55
2019-10-17,1.55
2019-10-18,1.54
2019-10-21,1.55
2019-10-22,1.55
2019-10-23,1.54
2019-10-24,1.55
2019-10-25,1.56
2019-10-28,1.56
2019-10-29,1.55
2019-10-30,1.55
2019-10-31,1.49
2019-11-01,1.49
2019-11-04,1.52
2019-11-05,1.57
2019-11-06,1.54
2019-11-07,1.54
2019-11-08,1.54
2019-11-12,1.54
2019-11-13,1.53
2019-11-14,1.51
2019-11-15,1.5
2019-11-18,1.5
2019-11-19,1.5
2019-11-20,1.5
2019-11-21,1.51
2019-11-22,1.52
2019-11-25,1.54
2019-11-26,1.55
2019-11-27,1.56
2019-11-29,1.56
2019-12-02,1.56
2019-12-03,1.53
2019-12-04,1.52
2019-12-05,1.52
2019-12-06,1.53
2019-12-09,1.52
2019-12-10,1.52
2019-12-11,1.51
2019-12-12,1.51
2019-12-13,1.49
2019-12-16,1.5
2019-12-17,1.49
2019-12-18,1.5
2019-12-19,1.48
2019-12-20,1.48
2019-12-23,1.49
2019-12-24,1.49
2019-12-26,1.49
2019-12-27,1.47
2019-12-30,1.53
2019-12-31,1.55
2020-01-02,1.52
2020-01-03,1.51
2020-01-06,1.5
2020-01-07,1.49
2020-01-08,1.51
2020-01-09,1.5
2020-01-10,1.49
2020-01-13,1.49
2020-01-14,1.49
2020-01-15,1.5
2020-01-16,1.5
2020-01-17,1.52
2020-01-21,1.5
2020-01-22,1.51
2020-01-23,1.51
2020-01-24,1.51
2020-01-27,1.5
2020-01-28,1.49
2020-01-29,1.47
2020-01-30,1.44
2020-01-31,1.41
2020-02-03,1.42
2020-02-04,1.44
2020-02-05,1.45
2020-02-06,1.47
2020-02-07,1.45
2020-02-10,1.42
2020-02-11,1.44
2020-02-12,1.45
2020-02-13,1.45
2020-02-14,1.45
2020-02-18,1.44
2020-02-19,1.44
2020-02-20,1.43
2020-02-21,1.4
2020-02-24,1.33
2020-02-25,1.27
2020-02-26,1.23
2020-02-27,1.15
2020-02-28,0.95
2020-03-02,0.87
2020-03-03,0.71
2020-03-04,0.58
2020-03-05,0.47
2020-03-06,0.38
2020-03-09,0.3
2020-03-10,0.42
2020-03-11,0.39
2020-03-12,0.38
2020-03-13,0.37
2020-03-16,0.28
2020-03-17,0.29
2020-03-18,0.19
2020-03-19,0.18
2020-03-20,0.13
2020-03-23,0.16
2020-03-24,0.25
2020-03-25,0.19
2020-03-26,0.13
2020-03-27,0.11
2020-03-30,0.14
2020-03-31,0.17
2020-04-01,0.16
2020-04-02,0.14
2020-04-03,0.15
2020-04-06,0.19
2020-04-07,0.19
2020-04-08,0.23
2020-04-09,0.25
2020-04-13,0.27
2020-04-14,0.25
2020-04-15,0.19
2020-04-16,0.17
2020-04-17,0.16
2020-04-20,0.15
2020-04-21,0.17
2020-04-22,0.16
2020-04-23,0.17
2020-04-24,0.18
2020-04-27,0.17
2020-04-28,0.16
2020-04-29,0.18
2020-04-30,0.16
2020-05-01,0.17
2020-05-04,0.16
2020-05-05,0.16
2020-05-06,0.16
2020-05-07,0.15
2020-05-08,0.15
2020-05-11,0.16
2020-05-12,0.16
2020-05-13,0.15
2020-05-14,0.15
2020-05-15,0.15
2020-05-18,0.17
2020-05-19,0.16
2020-05-20,0.16
2020-05-21,0.16
2020-05-22,0.17
2020-05-26,0.17
2020-05-27,0.18
2020-05-28,0.17
2020-05-29,0.17
2020-06-01,0.17
2020-06-02,0.17
2020-06-03,0.17
2020-06-04,0.17
2020-06-05,0.18
2020-06-08,0.19
2020-06-09,0.19
2020-06-10,0.18
2020-06-11,0.19
2020-06-12,0.18
2020-06-15,0.17
2020-06-16,0.18
2020-06-17,0.19
2020-06-18,0.19
2020-06-19,0.18
2020-06-22,0.17
2020-06-23,0.18
2020-06-24,0.17
2020-06-25,0.17
2020-06-26,0.17
2020-06-29,0.16
2020-06-30,0.16
2020-07-01,0.16
2020-07-02,0.16
2020-07-06,0.16
2020-07-07,0.15
2020-07-08,0.15
2020-07-09,0.15
2020-07-10,0.15
2020-07-13,0.16
2020-07-14,0.17
2020-07-15,0.15
2020-07-16,0.14
2020-07-17,0.14
2020-07-20,0.14
2020-07-21,0.15
2020-07-22,0.14
2020-07-23,0.14
2020-07-24,0.16
2020-07-27,0.14
2020-07-28,0.14
2020-07-29,0.13
2020-07-30,0.11
2020-07-31,0.11
2020-08-03,0.12
2020-08-04,0.14
2020-08-05,0.12
2020-08-06,0.14
2020-08-07,0.14
2020-08-10,0.13
2020-08-11,0.15
2020-08-12,0.13
2020-08-13,0.14
2020-08-14,0.13
2020-08-17,0.13
2020-08-18,0.13
2020-08-19,0.13
2020-08-20,0.12
2020-08-21,0.13
2020-08-24,0.14
2020-08-25,0.13
2020-08-26,0.12
2020-08-27,0.13
2020-08-28,0.12
2020-08-31,0.12
2020-09-01,0.12
2020-09-02,0.13
2020-09-03,0.12
2020-09-04,0.13
2020-09-08,0.15
2020-09-09,0.14
2020-09-10,0.15
2020-09-11,0.13
2020-09-14,0.14
2020-09-15,0.13
2020-09-16,0.12
2020-09-17,0.12
2020-09-18,0.13
2020-09-21,0.12
2020-09-22,0.12
2020-09-23,0.13
2020-09-24,0.12
2020-09-25,0.12
2020-09-28,0.12
2020-09-29,0.12
2020-09-30,0.12
2020-10-01,0.12
2020-10-02,0.12
2020-10-05,0.12
2020-10-06,0.14
2020-10-07,0.13
2020-10-08,0.13
2020-10-09,0.15
2020-10-13,0.13
2020-10-14,0.13
2020-10-15,0.12
2020-10-16,0.12
2020-10-19,0.13
2020-10-20,0.13
2020-10-21,0.13
2020-10-22,0.13
2020-10-23,0.12
2020-10-26,0.12
2020-10-27,0.12
2020-10-28,0.12
2020-10-29,0.12
2020-10-30,0.13
2020-11-02,0.13
2020-11-03,0.14
2020-11-04,0.12
2020-11-05,0.12
2020-11-06,0.12
2020-11-09,0.12
2020-11-10,0.12
2020-11-12,0.13
2020-11-13,0.12
2020-11-16,0.12
2020-11-17,0.12
2020-11-18,0.11
2020-11-19,0.11
2020-11-20,0.11
2020-11-23,0.1
2020-11-24,0.11
2020-11-25,0.11
2020-11-27,0.11
2020-11-30,0.11
2020-12-01,0.12
2020-12-02,0.11
2020-12-03,0.1
2020-12-04,0.11
2020-12-07,0.1
2020-12-08,0.1
2020-12-09,0.1
2020-12-10,0.1
2020-12-11,0.1
2020-12-14,0.1
2020-12-15,0.09
2020-12-16,0.09
2020-12-17,0.09
2020-12-18,0.09
2020-12-21,0.09
2020-12-22,0.09
2020-12-23,0.09
2020-12-24,0.1
2020-12-28,0.11
2020-12-29,0.11
2020-12-30,0.12
2020-12-31,0.1
2021-01-04,0.1
2021-01-05,0.1
2021-01-06,0.11
2021-01-07,0.11
2021-01-08,0.1
2021-01-11,0.1
2021-01-12,0.11
2021-01-13,0.12
2021-01-14,0.1
2021-01-15,0.1
2021-01-19,0.1
2021-01-20,0.1
2021-01-21,0.1
2021-01-22,0.1
2021-01-25,0.1
2021-01-26,0.09
2021-01-27,0.09
2021-01-28,0.08
2021-01-29,0.1
2021-02-01,0.08
2021-02-02,0.08
2021-02-03,0.08
2021-02-04,0.07
2021-02-05,0.06
2021-02-08,0.07
2021-02-09,0.07
2021-02-10,0.07
2021-02-11,0.07
2021-02-12,0.06
2021-02-16,0.08
2021-02-17,0.07
2021-02-18,0.06
2021-02-19,0.07
2021-02-22,0.06
2021-02-23,0.08
2021-02-24,0.08
2021-02-25,0.09
2021-02-26,0.08
2021-03-01,0.08
2021-03-02,0.08
2021-03-03,0.08
2021-03-04,0.08
2021-03-05,0.08
2021-03-08,0.09
2021-03-09,0.1
2021-03-10,0.08
2021-03-11,0.08
2021-03-12,0.09
2021-03-15,0.08
2021-03-16,0.07
2021-03-17,0.07
2021-03-18,0.07
2021-03-19,0.06
2021-03-22,0.06
2021-03-23,0.08
2021-03-24,0.07
2021-03-25,0.07
2021-03-26,0.06
2021-03-29,0.06
2021-03-30,0.06
2021-03-31,0.07
2021-04-01,0.06
2021-04-02,0.07
2021-04-05,0.06
2021-04-06,0.06
2021-04-07,0.06
2021-04-08,0.05
2021-04-09,0.06
2021-04-12,0.06
2021-04-13,0.06
2021-04-14,0.06
2021-04-15,0.06
2021-04-16,0.06
2021-04-19,0.07
2021-04-20,0.07
2021-04-21,0.07
2021-04-22,0.06
2021-04-23,0.07
2021-04-26,0.06
2021-04-27,0.06
2021-04-28,0.05
2021-04-29,0.05
2021-04-30,0.05
2021-05-03,0.06
2021-05-04,0.06
2021-05-05,0.06
2021-05-06,0.05
2021-05-07,0.05
2021-05-10,0.05
2021-05-11,0.05
2021-05-12,0.05
2021-05-13,0.05
2021-05-14,0.05
2021-05-17,0.05
2021-05-18,0.06
2021-05-19,0.05
2021-05-20,0.05
2021-05-21,0.04
2021-05-24,0.04
2021-05-25,0.04
2021-05-26,0.04
2021-05-27,0.04
2021-05-28,0.05
2021-06-01,0.04
2021-06-02,0.05
2021-06-03,0.04
2021-06-04,0.05
2021-06-07,0.05
2021-06-08,0.05
2021-06-09,0.05
2021-06-10,0.05
2021-06-11,0.05
2021-06-14,0.05
2021-06-15,0.08
2021-06-16,0.08
2021-06-17,0.08
2021-06-18,0.09
2021-06-21,0.09
2021-06-22,0.09
2021-06-23,0.08
2021-06-24,0.08
2021-06-25,0.08
2021-06-28,0.08
2021-06-29,0.07
2021-06-30,0.07
2021-07-01,0.08
2021-07-02,0.07
2021-07-06,0.07
2021-07-07,0.07
2021-07-08,0.07
2021-07-09,0.07
2021-07-12,0.07
2021-07-13,0.08
2021-07-14,0.08
2021-07-15,0.07
2021-07-16,0.08
2021-07-19,0.07
2021-07-20,0.08
2021-07-21,0.07
2021-07-22,0.07
2021-07-23,0.07
2021-07-26,0.08
2021-07-27,0.07
2021-07-28,0.07
2021-07-29,0.07
2021-07-30,0.07
2021-08-02,0.07
2021-08-03,0.07
2021-08-04,0.07
2021-08-05,0.08
2021-08-06,0.08
2021-08-09,0.07
2021-08-10,0.08
2021-08-11,0.08
2021-08-12,0.09
2021-08-13,0.08
2021-08-16,0.08
2021-08-17,0.07
2021-08-18,0.07
2021-08-19,0.06
2021-08-20,0.06
2021-08-23,0.07
2021-08-24,0.06
2021-08-25,0.07
2021-08-26,0.06
2021-08-27,0.07
2021-08-30,0.07
2021-08-31,0.07
2021-09-01,0.07
2021-09-02,0.07
2021-09-03,0.07
2021-09-07,0.08
2021-09-08,0.08
2021-09-09,0.07
2021-09-10,0.08
2021-09-13,0.07
2021-09-14,0.07
2021-09-15,0.07
2021-09-16,0.07
2021-09-17,0.07
2021-09-20,0.07
2021-09-21,0.07
2021-09-22,0.08
2021-09-23,0.07
2021-09-24,0.07
2021-09-27,0.08
2021-09-28,0.08
2021-09-29,0.08
2021-09-30,0.08
2021-10-01,0.08
2021-10-04,0.08
2021-10-05,0.09
2021-10-06,0.1
2021-10-07,0.1
2021-10-08,0.09
2021-10-12,0.1
2021-10-13,0.1
2021-10-14,0.09
2021-10-15,0.11
2021-10-18,0.1
2021-10-19,0.1
2021-10-20,0.09
2021-10-21,0.11
2021-10-22,0.12
2021-10-25,0.12
2021-10-26,0.12
2021-10-27,0.11
2021-10-28,0.13
2021-10-29,0.13
2021-11-01,0.13
2021-11-02,0.15
2021-11-03,0.17
2021-11-04,0.14
2021-11-05,0.14
2021-11-08,0.15
2021-11-09,0.13
2021-11-10,0.16
2021-11-12,0.16
2021-11-15,0.17
2021-11-16,0.16
2021-11-17,0.16
2021-11-18,0.16
2021-11-19,0.16
2021-11-22,0.18
2021-11-23,0.19
2021-11-24,0.22
2021-11-26,0.18
2021-11-29,0.19
2021-11-30,0.24
2021-12-01,0.25
2021-12-02,0.26
2021-12-03,0.25
2021-12-06,0.27
2021-12-07,0.3
2021-12-08,0.28
2021-12-09,0.26
2021-12-10,0.26
2021-12-13,0.25
2021-12-14,0.25
2021-12-15,0.27
2021-12-16,0.25
2021-12-17,0.25
2021-12-20,0.25
2021-12-21,0.26
2021-12-22,0.26
2021-12-23,0.28
2021-12-27,0.3
2021-12-28,0.38
2021-12-29,0.38
2021-12-30,0.37
2021-12-31,0.38
2022-01-03,0.39
2022-01-04,0.37
2022-01-05,0.4
2022-01-06,0.43
2022-01-07,0.41
2022-01-10,0.44
2022-01-11,0.44
2022-01-12,0.45
2022-01-13,0.45
2022-01-14,0.48
2022-01-18,0.55
2022-01-19,0.53
2022-01-20,0.56
2022-01-21,0.54
2022-01-24,0.55
2022-01-25,0.64
2022-01-26,0.69
2022-01-27,0.74
2022-01-28,0.74
2022-01-31,0.76
2022-02-01,0.76
2022-02-02,0.74
2022-02-03,0.75
2022-02-04,0.86
2022-02-07,0.85
2022-02-08,0.87
2022-02-09,0.87
2022-02-10,1.09
2022-02-11,1.03
2022-02-14,1.08
2022-02-15,1.05
2022-02-16,1.04
2022-02-17,0.99
2022-02-18,0.97
2022-02-22,1.15
2022-02-23,1.14
2022-02-24,1.06
2022-02-25,1.11
2022-02-28,0.98
2022-03-01,0.88
2022-03-02,1.03
2022-03-03,1.05
2022-03-04,1.02
2022-03-07,1.03
2022-03-08,1.07
2022-03-09,1.1
2022-03-10,1.13
2022-03-11,1.15
2022-03-14,1.2
2022-03-15,1.19
2022-03-16,1.26
2022-03-17,1.2
2022-03-18,1.19
2022-03-21,1.28
2022-03-22,1.56
2022-03-23,1.49
2022-03-24,1.51
2022-03-25,1.62
2022-03-28,1.63
2022-03-29,1.62
2022-03-30,1.58
2022-03-31,1.57
2022-04-01,1.65
2022-04-04,1.65
2022-04-05,1.69
2022-04-06,1.71
2022-04-07,1.69
2022-04-08,1.72
2022-04-11,1.75
2022-04-12,1.67
2022-04-13,1.67
2022-04-14,1.73
2022-04-18,1.72
2022-04-19,1.89
2022-04-20,1.88
2022-04-21,1.96
2022-04-22,2.0
2022-04-25,1.96
2022-04-26,1.92
2022-04-27,1.91
2022-04-28,1.96
2022-04-29,2.02
2022-05-02,2.01
2022-05-03,2.07
2022-05-04,1.98
2022-05-05,1.98
2022-05-06,1.98
2022-05-09,1.89
2022-05-10,1.9
2022-05-11,1.88
2022-05-12,1.85
2022-05-13,1.92
2022-05-16,1.96
2022-05-17,2.02
2022-05-18,2.1
2022-05-19,2.05
2022-05-20,2.01
2022-05-23,2.02
2022-05-24,1.95
2022-05-25,1.94
2022-05-26,1.93
2022-05-27,1.94
2022-05-31,2.0
2022-06-01,2.08
2022-06-02,2.07
2022-06-03,2.1
2022-06-06,2.14
2022-06-07,2.15
2022-06-08,2.18
2022-06-09,2.23
2022-06-10,2.45
2022-06-13,2.73
2022-06-14,3.05
2022-06-15,2.83
2022-06-16,2.78
2022-06-17,2.77
2022-06-21,2.82
2022-06-22,2.7
2022-06-23,2.68
2022-06-24,2.73
2022-06-27,2.78
2022-06-28,2.77
2022-06-29,2.77
2022-06-30,2.7
2022-07-01,2.69
2022-07-05,2.68
2022-07-06,2.71
2022-07-07,2.76
2022-07-08,2.84
2022-07-11,2.85
2022-07-12,2.97
2022-07-13,3.09
2022-07-14,3.05
2022-07-15,3.01
2022-07-18,3.02
2022-07-19,3.07
2022-07-20,3.07
2022-07-21,3.0
2022-07-22,2.91
2022-07-25,2.97
2022-07-26,2.96
2022-07-27,2.9
2022-07-28,2.83
2022-07-29,2.88
2022-08-01,2.88
2022-08-02,2.98
2022-08-03,3.02
2022-08-04,3.01
2022-08-05,3.17
2022-08-08,3.18
2022-08-09,3.21
2022-08-10,3.14
2022-08-11,3.13
2022-08-12,3.14
2022-08-15,3.11
2022-08-16,3.14
2022-08-17,3.15
2022-08-18,3.12
2022-08-19,3.14
2022-08-22,3.2
2022-08-23,3.17
2022-08-24,3.23
2022-08-25,3.21
2022-08-26,3.24
2022-08-29,3.3
2022-08-30,3.34
2022-08-31,3.37
2022-09-01,3.38
2022-09-02,3.35
2022-09-06,3.47
2022-09-07,3.46
2022-09-08,3.46
2022-09-09,3.52
2022-09-12,3.55
2022-09-13,3.76
2022-09-14,3.79
2022-09-15,3.83
2022-09-16,3.8
2022-09-19,3.88
2022-09-20,3.87
2022-09-21,3.9
2022-09-22,3.9
2022-09-23,3.97
2022-09-26,3.98
2022-09-27,3.97
2022-09-28,3.81
2022-09-29,3.8
2022-09-30,3.87
2022-10-03,3.84
2022-10-04,3.98
2022-10-05,3.96
2022-10-06,4.01
2022-10-07,4.05
2022-10-11,4.09
2022-10-12,4.1
2022-10-13,4.26
2022-10-14,4.29
2022-10-17,4.29
2022-10-18,4.3
2022-10-19,4.39
2022-10-20,4.44
2022-10-21,4.38
2022-10-24,4.4
2022-10-25,4.4
2022-10-26,4.34
2022-10-27,4.31
2022-10-28,4.36
2022-10-31,4.46
2022-11-01,4.52
2022-11-02,4.53
2022-11-03,4.56
2022-11-04,4.54
2022-11-07,4.57
2022-11-08,4.55
2022-11-09,4.53
2022-11-10,4.38
2022-11-14,4.42
2022-11-15,4.4
2022-11-16,4.41
2022-11-17,4.47
2022-11-18,4.53
2022-11-21,4.54
2022-11-22,4.57
2022-11-23,4.54
2022-11-25,4.55
2022-11-28,4.55
2022-11-29,4.56
2022-11-30,4.52
2022-12-01,4.44
2022-12-02,4.47
2022-12-05,4.54
2022-12-06,4.51
2022-12-07,4.46
2022-12-08,4.49
2022-12-09,4.5
2022-12-12,4.54
2022-12-13,4.44
2022-12-14,4.44
2022-12-15,4.44
2022-12-16,4.41
2022-12-19,4.44
2022-12-20,4.44
2022-12-21,4.41
2022-12-22,4.45
2022-12-23,4.46
2022-12-27,4.52
2022-12-28,4.49
2022-12-29,4.48
2022-12-30,4.51
2023-01-03,4.5
2023-01-04,4.49
2023-01-05,4.56
2023-01-06,4.5
2023-01-09,4.48
2023-01-10,4.53
2023-01-11,4.53
2023-01-12,4.46
2023-01-13,4.48
2023-01-17,4.47
2023-01-18,4.45
2023-01-19,4.47
2023-01-20,4.49
2023-01-23,4.51
2023-01-24,4.47
2023-01-25,4.45
2023-01-26,4.46
2023-01-27,4.46
2023-01-30,4.49
2023-01-31,4.47
2023-02-01,4.45
2023-02-02,4.43
2023-02-03,4.57
2023-02-06,4.63
2023-02-07,4.66
2023-02-08,4.64
2023-02-09,4.66
2023-02-10,4.66
2023-02-13,4.69
2023-02-14,4.76
2023-02-15,4.74
2023-02-16,4.77
2023-02-17,4.78
2023-02-21,4.82
2023-02-22,4.82
2023-02-23,4.78
2023-02-24,4.8
2023-02-27,4.79
2023-02-28,4.78
2023-03-01,4.81
2023-03-02,4.8
2023-03-03,4.79
2023-03-06,4.81
2023-03-07,4.96
2023-03-08,4.99
2023-03-09,4.93
2023-03-10,4.68
2023-03-13,4.13
2023-03-14,4.27
2023-03-15,4.04
2023-03-16,4.32
2023-03-17,4.12
2023-03-20,4.2
2023-03-21,4.44
2023-03-22,4.34
2023-03-23,4.18
2023-03-24,4.12
2023-03-27,4.3
2023-03-28,4.34
2023-03-29,4.38
2023-03-30,4.41
2023-03-31,4.43
2023-04-03,4.39
2023-04-04,4.31
2023-04-05,4.25
2023-04-06,4.35
2023-04-07,4.42
2023-04-10,4.46
2023-04-11,4.48
2023-04-12,4.46
2023-04-13,4.48
2023-04-14,4.59
2023-04-17,4.61
2023-04-18,4.57
2023-04-19,4.59
2023-04-20,4.53
2023-04-21,4.54
2023-04-24,4.53
2023-04-25,4.39
2023-04-26,4.44
2023-04-27,4.56
2023-04-28,4.57
2023-05-01,4.63
2023-05-02,4.53
2023-05-03,4.5
2023-05-04,4.42
2023-05-05,4.54
2023-05-08,4.6
2023-05-09,4.62
2023-05-10,4.52
2023-05-11,4.52
2023-05-12,4.57
2023-05-15,4.56
2023-05-16,4.63
2023-05-17,4.66
2023-05-18,4.76
2023-05-19,4.77
2023-05-22,4.81
2023-05-23,4.82
2023-05-24,4.88
2023-05-25,4.97
2023-05-26,4.98
2023-05-30,4.97
2023-05-31,4.94
2023-06-01,4.87
2023-06-02,4.98
2023-06-05,4.94
2023-06-06,4.96
2023-06-07,4.93
2023-06-08,4.89
2023-06-09,4.94
2023-06-12,4.95
2023-06-13,4.98
2023-06-14,4.99
2023-06-15,4.93
2023-06-16,4.96
2023-06-20,4.97
2023-06-21,4.98
2023-06-22,5.01
2023-06-23,4.98
2023-06-26,5.01
2023-06-27,5.06
2023-06-28,5.06
2023-06-29,5.14
2023-06-30,5.13
2023-07-03,5.16
2023-07-05,5.14
2023-07-06,5.17
2023-07-07,5.15
2023-07-10,5.13
2023-07-11,5.14
2023-07-12,5.06
2023-07-13,4.99
2023-07-14,5.06
2023-07-17,5.05
2023-07-18,5.04
2023-07-19,5.04
2023-07-20,5.07
2023-07-21,5.07
2023-07-24,5.11
2023-07-25,5.11
2023-07-26,5.1
2023-07-27,5.13
2023-07-28,5.1
2023-07-31,5.11
2023-08-01,5.11
2023-08-02,5.1
2023-08-03,5.11
2023-08-04,5.08
2023-08-07,5.06
2023-08-08,5.06
2023-08-09,5.06
2023-08-10,5.05
2023-08-11,5.07
2023-08-14,5.08
2023-08-15,5.08
2023-08-16,5.09
2023-08-17,5.08
2023-08-18,5.07
2023-08-21,5.09
2023-08-22,5.11
2023-08-23,5.08
2023-08-24,5.12
2023-08-25,5.16
2023-08-28,5.17
2023-08-29,5.11
2023-08-30,5.13
2023-08-31,5.11
2023-09-01,5.1
2023-09-05,5.13
2023-09-06,5.14
2023-09-07,5.11
2023-09-08,5.13
2023-09-11,5.11
2023-09-12,5.13
2023-09-13,5.13
2023-09-14,5.13
2023-09-15,5.14
2023-09-18,5.15
2023-09-19,5.16
2023-09-20,5.18
2023-09-21,5.17
2023-09-22,5.17
2023-09-25,5.17
2023-09-26,5.18
2023-09-27,5.21
2023-09-28,5.19
2023-09-29,5.19
2023-10-02,5.22
2023-10-03,5.18
2023-10-04,5.13
2023-10-05,5.1
2023-10-06,5.13
2023-10-10,5.09
2023-10-11,5.1
2023-10-12,5.15
2023-10-13,5.13
2023-10-16,5.14
2023-10-17,5.19
2023-10-18,5.18
2023-10-19,5.16
2023-10-20,5.13
2023-10-23,5.14
2023-10-24,5.16
2023-10-25,5.17
2023-10-26,5.13
2023-10-27,5.13
2023-10-30,5.15
2023-10-31,5.14
2023-11-01,5.08
2023-11-02,5.09
2023-11-03,5.01
2023-11-06,5.05
2023-11-07,5.05
2023-11-08,5.06
2023-11-09,5.1
2023-11-10,5.1
2023-11-13,5.09
2023-11-14,4.97
2023-11-15,5.01
2023-11-16,4.97
2023-11-17,4.98
2023-11-20,4.99
2023-11-21,4.98
2023-11-22,5.01
2023-11-24,5.01
2023-11-27,4.99
2023-11-28,4.93
2023-11-29,4.85
2023-11-30,4.88
2023-12-01,4.78
2023-12-04,4.84
2023-12-05,4.8
2023-12-06,4.82
2023-12-07,4.8
2023-12-08,4.87
2023-12-11,4.88
2023-12-12,4.88
2023-12-13,4.7
2023-12-14,4.67
2023-12-15,4.72
2023-12-18,4.73
2023-12-19,4.71
2023-12-20,4.67
2023-12-21,4.63
2023-12-22,4.62
2023-12-26,4.58
2023-12-27,4.54
2023-12-28,4.58
2023-12-29,4.55
2024-01-02,4.57
2024-01-03,4.58
2024-01-04,4.61
2024-01-05,4.61
2024-01-08,4.59
2024-01-09,4.6
2024-01-10,4.6
2024-01-11,4.54
2024-01-12,4.45
2024-01-16,4.51
2024-01-17,4.59
2024-01-18,4.6
2024-01-19,4.64
2024-01-22,4.63
2024-01-23,4.57
2024-01-24,4.58
2024-01-25,4.52
2024-01-26,4.54
2024-01-29,4.53
2024-01-30,4.56
2024-01-31,4.5
2024-02-01,4.46
2024-02-02,4.58
2024-02-05,4.64
2024-02-06,4.6
2024-02-07,4.61
2024-02-08,4.61
2024-02-09,4.63
2024-02-12,4.65
2024-02-13,4.76
2024-02-14,4.72
2024-02-15,4.71
2024-02-16,4.75
2024-02-20,4.71
2024-02-21,4.72
2024-02-22,4.75
2024-02-23,4.74
2024-02-26,4.77
2024-02-27,4.78
2024-02-28,4.75
2024-02-29,4.76
2024-03-01,4.7
2024-03-04,4.74
2024-03-05,4.71
2024-03-06,4.72
2024-03-07,4.7
2024-03-08,4.69
2024-03-11,4.72
2024-03-12,4.77
2024-03-13,4.78
2024-03-14,4.81
2024-03-15,4.82
2024-03-18,4.83
2024-03-19,4.81
2024-03-20,4.76
2024-03-21,4.76
2024-03-22,4.73
2024-03-25,4.76
2024-03-26,4.76
2024-03-27,4.75
2024-03-28,4.79
2024-04-01,4.83
2024-04-02,4.82
2024-04-03,4.8
2024-04-04,4.78
2024-04-05,4.82
2024-04-08,4.84
2024-04-09,4.81
2024-04-10,4.95
2024-04-11,4.93
2024-04-12,4.9
2024-04-15,4.93
2024-04-16,4.92
2024-04-17,4.9
2024-04-18,4.92
2024-04-19,4.91
2024-04-22,4.91
2024-04-23,4.89
2024-04-24,4.91
2024-04-25,4.95
2024-04-26,4.95
2024-04-29,4.95
2024-04-30,4.99
2024-05-01,4.96
2024-05-02,4.92
2024-05-03,4.88
2024-05-06,4.89
2024-05-07,4.9
2024-05-08,4.9
2024-05-09,4.9
2024-05-10,4.93
2024-05-13,4.93
2024-05-14,4.89
2024-05-15,4.84
2024-05-16,4.87
2024-05-17,4.88
2024-05-20,4.89
2024-05-21,4.88
2024-05-22,4.91
2024-05-23,4.94
2024-05-24,4.95
2024-05-28,4.96
2024-05-29,4.97
2024-05-30,4.95
2024-05-31,4.94
2024-06-03,4.9
2024-06-04,4.88
2024-06-05,4.86
2024-06-06,4.85
2024-06-07,4.94
2024-06-10,4.93
2024-06-11,4.9
2024-06-12,4.87
2024-06-13,4.82
2024-06-14,4.81
2024-06-17,4.86
2024-06-18,4.84
2024-06-20,4.86
2024-06-21,4.86
2024-06-24,4.86
2024-06-25,4.86
2024-06-26,4.89
2024-06-27,4.87
2024-06-28,4.86
2024-07-01,4.87
2024-07-02,4.85
2024-07-03,4.82
2024-07-05,4.77
2024-07-08,4.78
2024-07-09,4.77
2024-07-10,4.76
2024-07-11,4.67
2024-07-12,4.64
2024-07-15,4.62
2024-07-16,4.62
2024-07-17,4.62
2024-07-18,4.64
2024-07-19,4.65
2024-07-22,4.66
2024-07-23,4.65
2024-07-24,4.62
2024-07-25,4.62
2024-07-26,4.59
2024-07-29,4.59
2024-07-30,4.58
2024-07-31,4.55
2024-08-01,4.44
2024-08-02,4.18
2024-08-05,4.2
2024-08-06,4.25
2024-08-07,4.24
2024-08-08,4.28
2024-08-09,4.29
2024-08-12,4.27
2024-08-13,4.21
2024-08-14,4.23
2024-08-15,4.33
2024-08-16,4.3
2024-08-19,4.3
2024-08-20,4.25
2024-08-21,4.19
2024-08-22,4.26
2024-08-23,4.19
2024-08-26,4.22
2024-08-27,4.19
2024-08-28,4.21
2024-08-29,4.23
2024-08-30,4.23
2024-09-03,4.15
2024-09-04,4.04
2024-09-05,4.02
2024-09-06,3.93
2024-09-09,3.95
2024-09-10,3.9
2024-09-11,3.95
2024-09-12,3.93
2024-09-13,3.85
2024-09-16,3.81
2024-09-17,3.84
2024-09-18,3.81
2024-09-19,3.79
2024-09-20,3.78
2024-09-23,3.78
2024-09-24,3.75
2024-09-25,3.76
2024-09-26,3.82
2024-09-27,3.78
2024-09-30,3.85
2024-10-01,3.79
2024-10-02,3.8
2024-10-03,3.84
2024-10-04,4.01
2024-10-07,4.06
2024-10-08,4.03
2024-10-09,4.06
2024-10-10,4.04
2024-10-11,4.01
2024-10-15,4.01
2024-10-16,4.01
2024-10-17,4.04
2024-10-18,4.02
2024-10-21,4.07
2024-10-22,4.07
2024-10-23,4.1
2024-10-24,4.09
2024-10-25,4.12
2024-10-28,4.12
2024-10-29,4.1
2024-10-30,4.09
2024-10-31,4.08
2024-11-01,4.09
2024-11-04,4.06
2024-11-05,4.08
2024-11-06,4.12
2024-11-07,4.1
2024-11-08,4.13
2024-11-12,4.19
2024-11-13,4.12
2024-11-14,4.17
2024-11-15,4.15
2024-11-18,4.15
2024-11-19,4.16
2024-11-20,4.18
2024-11-21,4.2
2024-11-22,4.22
2024-11-25,4.2
2024-11-26,4.17
2024-11-27,4.14
2024-11-29,4.11
2024-12-02,4.11
2024-12-03,4.08
2024-12-04,4.04
2024-12-05,4.05
2024-12-06,4.01
2024-12-09,4.02
2024-12-10,4.04
2024-12-11,4.03
2024-12-12,4.04
2024-12-13,4.06
2024-12-16,4.06
2024-12-17,4.07
2024-12-18,4.11
2024-12-19,4.09
2024-12-20,4.08
2024-12-23,4.07
2024-12-24,4.05
2024-12-26,4.05
2024-12-27,4.02
2024-12-30,3.99
2024-12-31,3.98
2025-01-02,3.99
2025-01-03,4.0
2025-01-06,3.99
2025-01-07,4.01
2025-01-08,4.0
2025-01-09,3.98
2025-01-10,4.06
2025-01-13,4.06
2025-01-14,4.04
2025-01-15,4.01
2025-01-16,4.01
2025-01-17,4.03
2025-01-21,4.02
2025-01-22,4.01
2025-01-23,4.0
2025-01-24,3.99
2025-01-27,3.95
2025-01-28,3.96
2025-01-29,3.99
2025-01-30,3.98
2025-01-31,3.99
2025-02-03,4.02
2025-02-04,4.0
2025-02-05,3.99
2025-02-06,4.01
2025-02-07,4.06
2025-02-10,4.06
2025-02-11,4.07
2025-02-12,4.11
2025-02-13,4.09
2025-02-14,4.05
2025-02-18,4.06
2025-02-19,4.03
2025-02-20,4.02
2025-02-21,3.97
2025-02-24,3.97
2025-02-25,3.94
2025-02-26,3.95
2025-02-27,3.95
2025-02-28,3.91
2025-03-03,3.89
2025-03-04,3.88
2025-03-05,3.89
2025-03-06,3.86
2025-03-07,3.89
2025-03-10,3.83
2025-03-11,3.87
2025-03-12,3.91
2025-03-13,3.87
2025-03-14,3.92
2025-03-17,3.95
2025-03-18,3.95
2025-03-19,3.92
2025-03-20,3.89
2025-03-21,3.87
2025-03-24,3.93
2025-03-25,3.92
2025-03-26,3.93
2025-03-27,3.93
2025-03-28,3.88
2025-03-31,3.87
2025-04-01,3.85
2025-04-02,3.88
2025-04-03,3.77
2025-04-04,3.71
2025-04-07,3.72
2025-04-08,3.69
2025-04-09,3.88
2025-04-10,3.82
2025-04-11,3.89
2025-04-14,3.84
2025-04-15,3.82
2025-04-16,3.79
2025-04-17,3.82
2025-04-21,3.78
2025-04-22,3.82
2025-04-23,3.85
2025-04-24,3.81
2025-04-25,3.8
2025-04-28,3.77
2025-04-29,3.75
2025-04-30,3.71
2025-05-01,3.77
2025-05-02,3.85
2025-05-05,3.86
2025-05-06,3.84
2025-05-07,3.85
2025-05-08,3.9
2025-05-09,3.9
2025-05-12,3.96
2025-05-13,3.93
2025-05-14,3.96
2025-05-15,3.92
2025-05-16,3.95
2025-05-19,3.94
2025-05-20,3.94
2025-05-21,3.96
2025-05-22,3.96
2025-05-23,3.97
2025-05-27,3.97
2025-05-28,3.99
2025-05-29,3.97
2025-05-30,3.95
2025-06-02,3.96
2025-06-03,3.96
2025-06-04,3.91
2025-06-05,3.92
2025-06-06,3.98
2025-06-09,3.97
2025-06-10,3.94
2025-06-11,3.9
2025-06-12,3.89
2025-06-13,3.91
2025-06-16,3.93
2025-06-17,3.93
2025-06-18,3.93
2025-06-20,3.9
2025-06-23,3.84
2025-06-24,3.84
2025-06-25,3.83
2025-06-26,3.81
2025-06-27,3.82
2025-06-30,3.81
2025-07-01,3.84
2025-07-02,3.84
2025-07-03,3.92
2025-07-07,3.93
2025-07-08,3.93
2025-07-09,3.9
2025-07-10,3.9
2025-07-11,3.92
2025-07-14,3.91
2025-07-15,3.94
2025-07-16,3.91
2025-07-17,3.93
2025-07-18,3.91
2025-07-21,3.9
2025-07-22,3.89
2025-07-23,3.92
2025-07-24,3.94
2025-07-25,3.93
2025-07-28,3.93
2025-07-29,3.92
2025-07-30,3.97
2025-07-31,3.94
2025-08-01,3.73
2025-08-04,3.69
2025-08-05,3.76
2025-08-06,3.74
2025-08-07,3.76
2025-08-08,3.76
2025-08-11,3.77
2025-08-12,3.74
2025-08-13,3.7
2025-08-14,3.75
2025-08-15,3.77
2025-08-18,3.77
2025-08-19,3.76
2025-08-20,3.75
2025-08-21,3.8
2025-08-22,3.73
2025-08-25,3.74
2025-08-26,3.71
2025-08-27,3.7
2025-08-28,3.71
2025-08-29,3.7
2025-09-02,3.66
2025-09-03,3.62
2025-09-04,3.61
2025-09-05,3.51
2025-09-08,3.5
2025-09-09,3.53
2025-09-10,3.52
2025-09-11,3.49
2025-09-12,3.52
2025-09-15,3.5
2025-09-16,3.48
2025-09-17,3.46
2025-09-18,3.47
2025-09-19,3.46
2025-09-22,3.47
2025-09-23,3.48
2025-09-24,3.49
2025-09-25,3.54
2025-09-26,3.53
2025-09-29,3.52
2025-09-30,3.53
2025-10-01,3.48
2025-10-02,3.48
2025-10-03,3.5
2025-10-06,3.51
2025-10-07,3.51
2025-10-08,3.51
2025-10-09,3.51
2025-10-10,3.47
2025-10-14,3.45
2025-10-15,3.48
2025-10-16,3.42
2025-10-17,3.43
2025-10-20,3.43
2025-10-21,3.43
2025-10-22,3.43
2025-10-23,3.46
2025-10-24,3.46
2025-10-27,3.46
2025-10-28,3.45
2025-10-29,3.55
2025-10-30,3.55
2025-10-31,3.56
2025-11-03,3.55
2025-11-04,3.53
2025-11-05,3.56
2025-11-06,3.51
2025-11-07,3.49
2025-11-10,3.52
2025-11-12,3.51
2025-11-13,3.54
2025-11-14,3.56
2025-11-17,3.56
2025-11-18,3.53
2025-11-19,3.55
2025-11-20,3.52
2025-11-21,3.49
2025-11-24,3.49
2025-11-25,3.45
2025-11-26,3.47
2025-11-28,3.47
2025-12-01,3.47
2025-12-02,3.45
2025-12-03,3.43
2025-12-04,3.46
2025-12-05,3.47
2025-12-08,3.47
2025-12-09,3.49
2025-12-10,3.44
2025-12-11,3.42
2025-12-12,3.4
2025-12-15,3.39
2025-12-16,3.38
2025-12-17,3.38
2025-12-18,3.36
2025-12-19,3.38
2025-12-22,3.4
2025-12-23,3.38
2025-12-24,3.36
2025-12-26,3.35
2025-12-29,3.35
2025-12-30,3.34
2025-12-31,3.35
2026-01-02,3.34
2026-01-05,3.34
2026-01-06,3.35
2026-01-07,3.35
2026-01-08,3.35
2026-01-09,3.38
2026-01-12,3.39
2026-01-13,3.38
2026-01-14,3.37
2026-01-15,3.41
2026-01-16,3.42
2026-01-20,3.39
2026-01-21,3.39
2026-01-22,3.4
2026-01-23,3.39
2026-01-26,3.38
2026-01-27,3.37
2026-01-28,3.38
2026-01-29,3.36
2026-01-30,3.35
2026-02-02,3.36
2026-02-03,3.36
2026-02-04,3.36
2026-02-05,3.31
2026-02-06,3.32
2026-02-09,3.3
2026-02-10,3.28
2026-02-11,3.34
2026-02-12,3.33
2026-02-13,3.3
2026-02-17,3.35
2026-02-18,3.35
2026-02-19,3.36
2026-02-20,3.38
2026-02-23,3.37
2026-02-24,3.38
2026-02-25,3.39
2026-02-26,3.38
2026-02-27,3.35
2026-03-02,3.4
2026-03-03,3.41
2026-03-04,3.44
2026-03-05,3.45
2026-03-06,3.41
2026-03-09,3.42
2026-03-10,3.42
2026-03-11,3.46
2026-03-12,3.51
2026-03-13,3.5
2026-03-16,3.49
2026-03-17,3.48
2026-03-18,3.53
2026-03-19,3.58
2026-03-20,3.65
2026-03-23,3.6
2026-03-24,3.65
2026-03-25,3.62
2026-03-26,3.67
2026-03-27,3.61
2026-03-30,3.56
2026-03-31,3.53
2026-04-01,3.53
2026-04-02,3.53
2026-04-03,3.57
2026-04-06,3.56
2026-04-07,3.53
2026-04-08,3.54
2026-04-09,3.54
2026-04-10,3.56
2026-04-13,3.55
2026-04-14,3.56
2026-04-15,3.55
2026-04-16,3.54
2026-04-17,3.49
2026-04-20,3.5
2026-04-21,3.54
2026-04-22,3.54
2026-04-23,3.55
2026-04-24,3.52
2026-04-27,3.54
2026-04-28,3.56
2026-04-29,3.6
2026-04-30,3.57
2026-05-01,3.57
2026-05-04,3.62
2026-05-05,3.61
2026-05-06,3.58
2026-05-07,3.6
2026-05-08,3.59
2026-05-11,3.62
2026-05-12,3.65
2026-05-13,3.64
2026-05-14,3.64
2026-05-15,3.66
2026-05-18,3.65
2026-05-19,3.67
2026-05-20,3.63
2026-05-21,3.67
2026-05-22,3.69
2026-05-26,3.66
2026-05-27,3.64
2026-05-28,3.64
2026-05-29,3.64
2026-06-01,3.66
2026-06-02,3.65
2026-06-03,3.67
2026-06-04,3.65
2026-06-05,3.7
2026-06-08,3.67
2026-06-09,3.74
2026-06-10,3.74
2026-06-11,3.69
2026-06-12,3.7
2026-06-15,3.68
2026-06-16,3.68
2026-06-17,3.81
2026-06-18,3.82
2026-06-22,3.86
2026-06-23,3.83
2026-06-24,3.82
2026-06-25,3.8
2026-06-26,3.77
2026-06-29,3.8
2026-06-30,3.81
2026-07-01,3.82
2026-07-02,3.79
2026-07-06,3.78
2026-07-07,3.88
2026-07-08,3.88
2026-07-09,3.85
2026-07-10,3.89
2026-07-13,3.94
2026-07-14,3.85
2026-07-15,3.8
2026-07-16,3.82
2026-07-17,3.83
2026-07-20,3.86
2026-07-21,3.9
2026-07-22,3.93
2026-07-23,3.96
2026-07-24,3.95
2026-07-27,3.95
2026-07-28,3.91
2026-07-29,3.86
2026-07-30,3.86
2026-07-31,3.89
2026-08-03,3.89
2026-08-04,3.87
2026-08-05,3.85
2026-08-06,3.89
2026-08-07,3.84
2026-08-10,3.87
2026-08-11,3.85
2026-08-12,3.83
2026-08-13,3.8
2026-08-14,3.81
2026-08-17,3.82
2026-08-18,3.82
2026-08-19,3.82
2026-08-20,3.82
2026-08-21,3.85
