Date,Open,High,Low,Close,Adj Close,Volume,Dividends,Stock Splits,ticker
2014-01-02 00:00:00-05:00,133.51730346679688,133.90069580078125,131.36070251464844,131.79202270507812,108.43588256835938,8649816,0.0,0.0,GE
2014-01-03 00:00:00-05:00,131.88787841796875,132.27127075195312,131.36070251464844,131.69618225097656,108.35702514648438,5752981,0.0,0.0,GE
2014-01-06 00:00:00-05:00,132.55882263183594,132.894287109375,130.1146697998047,130.641845703125,107.48954010009766,6125610,0.0,0.0,GE
2014-01-07 00:00:00-05:00,131.69618225097656,131.74411010742188,130.4022216796875,130.78561401367188,107.60785675048828,5159796,0.0,0.0,GE
2014-01-08 00:00:00-05:00,131.0731658935547,131.12109375,129.9709014892578,130.4022216796875,107.2923812866211,5397859,0.0,0.0,GE
2014-01-09 00:00:00-05:00,130.97731018066406,131.12109375,129.06033325195312,130.4501495361328,107.33180236816406,6533502,0.0,0.0,GE
2014-01-10 00:00:00-05:00,130.30636596679688,130.49807739257812,128.72486877441406,129.20411682128906,106.30657958984375,8102057,0.0,0.0,GE
2014-01-13 00:00:00-05:00,129.29995727539062,129.8750457763672,127.86222839355469,128.1018524169922,105.3996810913086,7181982,0.0,0.0,GE
2014-01-14 00:00:00-05:00,128.62901306152344,129.39581298828125,128.1497802734375,129.2520294189453,106.34598541259766,5205264,0.0,0.0,GE
2014-01-15 00:00:00-05:00,130.1146697998047,131.3127899169922,129.44374084472656,131.02523803710938,107.80499267578125,6648663,0.0,0.0,GE
2014-01-16 00:00:00-05:00,130.4501495361328,130.6897735595703,129.77920532226562,130.3542938232422,107.2529525756836,6812463,0.0,0.0,GE
2014-01-17 00:00:00-05:00,128.8207244873047,129.01242065429688,125.94525146484375,127.38298797607422,104.80821990966797,20290427,0.0,0.0,GE
2014-01-21 00:00:00-05:00,128.1018524169922,128.1497802734375,124.7950668334961,125.99317932128906,103.66472625732422,12506934,0.0,0.0,GE
2014-01-22 00:00:00-05:00,126.04109954833984,126.08902740478516,124.55545043945312,124.55545043945312,102.48180389404297,10156273,0.0,0.0,GE
2014-01-23 00:00:00-05:00,124.50752258300781,124.50752258300781,122.3509292602539,123.74073028564453,101.81144714355469,12112292,0.0,0.0,GE
2014-01-24 00:00:00-05:00,122.5426254272461,122.63847351074219,119.5713119506836,119.5713119506836,98.38093566894531,19949139,0.0,0.0,GE
2014-01-27 00:00:00-05:00,121.05696868896484,121.20074462890625,119.3316879272461,120.14640808105469,98.85411834716797,12634072,0.0,0.0,GE
2014-01-28 00:00:00-05:00,121.39244079589844,122.7822494506836,121.24866485595703,122.01545715332031,100.39193725585938,10521953,0.0,0.0,GE
2014-01-29 00:00:00-05:00,121.44036102294922,122.3030014038086,120.57772064208984,121.20074462890625,99.72161102294922,8269216,0.0,0.0,GE
2014-01-30 00:00:00-05:00,122.2071533203125,122.63847351074219,121.39244079589844,122.2071533203125,100.54962921142578,6279519,0.0,0.0,GE
2014-01-31 00:00:00-05:00,120.81734466552734,121.6320571899414,120.19432830810547,120.43395233154297,99.09070587158203,8416177,0.0,0.0,GE
2014-02-03 00:00:00-05:00,120.43395233154297,120.81734466552734,116.55207824707031,116.69584655761719,96.01506042480469,15743847,0.0,0.0,GE
2014-02-04 00:00:00-05:00,117.55848693847656,118.75659942626953,116.93547058105469,117.75018310546875,96.8825454711914,9568409,0.0,0.0,GE
2014-02-05 00:00:00-05:00,117.22301483154297,118.08565521240234,116.55207824707031,117.51056671142578,96.68536376953125,8400673,0.0,0.0,GE
2014-02-06 00:00:00-05:00,118.85244750976562,120.29017639160156,117.98980712890625,119.5713119506836,98.38093566894531,9332287,0.0,0.0,GE
2014-02-07 00:00:00-05:00,120.76942443847656,121.15281677246094,119.8109359741211,120.72149658203125,99.32725524902344,7244936,0.0,0.0,GE
2014-02-10 00:00:00-05:00,121.67998504638672,121.67998504638672,119.4754638671875,120.05055236816406,98.77523040771484,6886767,0.0,0.0,GE
2014-02-11 00:00:00-05:00,120.81734466552734,122.3030014038086,120.57772064208984,121.8716812133789,100.27360534667969,6799755,0.0,0.0,GE
2014-02-12 00:00:00-05:00,122.5426254272461,122.83016967773438,121.48828887939453,121.67998504638672,100.11587524414062,5264106,0.0,0.0,GE
2014-02-13 00:00:00-05:00,120.91319274902344,121.91960906982422,120.33810424804688,121.91960906982422,100.31307220458984,6751721,0.0,0.0,GE
2014-02-14 00:00:00-05:00,122.0633773803711,123.88450622558594,121.6320571899414,123.35733795166016,101.49597930908203,5201612,0.0,0.0,GE
2014-02-18 00:00:00-05:00,124.65129852294922,124.7950668334961,122.92601776123047,122.92601776123047,101.1411361694336,6096272,0.0,0.0,GE
2014-02-19 00:00:00-05:00,123.06979370117188,123.50111389160156,121.58413696289062,121.7279052734375,100.15531921386719,7072205,0.0,0.0,GE
2014-02-20 00:00:00-05:00,121.29659271240234,121.34451293945312,119.90678405761719,120.38602447509766,99.91664123535156,6734548,1.054336,0.0,GE
2014-02-21 00:00:00-05:00,120.38602447509766,120.72149658203125,119.52339172363281,119.52339172363281,99.2007064819336,7750962,0.0,0.0,GE
2014-02-24 00:00:00-05:00,119.90678405761719,121.967529296875,119.6192398071289,121.20074462890625,100.5928726196289,7934021,0.0,0.0,GE
2014-02-25 00:00:00-05:00,121.6320571899414,122.1113052368164,120.62564849853516,121.10489654541016,100.51326751708984,6904712,0.0,0.0,GE
2014-02-26 00:00:00-05:00,121.39244079589844,121.53620910644531,120.29017639160156,121.24866485595703,100.63264465332031,6214875,0.0,0.0,GE
2014-02-27 00:00:00-05:00,120.81734466552734,122.49469757080078,120.52980041503906,122.2071533203125,101.42814636230469,4760292,0.0,0.0,GE
2014-02-28 00:00:00-05:00,122.39884948730469,123.11771392822266,121.29659271240234,122.0633773803711,101.30883026123047,6142344,0.0,0.0,GE
2014-03-03 00:00:00-05:00,120.81734466552734,120.81734466552734,119.42754364013672,120.38602447509766,99.91664123535156,7138455,0.0,0.0,GE
2014-03-04 00:00:00-05:00,122.3030014038086,123.30941772460938,122.01545715332031,122.92601776123047,102.02479553222656,7645045,0.0,0.0,GE
2014-03-05 00:00:00-05:00,123.54903411865234,124.41167449951172,122.92601776123047,124.26789855957031,103.1385269165039,6286718,0.0,0.0,GE
2014-03-06 00:00:00-05:00,124.89091491699219,125.94525146484375,124.69921875,125.65770721435547,104.29198455810547,7284623,0.0,0.0,GE
2014-03-07 00:00:00-05:00,126.18487548828125,126.28072357177734,124.45960235595703,125.22638702392578,103.93402099609375,5693136,0.0,0.0,GE
2014-03-10 00:00:00-04:00,125.178466796875,125.22638702392578,123.83657836914062,124.7950668334961,103.57604217529297,4645548,0.0,0.0,GE
2014-03-11 00:00:00-04:00,124.89091491699219,125.0826187133789,123.45318603515625,124.12413024902344,103.01918029785156,5188112,0.0,0.0,GE
2014-03-12 00:00:00-04:00,123.06979370117188,123.78865814208984,122.83016967773438,123.45318603515625,102.46231079101562,4896068,0.0,0.0,GE
2014-03-13 00:00:00-04:00,124.6033706665039,124.6033706665039,120.81734466552734,121.44036102294922,100.791748046875,7901011,0.0,0.0,GE
2014-03-14 00:00:00-04:00,121.00904083251953,121.6320571899414,120.24225616455078,120.33810424804688,99.87691497802734,6147456,0.0,0.0,GE
2014-03-17 00:00:00-04:00,121.05696868896484,122.83016967773438,121.00904083251953,121.8716812133789,101.14971160888672,9517913,0.0,0.0,GE
2014-03-18 00:00:00-04:00,122.3030014038086,123.30941772460938,122.0633773803711,122.92601776123047,102.02479553222656,4963049,0.0,0.0,GE
2014-03-19 00:00:00-04:00,122.87809753417969,123.16564178466797,120.33810424804688,121.15281677246094,100.55308532714844,7354671,0.0,0.0,GE
2014-03-20 00:00:00-04:00,121.58413696289062,121.58413696289062,120.38602447509766,121.10489654541016,100.51326751708984,7451803,0.0,0.0,GE
2014-03-21 00:00:00-04:00,123.11771392822266,123.78865814208984,121.44036102294922,121.7279052734375,101.03038024902344,11509571,0.0,0.0,GE
2014-03-24 00:00:00-04:00,122.15922546386719,122.3509292602539,120.76942443847656,121.77583312988281,101.07017517089844,6499115,0.0,0.0,GE
2014-03-25 00:00:00-04:00,122.59054565429688,123.21356201171875,121.67998504638672,123.16564178466797,102.22366333007812,6500763,0.0,0.0,GE
2014-03-26 00:00:00-04:00,123.64488220214844,124.21997833251953,122.68639373779297,122.7822494506836,101.90550231933594,6641735,0.0,0.0,GE
2014-03-27 00:00:00-04:00,122.59054565429688,123.88450622558594,122.25508117675781,123.69281005859375,102.66117095947266,6183993,0.0,0.0,GE
2014-03-28 00:00:00-04:00,124.12413024902344,124.69921875,123.54903411865234,124.02828216552734,102.93961334228516,6195470,0.0,0.0,GE
2014-03-31 00:00:00-04:00,124.69921875,124.98677062988281,123.69281005859375,124.07620239257812,102.97938537597656,6695737,0.0,0.0,GE
2014-04-01 00:00:00-04:00,123.78865814208984,124.55545043945312,123.40526580810547,123.98035430908203,102.89985656738281,5946035,0.0,0.0,GE
2014-04-02 00:00:00-04:00,124.21997833251953,124.89091491699219,123.98035430908203,124.7950668334961,103.57604217529297,5509451,0.0,0.0,GE
2014-04-03 00:00:00-04:00,125.32223510742188,125.84940338134766,124.8429946899414,125.70563507080078,104.33179473876953,4644693,0.0,0.0,GE
2014-04-04 00:00:00-04:00,126.37657165527344,126.52034759521484,124.55545043945312,124.69921875,103.49646759033203,6915229,0.0,0.0,GE
2014-04-07 00:00:00-04:00,124.3637466430664,124.7950668334961,123.35733795166016,123.88450622558594,102.82029724121094,6351444,0.0,0.0,GE
2014-04-08 00:00:00-04:00,123.45318603515625,124.21997833251953,123.02186584472656,123.40526580810547,102.42253875732422,5616328,0.0,0.0,GE
2014-04-09 00:00:00-04:00,123.93243408203125,124.41167449951172,122.63847351074219,124.3637466430664,103.21806335449219,5253590,0.0,0.0,GE
2014-04-10 00:00:00-04:00,125.0346908569336,125.13053894042969,122.5426254272461,122.59054565429688,101.74634552001953,7573119,0.0,0.0,GE
2014-04-11 00:00:00-04:00,122.25508117675781,123.45318603515625,121.8716812133789,121.8716812133789,101.14971160888672,7787248,0.0,0.0,GE
2014-04-14 00:00:00-04:00,122.59054565429688,123.40526580810547,121.8716812133789,123.21356201171875,102.2634048461914,5230533,0.0,0.0,GE
2014-04-15 00:00:00-04:00,123.02186584472656,124.07620239257812,122.59054565429688,123.74073028564453,102.70098114013672,6319811,0.0,0.0,GE
2014-04-16 00:00:00-04:00,124.65129852294922,125.56185913085938,124.07620239257812,125.178466796875,103.89424896240234,6989471,0.0,0.0,GE
2014-04-17 00:00:00-04:00,126.85581970214844,128.24562072753906,126.75997161865234,127.28713989257812,105.64436340332031,14535109,0.0,0.0,GE
2014-04-21 00:00:00-04:00,127.62260437011719,128.00599670410156,127.28713989257812,127.430908203125,105.76372528076172,5243950,0.0,0.0,GE
2014-04-22 00:00:00-04:00,127.95807647705078,128.29354858398438,127.3350601196289,127.38298797607422,105.72393798828125,5800097,0.0,0.0,GE
2014-04-23 00:00:00-04:00,127.3350601196289,127.7663803100586,126.47241973876953,126.61619567871094,105.08753204345703,6169533,0.0,0.0,GE
2014-04-24 00:00:00-04:00,126.71204376220703,127.6705322265625,125.70563507080078,126.80789184570312,105.2466049194336,5337180,0.0,0.0,GE
2014-04-25 00:00:00-04:00,127.3350601196289,128.43731689453125,127.23921203613281,127.47883605957031,105.80350494384766,7042387,0.0,0.0,GE
2014-04-28 00:00:00-04:00,128.05392456054688,128.67694091796875,127.14336395263672,128.3414764404297,106.51944732666016,7212822,0.0,0.0,GE
2014-04-29 00:00:00-04:00,128.5811004638672,128.8207244873047,127.430908203125,128.24562072753906,106.43988037109375,5774974,0.0,0.0,GE
2014-04-30 00:00:00-04:00,128.43731689453125,128.91656494140625,127.71845245361328,128.86863708496094,106.95697021484375,6085651,0.0,0.0,GE
2014-05-01 00:00:00-04:00,128.1018524169922,128.5811004638672,127.6705322265625,128.29354858398438,106.47967529296875,5379246,0.0,0.0,GE
2014-05-02 00:00:00-04:00,128.29354858398438,128.77279663085938,127.7663803100586,127.86222839355469,106.12168884277344,4898030,0.0,0.0,GE
2014-05-05 00:00:00-04:00,127.91015625,127.91015625,126.99958801269531,127.38298797607422,105.72393798828125,3461621,0.0,0.0,GE
2014-05-06 00:00:00-04:00,127.04751586914062,127.14336395263672,125.51393127441406,125.51393127441406,104.17267608642578,5223688,0.0,0.0,GE
2014-05-07 00:00:00-04:00,125.89733123779297,127.14336395263672,125.89733123779297,127.14336395263672,105.5250473022461,5074599,0.0,0.0,GE
2014-05-08 00:00:00-04:00,126.90373992919922,127.47883605957031,126.04109954833984,126.71204376220703,105.16705322265625,4358304,0.0,0.0,GE
2014-05-09 00:00:00-04:00,127.28713989257812,127.3350601196289,126.08902740478516,126.61619567871094,105.08753204345703,3638629,0.0,0.0,GE
2014-05-12 00:00:00-04:00,127.38298797607422,128.72486877441406,127.04751586914062,128.67694091796875,106.79792785644531,4947545,0.0,0.0,GE
2014-05-13 00:00:00-04:00,128.86863708496094,129.15618896484375,128.29354858398438,129.01242065429688,107.07636260986328,4274005,0.0,0.0,GE
2014-05-14 00:00:00-04:00,128.96449279785156,129.20411682128906,127.8143081665039,128.24562072753906,106.43988037109375,4327986,0.0,0.0,GE
2014-05-15 00:00:00-04:00,128.05392456054688,128.43731689453125,126.13695526123047,127.47883605957031,105.80350494384766,7049252,0.0,0.0,GE
2014-05-16 00:00:00-04:00,126.95166778564453,127.86222839355469,126.37657165527344,127.8143081665039,106.08192443847656,6018002,0.0,0.0,GE
2014-05-19 00:00:00-04:00,127.23921203613281,127.91015625,126.90373992919922,127.5267562866211,105.84324645996094,3782981,0.0,0.0,GE
2014-05-20 00:00:00-04:00,127.5267562866211,127.5746841430664,125.32223510742188,126.04109954833984,104.6102066040039,4898781,0.0,0.0,GE
2014-05-21 00:00:00-04:00,126.37657165527344,127.0954360961914,126.28072357177734,126.95166778564453,105.36595153808594,3639881,0.0,0.0,GE
2014-05-22 00:00:00-04:00,126.61619567871094,127.3350601196289,126.08902740478516,127.04751586914062,105.44548797607422,3261117,0.0,0.0,GE
2014-05-23 00:00:00-04:00,127.23921203613281,127.38298797607422,126.66412353515625,127.04751586914062,105.44548797607422,3095106,0.0,0.0,GE
2014-05-27 00:00:00-04:00,127.23921203613281,127.62260437011719,126.75997161865234,127.3350601196289,105.68416595458984,3822230,0.0,0.0,GE
2014-05-28 00:00:00-04:00,127.28713989257812,128.00599670410156,127.14336395263672,127.7663803100586,106.0421371459961,3798839,0.0,0.0,GE
2014-05-29 00:00:00-04:00,127.91015625,128.1497802734375,127.23921203613281,128.1497802734375,106.36032104492188,3135085,0.0,0.0,GE
2014-05-30 00:00:00-04:00,127.6705322265625,128.389404296875,127.47883605957031,128.389404296875,106.55921936035156,3950725,0.0,0.0,GE
2014-06-02 00:00:00-04:00,128.00599670410156,128.67694091796875,127.5267562866211,128.5811004638672,106.71833801269531,3573025,0.0,0.0,GE
2014-06-03 00:00:00-04:00,128.19769287109375,128.48524475097656,127.8143081665039,128.389404296875,106.55921936035156,3889753,0.0,0.0,GE
2014-06-04 00:00:00-04:00,128.1497802734375,128.1497802734375,127.19129180908203,127.23921203613281,105.6046142578125,4166940,0.0,0.0,GE
2014-06-05 00:00:00-04:00,127.19129180908203,128.3414764404297,126.75997161865234,128.29354858398438,106.47967529296875,5225191,0.0,0.0,GE
2014-06-06 00:00:00-04:00,128.389404296875,130.54598999023438,128.24562072753906,130.25845336914062,108.11051940917969,7039591,0.0,0.0,GE
2014-06-09 00:00:00-04:00,129.683349609375,131.93580627441406,129.44374084472656,131.50448608398438,109.1446304321289,5901444,0.0,0.0,GE
2014-06-10 00:00:00-04:00,130.8814697265625,131.60032653808594,130.54598999023438,131.36070251464844,109.0252914428711,4557681,0.0,0.0,GE
2014-06-11 00:00:00-04:00,130.92938232421875,131.12109375,129.683349609375,130.1146697998047,107.99112701416016,5158544,0.0,0.0,GE
2014-06-12 00:00:00-04:00,129.8750457763672,130.16259765625,128.86863708496094,129.20411682128906,107.23542022705078,5371505,0.0,0.0,GE
2014-06-13 00:00:00-04:00,128.8207244873047,129.7312774658203,128.8207244873047,129.58750915527344,107.55362701416016,3992019,0.0,0.0,GE
2014-06-16 00:00:00-04:00,129.15618896484375,129.2520294189453,128.19769287109375,128.53317260742188,106.67855834960938,5567334,0.0,0.0,GE
2014-06-17 00:00:00-04:00,128.389404296875,129.29995727539062,127.86222839355469,128.77279663085938,106.87742614746094,4444210,0.0,0.0,GE
2014-06-18 00:00:00-04:00,128.8207244873047,129.10826110839844,127.91015625,128.86863708496094,106.95697021484375,5474730,0.0,0.0,GE
2014-06-19 00:00:00-04:00,127.7663803100586,129.29995727539062,127.7663803100586,129.06033325195312,107.99967193603516,6594807,1.054336,0.0,GE
2014-06-20 00:00:00-04:00,129.4916534423828,129.58750915527344,128.77279663085938,129.2520294189453,108.16010284423828,10382650,0.0,0.0,GE
2014-06-23 00:00:00-04:00,129.63543701171875,129.683349609375,127.47883605957031,127.86222839355469,106.99710083007812,6519522,0.0,0.0,GE
2014-06-24 00:00:00-04:00,127.7663803100586,128.8207244873047,127.04751586914062,127.38298797607422,106.59603118896484,5512623,0.0,0.0,GE
2014-06-25 00:00:00-04:00,126.85581970214844,127.04751586914062,126.23280334472656,126.61619567871094,105.95439910888672,5479717,0.0,0.0,GE
2014-06-26 00:00:00-04:00,126.80789184570312,126.80789184570312,125.56185913085938,125.99317932128906,105.43303680419922,4832405,0.0,0.0,GE
2014-06-27 00:00:00-04:00,125.99317932128906,126.66412353515625,125.70563507080078,126.66412353515625,105.9945068359375,7335558,0.0,0.0,GE
2014-06-30 00:00:00-04:00,126.71204376220703,126.75997161865234,125.65770721435547,125.94525146484375,105.39290618896484,6189147,0.0,0.0,GE
2014-07-01 00:00:00-04:00,125.89733123779297,126.99958801269531,125.84940338134766,126.52034759521484,105.87418365478516,5855997,0.0,0.0,GE
2014-07-02 00:00:00-04:00,126.28072357177734,127.71845245361328,126.23280334472656,127.5267562866211,106.71633911132812,4441185,0.0,0.0,GE
2014-07-03 00:00:00-04:00,128.48524475097656,128.86863708496094,128.3414764404297,128.72486877441406,107.71894073486328,4280473,0.0,0.0,GE
2014-07-07 00:00:00-04:00,128.43731689453125,128.62901306152344,127.86222839355469,128.19769287109375,107.27781677246094,5271430,0.0,0.0,GE
2014-07-08 00:00:00-04:00,127.5746841430664,127.71845245361328,126.28072357177734,126.37657165527344,105.75387573242188,6073235,0.0,0.0,GE
2014-07-09 00:00:00-04:00,126.66412353515625,126.66412353515625,125.84940338134766,126.13695526123047,105.55333709716797,7891705,0.0,0.0,GE
2014-07-10 00:00:00-04:00,125.22638702392578,125.99317932128906,125.0826187133789,125.56185913085938,105.07208251953125,6935615,0.0,0.0,GE
2014-07-11 00:00:00-04:00,125.51393127441406,127.23921203613281,125.178466796875,127.23921203613281,106.47571563720703,7395026,0.0,0.0,GE
2014-07-14 00:00:00-04:00,127.62260437011719,128.72486877441406,127.5746841430664,127.7663803100586,106.9168701171875,5273684,0.0,0.0,GE
2014-07-15 00:00:00-04:00,128.19769287109375,128.43731689453125,127.23921203613281,127.5267562866211,106.71633911132812,8646999,0.0,0.0,GE
2014-07-16 00:00:00-04:00,127.91015625,130.1146697998047,127.7663803100586,129.4916534423828,108.36058044433594,9803717,0.0,0.0,GE
2014-07-17 00:00:00-04:00,129.01242065429688,129.29995727539062,127.47883605957031,127.5267562866211,106.71633911132812,7835032,0.0,0.0,GE
2014-07-18 00:00:00-04:00,128.29354858398438,128.3414764404297,125.80148315429688,126.80789184570312,106.11478424072266,11560506,0.0,0.0,GE
2014-07-21 00:00:00-04:00,126.18487548828125,126.18487548828125,123.26148986816406,124.50752258300781,104.18983459472656,12382634,0.0,0.0,GE
2014-07-22 00:00:00-04:00,124.9388427734375,125.0826187133789,123.88450622558594,124.69921875,104.35020446777344,7206062,0.0,0.0,GE
2014-07-23 00:00:00-04:00,124.9388427734375,125.0346908569336,124.17205047607422,124.17205047607422,103.90908813476562,6689874,0.0,0.0,GE
2014-07-24 00:00:00-04:00,124.3637466430664,124.98677062988281,124.12413024902344,124.31582641601562,104.02941131591797,4592820,0.0,0.0,GE
2014-07-25 00:00:00-04:00,124.45960235595703,124.55545043945312,123.30941772460938,123.59696197509766,103.42781829833984,5140203,0.0,0.0,GE
2014-07-28 00:00:00-04:00,123.02186584472656,123.30941772460938,121.91960906982422,122.63847351074219,102.62578582763672,6881717,0.0,0.0,GE
2014-07-29 00:00:00-04:00,122.5426254272461,123.26148986816406,121.967529296875,121.967529296875,102.06432342529297,4700927,0.0,0.0,GE
2014-07-30 00:00:00-04:00,122.59054565429688,123.59696197509766,121.7279052734375,122.87809753417969,102.82630157470703,5391453,0.0,0.0,GE
2014-07-31 00:00:00-04:00,122.3509292602539,122.49469757080078,120.52980041503906,120.52980041503906,100.86119079589844,7928158,0.0,0.0,GE
2014-08-01 00:00:00-04:00,120.14640808105469,121.53620910644531,118.61282348632812,121.48828887939453,101.66325378417969,8387966,0.0,0.0,GE
2014-08-04 00:00:00-04:00,121.39244079589844,121.82376098632812,120.29017639160156,121.10489654541016,101.34241485595703,5928153,0.0,0.0,GE
2014-08-05 00:00:00-04:00,120.29017639160156,121.20074462890625,119.5713119506836,119.90678405761719,100.3398666381836,5778751,0.0,0.0,GE
2014-08-06 00:00:00-04:00,120.43395233154297,122.5426254272461,120.24225616455078,121.91960906982422,102.02421569824219,9853566,0.0,0.0,GE
2014-08-07 00:00:00-04:00,122.73432159423828,123.16564178466797,121.82376098632812,122.2071533203125,102.26481628417969,7546786,0.0,0.0,GE
2014-08-08 00:00:00-04:00,122.01545715332031,123.02186584472656,121.24866485595703,122.97394561767578,102.90647888183594,4784517,0.0,0.0,GE
2014-08-11 00:00:00-04:00,123.83657836914062,124.6033706665039,123.26148986816406,123.59696197509766,103.42781829833984,5816059,0.0,0.0,GE
2014-08-12 00:00:00-04:00,123.88450622558594,123.93243408203125,122.63847351074219,122.73432159423828,102.70594787597656,4544723,0.0,0.0,GE
2014-08-13 00:00:00-04:00,123.26148986816406,124.21997833251953,123.16564178466797,123.78865814208984,103.58826446533203,4146137,0.0,0.0,GE
2014-08-14 00:00:00-04:00,124.07620239257812,124.3637466430664,123.30941772460938,124.02828216552734,103.7887954711914,4866438,0.0,0.0,GE
2014-08-15 00:00:00-04:00,124.3637466430664,124.45960235595703,122.25508117675781,122.87809753417969,102.82630157470703,5877573,0.0,0.0,GE
2014-08-18 00:00:00-04:00,123.98035430908203,124.9388427734375,123.88450622558594,124.9388427734375,104.5507583618164,5594210,0.0,0.0,GE
2014-08-19 00:00:00-04:00,125.2743148803711,125.37016296386719,124.8429946899414,124.8429946899414,104.47055053710938,3367222,0.0,0.0,GE
2014-08-20 00:00:00-04:00,124.98677062988281,126.52034759521484,124.65129852294922,126.32865142822266,105.71375274658203,6021028,0.0,0.0,GE
2014-08-21 00:00:00-04:00,126.61619567871094,126.75997161865234,126.04109954833984,126.66412353515625,105.9945068359375,4629168,0.0,0.0,GE
2014-08-22 00:00:00-04:00,126.23280334472656,126.37657165527344,125.13053894042969,125.32223510742188,104.87157440185547,4754241,0.0,0.0,GE
2014-08-25 00:00:00-04:00,125.32223510742188,125.99317932128906,124.69921875,125.56185913085938,105.07208251953125,4560560,0.0,0.0,GE
2014-08-26 00:00:00-04:00,125.65770721435547,125.94525146484375,124.65129852294922,124.65129852294922,104.31010437011719,5490651,0.0,0.0,GE
2014-08-27 00:00:00-04:00,124.8429946899414,125.56185913085938,124.69921875,125.22638702392578,104.7913589477539,4418733,0.0,0.0,GE
2014-08-28 00:00:00-04:00,124.74714660644531,125.0346908569336,124.41167449951172,124.65129852294922,104.31010437011719,2804189,0.0,0.0,GE
2014-08-29 00:00:00-04:00,124.74714660644531,125.0346908569336,124.12413024902344,124.50752258300781,104.18983459472656,4572621,0.0,0.0,GE
2014-09-02 00:00:00-04:00,124.07620239257812,124.74714660644531,123.50111389160156,123.88450622558594,103.66844940185547,5086910,0.0,0.0,GE
2014-09-03 00:00:00-04:00,124.50752258300781,124.6033706665039,123.74073028564453,124.3637466430664,104.06949615478516,4165354,0.0,0.0,GE
2014-09-04 00:00:00-04:00,124.55545043945312,125.22638702392578,124.07620239257812,124.41167449951172,104.10958099365234,5611299,0.0,0.0,GE
2014-09-05 00:00:00-04:00,124.12413024902344,125.0826187133789,123.64488220214844,125.0826187133789,104.67106628417969,4390584,0.0,0.0,GE
2014-09-08 00:00:00-04:00,125.2743148803711,125.89733123779297,124.89091491699219,124.98677062988281,104.59085845947266,4252471,0.0,0.0,GE
2014-09-09 00:00:00-04:00,124.9388427734375,125.13053894042969,123.88450622558594,124.12413024902344,103.86898803710938,4520956,0.0,0.0,GE
2014-09-10 00:00:00-04:00,124.55545043945312,124.74714660644531,123.88450622558594,124.3637466430664,104.06949615478516,3987533,0.0,0.0,GE
2014-09-11 00:00:00-04:00,124.17205047607422,125.0346908569336,123.78865814208984,124.69921875,104.35020446777344,4711799,0.0,0.0,GE
2014-09-12 00:00:00-04:00,124.45960235595703,124.45960235595703,123.64488220214844,123.98035430908203,103.74867248535156,5134131,0.0,0.0,GE
2014-09-15 00:00:00-04:00,123.78865814208984,124.3637466430664,123.40526580810547,124.21997833251953,103.94920349121094,3202379,0.0,0.0,GE
2014-09-16 00:00:00-04:00,124.21997833251953,125.89733123779297,124.02828216552734,125.60978698730469,105.1122055053711,5734639,0.0,0.0,GE
2014-09-17 00:00:00-04:00,126.13695526123047,126.52034759521484,125.0826187133789,125.89733123779297,105.35282897949219,6178651,0.0,0.0,GE
2014-09-18 00:00:00-04:00,125.51393127441406,126.32865142822266,125.22638702392578,125.60978698730469,105.99991607666016,6593346,1.054336,0.0,GE
2014-09-19 00:00:00-04:00,126.28072357177734,126.52034759521484,125.80148315429688,125.99317932128906,106.3234634399414,7980532,0.0,0.0,GE
2014-09-22 00:00:00-04:00,125.51393127441406,125.89733123779297,124.74714660644531,124.98677062988281,105.47415924072266,4800417,0.0,0.0,GE
2014-09-23 00:00:00-04:00,124.55545043945312,125.2743148803711,124.50752258300781,124.69921875,105.23148345947266,4524796,0.0,0.0,GE
2014-09-24 00:00:00-04:00,124.65129852294922,124.65129852294922,123.11771392822266,124.26789855957031,104.86751556396484,7106968,0.0,0.0,GE
2014-09-25 00:00:00-04:00,124.02828216552734,124.02828216552734,122.3509292602539,122.44677734375,103.33069610595703,6403193,0.0,0.0,GE
2014-09-26 00:00:00-04:00,122.59054565429688,123.16564178466797,121.8716812133789,122.83016967773438,103.65422058105469,6036991,0.0,0.0,GE
2014-09-29 00:00:00-04:00,121.53620910644531,122.3030014038086,121.24866485595703,121.82376098632812,102.804931640625,6415858,0.0,0.0,GE
2014-09-30 00:00:00-04:00,121.53620910644531,123.16564178466797,121.39244079589844,122.7822494506836,103.61382293701172,8513580,0.0,0.0,GE
2014-10-01 00:00:00-04:00,121.8716812133789,122.0633773803711,120.19432830810547,120.57772064208984,101.75343322753906,8780751,0.0,0.0,GE
2014-10-02 00:00:00-04:00,120.72149658203125,121.00904083251953,119.85885620117188,120.38602447509766,101.5916519165039,5946682,0.0,0.0,GE
2014-10-03 00:00:00-04:00,121.20074462890625,121.8716812133789,120.52980041503906,121.7279052734375,102.72403717041016,4519224,0.0,0.0,GE
2014-10-06 00:00:00-04:00,122.68639373779297,122.83016967773438,120.14640808105469,120.86527252197266,101.99609375,6362650,0.0,0.0,GE
2014-10-07 00:00:00-04:00,120.29017639160156,120.72149658203125,118.85244750976562,118.9003677368164,100.33795928955078,6674099,0.0,0.0,GE
2014-10-08 00:00:00-04:00,119.5713119506836,121.00904083251953,118.18150329589844,121.00904083251953,102.11742401123047,7703408,0.0,0.0,GE
2014-10-09 00:00:00-04:00,120.91319274902344,121.29659271240234,118.51697540283203,118.75659942626953,100.21662902832031,7097161,0.0,0.0,GE
2014-10-10 00:00:00-04:00,118.80451965332031,119.18791961669922,116.02490997314453,116.31245422363281,98.1540298461914,9981831,0.0,0.0,GE
2014-10-13 00:00:00-04:00,116.1686782836914,116.5999984741211,114.53925323486328,114.77887725830078,96.85989379882812,8149256,0.0,0.0,GE
2014-10-14 00:00:00-04:00,115.88113403320312,118.08565521240234,115.25811767578125,115.49774169921875,97.46653747558594,8815222,0.0,0.0,GE
2014-10-15 00:00:00-04:00,114.3475570678711,116.93547058105469,113.53284454345703,116.36038208007812,98.1944808959961,13695870,0.0,0.0,GE
2014-10-16 00:00:00-04:00,114.97057342529297,117.46263885498047,114.82679748535156,116.21660614013672,98.07318115234375,10787392,0.0,0.0,GE
2014-10-17 00:00:00-04:00,119.8109359741211,121.00904083251953,118.37319946289062,118.94829559326172,100.3783950805664,10983513,0.0,0.0,GE
2014-10-20 00:00:00-04:00,119.3796157836914,120.38602447509766,118.42112731933594,119.95470428466797,101.22766876220703,7067072,0.0,0.0,GE
2014-10-21 00:00:00-04:00,121.10489654541016,122.3509292602539,120.43395233154297,121.967529296875,102.92627716064453,6611375,0.0,0.0,GE
2014-10-22 00:00:00-04:00,121.44036102294922,122.1113052368164,120.52980041503906,120.72149658203125,101.87474822998047,6265851,0.0,0.0,GE
2014-10-23 00:00:00-04:00,121.82376098632812,123.11771392822266,121.7279052734375,121.91960906982422,102.8858413696289,6460283,0.0,0.0,GE
2014-10-24 00:00:00-04:00,121.91960906982422,122.92601776123047,121.77583312988281,122.87809753417969,103.69469451904297,4290906,0.0,0.0,GE
2014-10-27 00:00:00-04:00,122.97394561767578,123.16564178466797,121.6320571899414,122.3030014038086,103.20938110351562,4128275,0.0,0.0,GE
2014-10-28 00:00:00-04:00,122.59054565429688,124.02828216552734,122.49469757080078,124.02828216552734,104.66532135009766,5964981,0.0,0.0,GE
2014-10-29 00:00:00-04:00,124.02828216552734,124.12413024902344,121.67998504638672,122.97394561767578,103.77556610107422,6015665,0.0,0.0,GE
2014-10-30 00:00:00-04:00,121.82376098632812,123.26148986816406,121.34451293945312,123.02186584472656,103.81602478027344,5461480,0.0,0.0,GE
2014-10-31 00:00:00-04:00,123.93243408203125,124.26789855957031,123.02186584472656,123.69281005859375,104.3821792602539,8336363,0.0,0.0,GE
2014-11-03 00:00:00-05:00,122.15922546386719,123.83657836914062,122.1113052368164,123.16564178466797,103.93731689453125,7325500,0.0,0.0,GE
2014-11-04 00:00:00-05:00,123.30941772460938,123.64488220214844,122.63847351074219,123.16564178466797,103.93731689453125,4706144,0.0,0.0,GE
2014-11-05 00:00:00-05:00,124.12413024902344,124.12413024902344,123.02186584472656,123.74073028564453,104.42263793945312,6590738,0.0,0.0,GE
2014-11-06 00:00:00-05:00,124.07620239257812,126.47241973876953,123.98035430908203,126.32865142822266,106.60653686523438,8392139,0.0,0.0,GE
2014-11-07 00:00:00-05:00,125.99317932128906,127.04751586914062,125.60978698730469,126.56826782226562,106.8087387084961,5506759,0.0,0.0,GE
2014-11-10 00:00:00-05:00,126.56826782226562,127.14336395263672,126.42449951171875,126.85581970214844,107.05144500732422,3396560,0.0,0.0,GE
2014-11-11 00:00:00-05:00,126.85581970214844,126.99958801269531,125.75355529785156,126.42449951171875,106.68740844726562,3957089,0.0,0.0,GE
2014-11-12 00:00:00-05:00,125.89733123779297,127.47883605957031,125.89733123779297,127.0954360961914,107.2536392211914,5864156,0.0,0.0,GE
2014-11-13 00:00:00-05:00,126.85581970214844,127.8143081665039,126.37657165527344,126.61619567871094,106.84920501708984,5305463,0.0,0.0,GE
2014-11-14 00:00:00-05:00,126.66412353515625,127.04751586914062,126.42449951171875,126.80789184570312,107.01097106933594,3535550,0.0,0.0,GE
2014-11-17 00:00:00-05:00,126.85581970214844,127.86222839355469,126.61619567871094,127.5267562866211,107.61758422851562,5135904,0.0,0.0,GE
2014-11-18 00:00:00-05:00,127.95807647705078,129.63543701171875,127.91015625,129.44374084472656,109.2353286743164,7673361,0.0,0.0,GE
2014-11-19 00:00:00-05:00,129.34788513183594,129.39581298828125,128.29354858398438,129.01242065429688,108.871337890625,7039299,0.0,0.0,GE
2014-11-20 00:00:00-05:00,128.43731689453125,129.2520294189453,128.19769287109375,128.67694091796875,108.58824157714844,4423094,0.0,0.0,GE
2014-11-21 00:00:00-05:00,129.82713317871094,129.8750457763672,128.72486877441406,129.34788513183594,109.1544189453125,7549707,0.0,0.0,GE
2014-11-24 00:00:00-05:00,129.44374084472656,129.82713317871094,128.48524475097656,129.39581298828125,109.19486236572266,5008620,0.0,0.0,GE
2014-11-25 00:00:00-05:00,129.44374084472656,129.53958129882812,128.62901306152344,128.72486877441406,108.6286392211914,5848381,0.0,0.0,GE
2014-11-26 00:00:00-05:00,128.86863708496094,129.2520294189453,128.3414764404297,128.77279663085938,108.66912841796875,4025029,0.0,0.0,GE
2014-11-28 00:00:00-05:00,128.43731689453125,128.91656494140625,126.71204376220703,126.95166778564453,107.1323013305664,6507169,0.0,0.0,GE
2014-12-01 00:00:00-05:00,125.37016296386719,125.65770721435547,123.88450622558594,124.69921875,105.23148345947266,10217577,0.0,0.0,GE
2014-12-02 00:00:00-05:00,124.9388427734375,125.56185913085938,124.74714660644531,124.8429946899414,105.35283660888672,5265108,0.0,0.0,GE
2014-12-03 00:00:00-05:00,125.37016296386719,126.85581970214844,125.0346908569336,126.42449951171875,106.68740844726562,7169817,0.0,0.0,GE
2014-12-04 00:00:00-05:00,125.84940338134766,125.94525146484375,124.21997833251953,125.0346908569336,105.51460266113281,6173706,0.0,0.0,GE
2014-12-05 00:00:00-05:00,125.2743148803711,125.32223510742188,124.26789855957031,124.65129852294922,105.19105529785156,4671777,0.0,0.0,GE
2014-12-08 00:00:00-05:00,124.02828216552734,125.0346908569336,122.73432159423828,123.11771392822266,103.89690399169922,7851516,0.0,0.0,GE
2014-12-09 00:00:00-05:00,122.01545715332031,123.11771392822266,121.10489654541016,122.59054565429688,103.4520034790039,6783438,0.0,0.0,GE
2014-12-10 00:00:00-05:00,122.7822494506836,122.83016967773438,120.52980041503906,121.10489654541016,102.19829559326172,9454521,0.0,0.0,GE
2014-12-11 00:00:00-05:00,121.34451293945312,123.11771392822266,121.29659271240234,121.77583312988281,102.76449584960938,8534363,0.0,0.0,GE
2014-12-12 00:00:00-05:00,121.48828887939453,121.58413696289062,119.1399917602539,119.28376770019531,100.66148376464844,10651052,0.0,0.0,GE
2014-12-15 00:00:00-05:00,119.90678405761719,119.95470428466797,116.9833984375,117.84603118896484,99.44821166992188,13265484,0.0,0.0,GE
2014-12-16 00:00:00-05:00,117.60641479492188,120.67357635498047,116.93547058105469,117.36679077148438,99.04377746582031,10096741,0.0,0.0,GE
2014-12-17 00:00:00-05:00,117.94188690185547,118.46905517578125,115.30604553222656,118.18150329589844,99.73128509521484,16189945,0.0,0.0,GE
2014-12-18 00:00:00-05:00,120.43395233154297,120.52980041503906,118.27735137939453,120.48187255859375,102.62977600097656,10859756,1.102261,0.0,GE
2014-12-19 00:00:00-05:00,120.38602447509766,123.16564178466797,119.8109359741211,122.7822494506836,104.58929443359375,18093862,0.0,0.0,GE
2014-12-22 00:00:00-05:00,122.92601776123047,123.50111389160156,122.49469757080078,123.21356201171875,104.9566650390625,7352856,0.0,0.0,GE
2014-12-23 00:00:00-05:00,123.11771392822266,124.6033706665039,122.68639373779297,124.02828216552734,105.65068817138672,6551927,0.0,0.0,GE
2014-12-24 00:00:00-05:00,124.07620239257812,124.31582641601562,123.16564178466797,123.78865814208984,105.44657135009766,3727769,0.0,0.0,GE
2014-12-26 00:00:00-05:00,123.83657836914062,124.12413024902344,123.35733795166016,123.54903411865234,105.24246215820312,3125445,0.0,0.0,GE
2014-12-29 00:00:00-05:00,123.16564178466797,123.88450622558594,123.06979370117188,123.16564178466797,104.91586303710938,4352316,0.0,0.0,GE
2014-12-30 00:00:00-05:00,122.73432159423828,123.16564178466797,121.82376098632812,122.5426254272461,104.38516235351562,4629064,0.0,0.0,GE
2014-12-31 00:00:00-05:00,121.82376098632812,122.3030014038086,121.10489654541016,121.10489654541016,103.16046905517578,5885627,0.0,0.0,GE
2015-01-02 00:00:00-05:00,121.44036102294922,122.01545715332031,119.18791961669922,120.09848022460938,102.30317687988281,8538620,0.0,0.0,GE
2015-01-05 00:00:00-05:00,119.85885620117188,119.85885620117188,117.51056671142578,117.89395904541016,100.42530059814453,8770735,0.0,0.0,GE
2015-01-06 00:00:00-05:00,117.22301483154297,117.75018310546875,114.68302917480469,115.35396575927734,98.26167297363281,13304295,0.0,0.0,GE
2015-01-07 00:00:00-05:00,116.02490997314453,116.8875503540039,114.92264556884766,115.40189361572266,98.30249786376953,9106535,0.0,0.0,GE
2015-01-08 00:00:00-05:00,116.55207824707031,116.8396224975586,115.64151763916016,116.79170227050781,99.48640441894531,9019294,0.0,0.0,GE
2015-01-09 00:00:00-05:00,117.51056671142578,117.55848693847656,114.77887725830078,115.16226959228516,98.09839630126953,9000055,0.0,0.0,GE
2015-01-12 00:00:00-05:00,115.35396575927734,115.68943786621094,113.9162368774414,114.92264556884766,97.894287109375,8945573,0.0,0.0,GE
2015-01-13 00:00:00-05:00,116.26453399658203,116.5999984741211,113.24529266357422,114.3475570678711,97.40438842773438,8591202,0.0,0.0,GE
2015-01-14 00:00:00-05:00,113.34114074707031,114.29962921142578,112.19095611572266,113.96416473388672,97.07779693603516,8732675,0.0,0.0,GE
2015-01-15 00:00:00-05:00,114.3475570678711,114.87472534179688,112.90982818603516,113.00567626953125,96.26130676269531,6568703,0.0,0.0,GE
2015-01-16 00:00:00-05:00,112.67020416259766,113.34114074707031,112.38265991210938,113.05359649658203,96.30213928222656,10390099,0.0,0.0,GE
2015-01-20 00:00:00-05:00,114.251708984375,114.39547729492188,112.86190032958984,114.29962921142578,97.36355590820312,9298421,0.0,0.0,GE
2015-01-21 00:00:00-05:00,114.20378112792969,115.40189361572266,113.62869262695312,115.21019744873047,98.13920593261719,7849930,0.0,0.0,GE
2015-01-22 00:00:00-05:00,116.45623016357422,116.7437744140625,114.82679748535156,116.36038208007812,99.11898040771484,9834098,0.0,0.0,GE
2015-01-23 00:00:00-05:00,117.0792465209961,119.28376770019531,116.4083023071289,117.3188705444336,99.9354476928711,13299850,0.0,0.0,GE
2015-01-26 00:00:00-05:00,118.46905517578125,118.56490325927734,116.93547058105469,117.84603118896484,100.38449096679688,8174317,0.0,0.0,GE
2015-01-27 00:00:00-05:00,116.8875503540039,117.22301483154297,115.97698211669922,116.8396224975586,99.52718353271484,8012228,0.0,0.0,GE
2015-01-28 00:00:00-05:00,117.27094268798828,117.36679077148438,114.1079330444336,114.251708984375,97.32274627685547,10360866,0.0,0.0,GE
2015-01-29 00:00:00-05:00,114.251708984375,115.97698211669922,113.96416473388672,115.40189361572266,98.30249786376953,8437544,0.0,0.0,GE
2015-01-30 00:00:00-05:00,114.44340515136719,115.54566192626953,114.1558609008789,114.49132537841797,97.52684020996094,11416362,0.0,0.0,GE
2015-02-02 00:00:00-05:00,115.01849365234375,116.07283020019531,114.53925323486328,116.02490997314453,98.83320617675781,8263540,0.0,0.0,GE
2015-02-03 00:00:00-05:00,116.4083023071289,117.55848693847656,116.26453399658203,117.27094268798828,99.89460754394531,7871527,0.0,0.0,GE
2015-02-04 00:00:00-05:00,116.9833984375,117.0792465209961,115.40189361572266,115.78528594970703,98.62908172607422,6935093,0.0,0.0,GE
2015-02-05 00:00:00-05:00,116.21660614013672,117.41471862792969,116.1686782836914,117.41471862792969,100.01709747314453,5351640,0.0,0.0,GE
2015-02-06 00:00:00-05:00,117.60641479492188,118.61282348632812,117.27094268798828,117.51056671142578,100.09872436523438,5732365,0.0,0.0,GE
2015-02-09 00:00:00-05:00,117.27094268798828,118.61282348632812,117.17509460449219,118.08565521240234,100.588623046875,5693136,0.0,0.0,GE
2015-02-10 00:00:00-05:00,118.70867156982422,118.85244750976562,117.65433502197266,118.46905517578125,100.91519927978516,5649693,0.0,0.0,GE
2015-02-11 00:00:00-05:00,118.42112731933594,118.94829559326172,117.89395904541016,118.70867156982422,101.11931610107422,5102894,0.0,0.0,GE
2015-02-12 00:00:00-05:00,118.9003677368164,119.76300811767578,118.42112731933594,119.28376770019531,101.60919189453125,5534199,0.0,0.0,GE
2015-02-13 00:00:00-05:00,119.76300811767578,120.62564849853516,119.52339172363281,120.52980041503906,102.67062377929688,6901749,0.0,0.0,GE
2015-02-17 00:00:00-05:00,120.38602447509766,120.81734466552734,119.715087890625,120.62564849853516,102.75224304199219,7509644,0.0,0.0,GE
2015-02-18 00:00:00-05:00,121.20074462890625,121.20074462890625,120.52980041503906,121.00904083251953,103.07881164550781,6414440,0.0,0.0,GE
2015-02-19 00:00:00-05:00,119.95470428466797,120.81734466552734,119.5713119506836,119.85885620117188,103.03760528564453,6934446,1.102261,0.0,GE
2015-02-20 00:00:00-05:00,119.23583984375,120.86527252197266,118.85244750976562,120.81734466552734,103.86160278320312,8323489,0.0,0.0,GE
2015-02-23 00:00:00-05:00,120.86527252197266,121.24866485595703,120.29017639160156,120.62564849853516,103.69679260253906,6421471,0.0,0.0,GE
2015-02-24 00:00:00-05:00,120.38602447509766,121.967529296875,120.24225616455078,121.67998504638672,104.60316467285156,8860648,0.0,0.0,GE
2015-02-25 00:00:00-05:00,121.967529296875,124.89091491699219,121.91960906982422,124.17205047607422,106.74549865722656,14234844,0.0,0.0,GE
2015-02-26 00:00:00-05:00,124.31582641601562,124.65129852294922,123.69281005859375,124.07620239257812,106.66307830810547,7980741,0.0,0.0,GE
2015-02-27 00:00:00-05:00,123.78865814208984,125.89733123779297,123.40526580810547,124.55545043945312,107.0750732421875,10752733,0.0,0.0,GE
2015-03-02 00:00:00-05:00,124.02828216552734,125.178466796875,123.88450622558594,125.13053894042969,107.56948852539062,6762530,0.0,0.0,GE
2015-03-03 00:00:00-05:00,124.8429946899414,124.98677062988281,123.54903411865234,123.93243408203125,106.53952026367188,6373020,0.0,0.0,GE
2015-03-04 00:00:00-05:00,123.45318603515625,123.50111389160156,122.0633773803711,122.97394561767578,105.71553039550781,6581995,0.0,0.0,GE
2015-03-05 00:00:00-05:00,122.7822494506836,123.74073028564453,122.59054565429688,123.74073028564453,106.37470245361328,5920536,0.0,0.0,GE
2015-03-06 00:00:00-05:00,123.21356201171875,123.54903411865234,121.39244079589844,121.82376098632812,104.72679138183594,6737031,0.0,0.0,GE
2015-03-09 00:00:00-04:00,122.3030014038086,123.16564178466797,122.15922546386719,122.87809753417969,105.63316345214844,6591865,0.0,0.0,GE
2015-03-10 00:00:00-04:00,122.2071533203125,122.87809753417969,120.62564849853516,120.62564849853516,103.69679260253906,7812747,0.0,0.0,GE
2015-03-11 00:00:00-04:00,121.15281677246094,122.15922546386719,120.48187255859375,120.72149658203125,103.77919006347656,7553171,0.0,0.0,GE
2015-03-12 00:00:00-04:00,121.10489654541016,121.77583312988281,120.62564849853516,121.7279052734375,104.64437866210938,6128301,0.0,0.0,GE
2015-03-13 00:00:00-04:00,121.15281677246094,121.53620910644531,118.9003677368164,120.00263214111328,103.16120147705078,9453853,0.0,0.0,GE
2015-03-16 00:00:00-04:00,120.09848022460938,122.1113052368164,119.6192398071289,121.967529296875,104.85035705566406,7221878,0.0,0.0,GE
2015-03-17 00:00:00-04:00,121.24866485595703,121.67998504638672,120.24225616455078,121.29659271240234,104.27359771728516,7148555,0.0,0.0,GE
2015-03-18 00:00:00-04:00,120.67357635498047,123.88450622558594,120.33810424804688,122.87809753417969,105.63316345214844,7992342,0.0,0.0,GE
2015-03-19 00:00:00-04:00,121.91960906982422,122.73432159423828,121.05696868896484,121.39244079589844,104.35598754882812,7994846,0.0,0.0,GE
2015-03-20 00:00:00-04:00,121.44036102294922,122.3509292602539,121.24866485595703,121.7279052734375,104.64437866210938,10565104,0.0,0.0,GE
2015-03-23 00:00:00-04:00,122.1113052368164,123.35733795166016,121.967529296875,122.0633773803711,104.9327392578125,6673953,0.0,0.0,GE
2015-03-24 00:00:00-04:00,121.6320571899414,122.1113052368164,121.10489654541016,121.10489654541016,104.10877990722656,5383753,0.0,0.0,GE
2015-03-25 00:00:00-04:00,120.91319274902344,121.39244079589844,119.3796157836914,119.3796157836914,102.62564086914062,7281764,0.0,0.0,GE
2015-03-26 00:00:00-04:00,118.85244750976562,119.42754364013672,118.22943115234375,118.85244750976562,102.17247009277344,6782436,0.0,0.0,GE
2015-03-27 00:00:00-04:00,119.42754364013672,119.42754364013672,118.42112731933594,119.1399917602539,102.41964721679688,5909436,0.0,0.0,GE
2015-03-30 00:00:00-04:00,119.715087890625,120.76942443847656,119.66716003417969,120.38602447509766,103.49078369140625,5692594,0.0,0.0,GE
2015-03-31 00:00:00-04:00,120.24225616455078,120.24225616455078,118.9003677368164,118.9003677368164,102.21366882324219,7290841,0.0,0.0,GE
2015-04-01 00:00:00-04:00,118.46905517578125,119.42754364013672,117.75018310546875,119.04414367675781,102.33726501464844,8085552,0.0,0.0,GE
2015-04-02 00:00:00-04:00,118.9003677368164,119.8109359741211,118.37319946289062,119.52339172363281,102.74925994873047,6095667,0.0,0.0,GE
2015-04-06 00:00:00-04:00,119.3316879272461,121.77583312988281,118.80451965332031,120.67357635498047,103.73799896240234,6978724,0.0,0.0,GE
2015-04-07 00:00:00-04:00,120.62564849853516,121.15281677246094,119.8109359741211,119.90678405761719,103.07881927490234,4436490,0.0,0.0,GE
2015-04-08 00:00:00-04:00,120.05055236816406,120.38602447509766,119.18791961669922,119.85885620117188,103.03760528564453,4682210,0.0,0.0,GE
2015-04-09 00:00:00-04:00,120.24225616455078,123.78865814208984,119.42754364013672,123.30941772460938,106.00391387939453,12551004,0.0,0.0,GE
2015-04-10 00:00:00-04:00,130.01882934570312,137.4470977783203,129.39581298828125,136.63238525390625,117.45713806152344,73595516,0.0,0.0,GE
2015-04-13 00:00:00-04:00,134.47579956054688,135.09881591796875,131.79202270507812,132.4150390625,113.83165740966797,32130811,0.0,0.0,GE
2015-04-14 00:00:00-04:00,131.69618225097656,133.4214630126953,131.21693420410156,132.894287109375,114.24364471435547,11638587,0.0,0.0,GE
2015-04-15 00:00:00-04:00,132.7025909423828,133.46937561035156,131.45655822753906,131.60032653808594,113.1312484741211,11772736,0.0,0.0,GE
2015-04-16 00:00:00-04:00,130.8814697265625,131.79202270507812,130.25845336914062,130.73768615722656,112.38968658447266,13012815,0.0,0.0,GE
2015-04-17 00:00:00-04:00,131.3127899169922,132.75051879882812,129.01242065429688,130.5939178466797,112.26608276367188,18319384,0.0,0.0,GE
2015-04-20 00:00:00-04:00,130.92938232421875,131.50448608398438,129.44374084472656,129.4916534423828,111.31851959228516,12871738,0.0,0.0,GE
2015-04-21 00:00:00-04:00,129.53958129882812,129.683349609375,127.23921203613281,127.5746841430664,109.67060852050781,16040335,0.0,0.0,GE
2015-04-22 00:00:00-04:00,127.95807647705078,129.4916534423828,127.47883605957031,128.96449279785156,110.8653564453125,9818824,0.0,0.0,GE
2015-04-23 00:00:00-04:00,128.3414764404297,129.7312774658203,128.00599670410156,128.67694091796875,110.6181640625,7963756,0.0,0.0,GE
2015-04-24 00:00:00-04:00,128.8207244873047,129.10826110839844,127.95807647705078,128.43731689453125,110.41212463378906,5782861,0.0,0.0,GE
2015-04-27 00:00:00-04:00,129.20411682128906,129.39581298828125,128.48524475097656,128.8207244873047,110.74175262451172,7557261,0.0,0.0,GE
2015-04-28 00:00:00-04:00,129.15618896484375,130.16259765625,127.6705322265625,129.9709014892578,111.73052215576172,8018175,0.0,0.0,GE
2015-04-29 00:00:00-04:00,129.15618896484375,130.5939178466797,128.91656494140625,129.82713317871094,111.60693359375,7752631,0.0,0.0,GE
2015-04-30 00:00:00-04:00,129.683349609375,131.0731658935547,129.2520294189453,129.77920532226562,111.56570434570312,8969340,0.0,0.0,GE
2015-05-01 00:00:00-04:00,129.82713317871094,130.92938232421875,129.34788513183594,130.8814697265625,112.5132827758789,5905826,0.0,0.0,GE
2015-05-04 00:00:00-04:00,131.12109375,132.31919860839844,130.5939178466797,130.6897735595703,112.34851837158203,5467301,0.0,0.0,GE
2015-05-05 00:00:00-04:00,130.5939178466797,131.12109375,128.67694091796875,129.01242065429688,110.90658569335938,6332331,0.0,0.0,GE
2015-05-06 00:00:00-04:00,129.39581298828125,130.25845336914062,127.5267562866211,128.48524475097656,110.45336151123047,5792668,0.0,0.0,GE
2015-05-07 00:00:00-04:00,128.3414764404297,129.9709014892578,127.7663803100586,129.58750915527344,111.40093231201172,6476496,0.0,0.0,GE
2015-05-08 00:00:00-04:00,130.5939178466797,131.74411010742188,130.4501495361328,131.12109375,112.71930694580078,7766716,0.0,0.0,GE
2015-05-11 00:00:00-04:00,130.5939178466797,130.8335418701172,128.72486877441406,129.01242065429688,110.90658569335938,6771794,0.0,0.0,GE
2015-05-12 00:00:00-04:00,128.53317260742188,129.82713317871094,128.19769287109375,129.53958129882812,111.35974884033203,6216002,0.0,0.0,GE
2015-05-13 00:00:00-04:00,129.4916534423828,130.54598999023438,129.01242065429688,130.4022216796875,112.10131072998047,7756053,0.0,0.0,GE
2015-05-14 00:00:00-04:00,130.92938232421875,131.45655822753906,130.1146697998047,131.36070251464844,112.92526245117188,5628889,0.0,0.0,GE
2015-05-15 00:00:00-04:00,131.21693420410156,131.50448608398438,130.5939178466797,130.6897735595703,112.34851837158203,7463572,0.0,0.0,GE
2015-05-18 00:00:00-04:00,130.4022216796875,131.26486206054688,130.4022216796875,130.8814697265625,112.5132827758789,4692706,0.0,0.0,GE
2015-05-19 00:00:00-04:00,130.6897735595703,131.26486206054688,130.4022216796875,131.0731658935547,112.67810821533203,6082667,0.0,0.0,GE
2015-05-20 00:00:00-04:00,131.02523803710938,132.75051879882812,130.3542938232422,132.4629669189453,113.87283325195312,8382707,0.0,0.0,GE
2015-05-21 00:00:00-04:00,132.6546630859375,133.1818389892578,132.03164672851562,132.8463592529297,114.20240020751953,8411398,0.0,0.0,GE
2015-05-22 00:00:00-04:00,132.7025909423828,133.1339111328125,132.36712646484375,132.6546630859375,114.03764343261719,4859594,0.0,0.0,GE
2015-05-26 00:00:00-04:00,131.88787841796875,132.17543029785156,131.21693420410156,131.88787841796875,113.37848663330078,9904188,0.0,0.0,GE
2015-05-27 00:00:00-04:00,132.12750244140625,132.36712646484375,131.60032653808594,131.88787841796875,113.37848663330078,5284743,0.0,0.0,GE
2015-05-28 00:00:00-04:00,131.79202270507812,132.4150390625,130.8335418701172,132.4150390625,113.83165740966797,5512498,0.0,0.0,GE
2015-05-29 00:00:00-04:00,131.79202270507812,131.79202270507812,130.6897735595703,130.6897735595703,112.34851837158203,8693071,0.0,0.0,GE
2015-06-01 00:00:00-04:00,130.641845703125,131.02523803710938,129.7312774658203,130.73768615722656,112.38968658447266,6953122,0.0,0.0,GE
2015-06-02 00:00:00-04:00,130.4501495361328,131.40863037109375,130.1146697998047,130.97731018066406,112.5956802368164,5493092,0.0,0.0,GE
2015-06-03 00:00:00-04:00,131.45655822753906,132.07957458496094,131.12109375,131.93580627441406,113.41967010498047,5489128,0.0,0.0,GE
2015-06-04 00:00:00-04:00,131.40863037109375,132.36712646484375,130.4022216796875,130.641845703125,112.30732727050781,6961072,0.0,0.0,GE
2015-06-05 00:00:00-04:00,130.641845703125,131.21693420410156,130.16259765625,130.78561401367188,112.43089294433594,6395013,0.0,0.0,GE
2015-06-08 00:00:00-04:00,130.92938232421875,131.12109375,130.4022216796875,130.54598999023438,112.22492980957031,6220801,0.0,0.0,GE
2015-06-09 00:00:00-04:00,130.73768615722656,131.64825439453125,130.2105255126953,130.97731018066406,112.5956802368164,6492291,0.0,0.0,GE
2015-06-10 00:00:00-04:00,131.12109375,132.6546630859375,130.92938232421875,132.4150390625,113.83165740966797,6922511,0.0,0.0,GE
2015-06-11 00:00:00-04:00,132.12750244140625,132.4629669189453,131.12109375,131.83995056152344,113.33727264404297,6549569,0.0,0.0,GE
2015-06-12 00:00:00-04:00,131.50448608398438,131.69618225097656,130.73768615722656,131.26486206054688,112.84286499023438,4626164,0.0,0.0,GE
2015-06-15 00:00:00-04:00,131.26486206054688,131.26486206054688,129.9229736328125,130.4022216796875,112.10131072998047,5946598,0.0,0.0,GE
2015-06-16 00:00:00-04:00,130.2105255126953,130.54598999023438,129.39581298828125,130.4501495361328,112.14251708984375,5752709,0.0,0.0,GE
2015-06-17 00:00:00-04:00,130.30636596679688,131.3127899169922,129.9229736328125,130.6897735595703,112.34851837158203,7626245,0.0,0.0,GE
2015-06-18 00:00:00-04:00,129.77920532226562,131.36070251464844,129.53958129882812,131.16900634765625,113.7196273803711,7862534,1.102261,0.0,GE
2015-06-19 00:00:00-04:00,130.6897735595703,131.21693420410156,130.25845336914062,130.54598999023438,113.17951202392578,12575563,0.0,0.0,GE
2015-06-22 00:00:00-04:00,130.8335418701172,131.79202270507812,130.78561401367188,131.40863037109375,113.92740631103516,5739188,0.0,0.0,GE
2015-06-23 00:00:00-04:00,131.40863037109375,132.27127075195312,131.26486206054688,132.03164672851562,114.4675064086914,6783792,0.0,0.0,GE
2015-06-24 00:00:00-04:00,132.03164672851562,132.2233428955078,130.5939178466797,130.641845703125,113.26260375976562,6772483,0.0,0.0,GE
2015-06-25 00:00:00-04:00,130.73768615722656,131.0731658935547,129.4916534423828,129.58750915527344,112.34850311279297,4870611,0.0,0.0,GE
2015-06-26 00:00:00-04:00,129.58750915527344,130.01882934570312,128.96449279785156,129.82713317871094,112.5562515258789,5378766,0.0,0.0,GE
2015-06-29 00:00:00-04:00,128.91656494140625,129.2520294189453,127.14336395263672,127.6705322265625,110.68653106689453,6963534,0.0,0.0,GE
2015-06-30 00:00:00-04:00,128.53317260742188,129.20411682128906,127.14336395263672,127.3350601196289,110.39568328857422,7419565,0.0,0.0,GE
2015-07-01 00:00:00-04:00,127.8143081665039,128.77279663085938,126.85581970214844,127.7663803100586,110.76962280273438,6349045,0.0,0.0,GE
2015-07-02 00:00:00-04:00,127.95807647705078,128.5811004638672,127.47883605957031,128.3414764404297,111.26823425292969,5425694,0.0,0.0,GE
2015-07-06 00:00:00-04:00,127.14336395263672,127.6705322265625,125.56185913085938,126.08902740478516,109.3154296875,5812929,0.0,0.0,GE
2015-07-07 00:00:00-04:00,126.42449951171875,127.23921203613281,124.26789855957031,126.85581970214844,109.980224609375,6812212,0.0,0.0,GE
2015-07-08 00:00:00-04:00,125.0346908569336,125.75355529785156,124.02828216552734,124.07620239257812,107.57035064697266,6683593,0.0,0.0,GE
2015-07-09 00:00:00-04:00,125.41808319091797,126.52034759521484,124.65129852294922,124.69921875,108.11050415039062,6345706,0.0,0.0,GE
2015-07-10 00:00:00-04:00,126.47241973876953,126.71204376220703,124.7950668334961,125.89733123779297,109.14921569824219,5291629,0.0,0.0,GE
2015-07-13 00:00:00-04:00,126.95166778564453,127.14336395263672,125.75355529785156,126.85581970214844,109.980224609375,5075622,0.0,0.0,GE
2015-07-14 00:00:00-04:00,126.28072357177734,128.1018524169922,126.28072357177734,127.7663803100586,110.76962280273438,4652038,0.0,0.0,GE
2015-07-15 00:00:00-04:00,127.5267562866211,128.389404296875,127.47883605957031,128.29354858398438,111.22666931152344,5826910,0.0,0.0,GE
2015-07-16 00:00:00-04:00,129.29995727539062,129.58750915527344,128.62901306152344,129.58750915527344,112.34850311279297,6392447,0.0,0.0,GE
2015-07-17 00:00:00-04:00,130.641845703125,130.97731018066406,129.53958129882812,130.54598999023438,113.17951202392578,8595000,0.0,0.0,GE
2015-07-20 00:00:00-04:00,129.9709014892578,130.4022216796875,129.44374084472656,130.06675720214844,112.76396942138672,5151158,0.0,0.0,GE
2015-07-21 00:00:00-04:00,129.44374084472656,130.1146697998047,128.43731689453125,128.67694091796875,111.55907440185547,6110106,0.0,0.0,GE
2015-07-22 00:00:00-04:00,128.8207244873047,129.20411682128906,127.3350601196289,127.62260437011719,110.64498138427734,5035726,0.0,0.0,GE
2015-07-23 00:00:00-04:00,127.38298797607422,127.47883605957031,125.56185913085938,125.84940338134766,109.107666015625,4841211,0.0,0.0,GE
2015-07-24 00:00:00-04:00,126.08902740478516,126.13695526123047,123.02186584472656,123.40526580810547,106.98869323730469,6494441,0.0,0.0,GE
2015-07-27 00:00:00-04:00,122.39884948730469,124.50752258300781,122.3030014038086,124.3637466430664,107.81965637207031,7569635,0.0,0.0,GE
2015-07-28 00:00:00-04:00,125.0826187133789,125.75355529785156,124.3637466430664,125.0826187133789,108.44290924072266,5792105,0.0,0.0,GE
2015-07-29 00:00:00-04:00,125.0346908569336,125.94525146484375,124.8429946899414,125.84940338134766,109.107666015625,5005365,0.0,0.0,GE
2015-07-30 00:00:00-04:00,125.70563507080078,125.75355529785156,124.65129852294922,125.178466796875,108.52598571777344,4615376,0.0,0.0,GE
2015-07-31 00:00:00-04:00,125.70563507080078,125.99317932128906,124.8429946899414,125.0826187133789,108.44290924072266,4840439,0.0,0.0,GE
2015-08-03 00:00:00-04:00,125.178466796875,125.22638702392578,122.68639373779297,123.98035430908203,107.48726654052734,6798273,0.0,0.0,GE
2015-08-04 00:00:00-04:00,124.07620239257812,124.89091491699219,123.78865814208984,124.12413024902344,107.61192321777344,4587478,0.0,0.0,GE
2015-08-05 00:00:00-04:00,125.0346908569336,126.18487548828125,124.74714660644531,125.0826187133789,108.44290924072266,5314916,0.0,0.0,GE
2015-08-06 00:00:00-04:00,125.32223510742188,125.46601104736328,124.41167449951172,124.74714660644531,108.15206146240234,3609479,0.0,0.0,GE
2015-08-07 00:00:00-04:00,124.3637466430664,124.89091491699219,122.73432159423828,123.59696197509766,107.15485382080078,5407728,0.0,0.0,GE
2015-08-10 00:00:00-04:00,124.12413024902344,126.04109954833984,124.12413024902344,125.75355529785156,109.02458190917969,4899219,0.0,0.0,GE
2015-08-11 00:00:00-04:00,124.74714660644531,124.74714660644531,122.87809753417969,123.21356201171875,106.82247924804688,5891637,0.0,0.0,GE
2015-08-12 00:00:00-04:00,122.39884948730469,124.02828216552734,121.48828887939453,123.93243408203125,107.44573974609375,6567598,0.0,0.0,GE
2015-08-13 00:00:00-04:00,123.50111389160156,124.17205047607422,122.7822494506836,123.59696197509766,107.15485382080078,3425960,0.0,0.0,GE
2015-08-14 00:00:00-04:00,122.92601776123047,125.0826187133789,122.7822494506836,124.98677062988281,108.35980224609375,4337313,0.0,0.0,GE
2015-08-17 00:00:00-04:00,124.3637466430664,125.75355529785156,123.64488220214844,125.60978698730469,108.89994049072266,4011257,0.0,0.0,GE
2015-08-18 00:00:00-04:00,125.41808319091797,125.60978698730469,124.31582641601562,124.9388427734375,108.3182373046875,4246023,0.0,0.0,GE
2015-08-19 00:00:00-04:00,124.12413024902344,124.74714660644531,122.7822494506836,123.30941772460938,106.90557098388672,6082479,0.0,0.0,GE
2015-08-20 00:00:00-04:00,122.25508117675781,122.87809753417969,120.67357635498047,120.72149658203125,104.66193389892578,7229265,0.0,0.0,GE
2015-08-21 00:00:00-04:00,119.3316879272461,120.43395233154297,117.70226287841797,117.84603118896484,102.16899871826172,13584299,0.0,0.0,GE
2015-08-24 00:00:00-04:00,109.45926666259766,115.21019744873047,92.82951354980469,114.39547729492188,99.17745971679688,19037599,0.0,0.0,GE
2015-08-25 00:00:00-04:00,118.51697540283203,118.56490325927734,111.52001953125,111.52001953125,96.68451690673828,12682065,0.0,0.0,GE
2015-08-26 00:00:00-04:00,114.29962921142578,115.35396575927734,111.52001953125,115.06642150878906,99.75914764404297,16477190,0.0,0.0,GE
2015-08-27 00:00:00-04:00,117.0792465209961,119.85885620117188,116.8396224975586,119.85885620117188,103.9140396118164,13540959,0.0,0.0,GE
2015-08-28 00:00:00-04:00,119.42754364013672,120.62564849853516,118.75659942626953,120.57772064208984,104.53727722167969,6873851,0.0,0.0,GE
2015-08-31 00:00:00-04:00,119.715087890625,119.715087890625,117.79811096191406,118.94829559326172,103.12460327148438,7721916,0.0,0.0,GE
2015-09-01 00:00:00-04:00,116.1686782836914,116.7437744140625,113.48491668701172,114.44340515136719,99.21900939941406,13634816,0.0,0.0,GE
2015-09-02 00:00:00-04:00,115.68943786621094,117.79811096191406,114.20378112792969,117.75018310546875,102.08589172363281,10533429,0.0,0.0,GE
2015-09-03 00:00:00-04:00,118.66075134277344,119.5713119506836,116.8875503540039,117.46263885498047,101.83657836914062,7003701,0.0,0.0,GE
2015-09-04 00:00:00-04:00,115.88113403320312,115.88113403320312,114.29962921142578,115.01849365234375,99.7176284790039,7434296,0.0,0.0,GE
2015-09-08 00:00:00-04:00,117.46263885498047,119.715087890625,116.31245422363281,119.6192398071289,103.7062759399414,9642859,0.0,0.0,GE
2015-09-09 00:00:00-04:00,120.76942443847656,120.86527252197266,117.3188705444336,117.65433502197266,102.00279235839844,7222045,0.0,0.0,GE
2015-09-10 00:00:00-04:00,117.70226287841797,119.1399917602539,117.41471862792969,118.27735137939453,102.54291534423828,7312166,0.0,0.0,GE
2015-09-11 00:00:00-04:00,118.56490325927734,119.6192398071289,117.41471862792969,119.5713119506836,103.66475677490234,6656947,0.0,0.0,GE
2015-09-14 00:00:00-04:00,119.66716003417969,119.715087890625,117.89395904541016,118.70867156982422,102.9168930053711,5474792,0.0,0.0,GE
2015-09-15 00:00:00-04:00,119.3316879272461,121.967529296875,118.37319946289062,121.24866485595703,105.11900329589844,9668295,0.0,0.0,GE
2015-09-16 00:00:00-04:00,122.3509292602539,124.74714660644531,121.82376098632812,124.26789855957031,107.73656463623047,12841086,0.0,0.0,GE
2015-09-17 00:00:00-04:00,122.2071533203125,124.26789855957031,121.10489654541016,121.48828887939453,106.26933288574219,10191912,1.102261,0.0,GE
2015-09-18 00:00:00-04:00,120.52980041503906,120.81734466552734,118.42112731933594,118.85244750976562,103.96369171142578,16248371,0.0,0.0,GE
2015-09-21 00:00:00-04:00,119.28376770019531,120.76942443847656,119.04414367675781,120.24225616455078,105.17937469482422,6180342,0.0,0.0,GE
2015-09-22 00:00:00-04:00,118.66075134277344,120.57772064208984,117.89395904541016,120.33810424804688,105.26322937011719,9223908,0.0,0.0,GE
2015-09-23 00:00:00-04:00,119.85885620117188,121.39244079589844,119.715087890625,120.48187255859375,105.38899230957031,8594791,0.0,0.0,GE
2015-09-24 00:00:00-04:00,119.18791961669922,121.967529296875,118.13358306884766,119.3796157836914,104.42485809326172,11109065,0.0,0.0,GE
2015-09-25 00:00:00-04:00,119.8109359741211,120.00263214111328,119.1399917602539,119.42754364013672,104.46675109863281,8127409,0.0,0.0,GE
2015-09-28 00:00:00-04:00,118.32527923583984,118.56490325927734,116.504150390625,116.504150390625,101.90956115722656,8897623,0.0,0.0,GE
2015-09-29 00:00:00-04:00,116.5999984741211,117.89395904541016,116.26453399658203,117.75018310546875,102.99950408935547,8677797,0.0,0.0,GE
2015-09-30 00:00:00-04:00,118.51697540283203,120.96112060546875,118.32527923583984,120.86527252197266,105.72435760498047,9130698,0.0,0.0,GE
2015-10-01 00:00:00-04:00,120.52980041503906,121.29659271240234,118.80451965332031,120.72149658203125,105.5986099243164,8288809,0.0,0.0,GE
2015-10-02 00:00:00-04:00,119.18791961669922,122.15922546386719,118.99622344970703,122.0633773803711,106.77237701416016,8904905,0.0,0.0,GE
2015-10-05 00:00:00-04:00,126.37657165527344,130.3542938232422,125.65770721435547,128.53317260742188,112.43171691894531,21997846,0.0,0.0,GE
2015-10-06 00:00:00-04:00,129.34788513183594,131.36070251464844,129.20411682128906,130.78561401367188,114.4019775390625,15004766,0.0,0.0,GE
2015-10-07 00:00:00-04:00,131.79202270507812,133.0859832763672,130.92938232421875,133.0859832763672,116.4141845703125,13703048,0.0,0.0,GE
2015-10-08 00:00:00-04:00,132.4150390625,135.146728515625,131.45655822753906,134.33201599121094,117.50410461425781,10665700,0.0,0.0,GE
2015-10-09 00:00:00-04:00,134.09239196777344,135.00296020507812,133.66107177734375,134.52371215820312,117.67180633544922,9875476,0.0,0.0,GE
2015-10-12 00:00:00-04:00,134.09239196777344,135.00296020507812,133.75692749023438,134.61956787109375,117.75564575195312,5266548,0.0,0.0,GE
2015-10-13 00:00:00-04:00,134.0444793701172,135.53013610839844,133.5652313232422,133.5652313232422,116.83341217041016,9014870,0.0,0.0,GE
2015-10-14 00:00:00-04:00,132.9422149658203,133.4214630126953,131.69618225097656,132.27127075195312,115.70153045654297,8160336,0.0,0.0,GE
2015-10-15 00:00:00-04:00,133.22975158691406,135.00296020507812,132.4629669189453,134.33201599121094,117.50410461425781,16062516,0.0,0.0,GE
2015-10-16 00:00:00-04:00,137.11163330078125,139.89125061035156,135.24258422851562,138.8848419189453,121.48661804199219,29634440,0.0,0.0,GE
2015-10-19 00:00:00-04:00,138.02220153808594,141.66444396972656,137.78257751464844,138.93275451660156,121.5285415649414,27342329,0.0,0.0,GE
2015-10-20 00:00:00-04:00,138.1180419921875,138.98068237304688,137.54295349121094,137.9263458251953,120.6481704711914,15681999,0.0,0.0,GE
2015-10-21 00:00:00-04:00,137.97427368164062,140.13087463378906,137.9263458251953,138.26182556152344,120.94164276123047,13647356,0.0,0.0,GE
2015-10-22 00:00:00-04:00,138.74105834960938,142.52708435058594,138.5493621826172,141.7602996826172,124.00184631347656,17001036,0.0,0.0,GE
2015-10-23 00:00:00-04:00,142.33538818359375,142.95840454101562,140.99351501464844,141.42481994628906,123.7083969116211,16039271,0.0,0.0,GE
2015-10-26 00:00:00-04:00,141.47274780273438,142.14369201660156,140.94558715820312,141.6165313720703,123.87606811523438,10173821,0.0,0.0,GE
2015-10-27 00:00:00-04:00,140.94558715820312,142.0478515625,140.08294677734375,141.18521118164062,123.49881744384766,14106851,0.0,0.0,GE
2015-10-28 00:00:00-04:00,140.56219482421875,141.7602996826172,139.69955444335938,140.8497314453125,123.205322265625,14831180,0.0,0.0,GE
2015-10-29 00:00:00-04:00,139.79539489746094,140.8018035888672,139.2682342529297,140.610107421875,122.99575805664062,8841827,0.0,0.0,GE
2015-10-30 00:00:00-04:00,140.03501892089844,140.56219482421875,138.5493621826172,138.5972900390625,121.235107421875,14819474,0.0,0.0,GE
2015-11-02 00:00:00-05:00,138.69313049316406,140.8976593017578,138.4055938720703,140.8976593017578,123.24726104736328,12416375,0.0,0.0,GE
2015-11-03 00:00:00-05:00,139.98709106445312,142.76670837402344,139.84332275390625,141.8082275390625,124.04379272460938,19996067,0.0,0.0,GE
2015-11-04 00:00:00-05:00,141.6165313720703,142.76670837402344,141.18521118164062,141.568603515625,123.83419036865234,21937459,0.0,0.0,GE
2015-11-05 00:00:00-05:00,141.23312377929688,142.52708435058594,140.46633911132812,142.0478515625,124.25337982177734,25580616,0.0,0.0,GE
2015-11-06 00:00:00-05:00,141.08935546875,143.5334930419922,140.1787872314453,143.3897247314453,125.42711639404297,26314334,0.0,0.0,GE
2015-11-09 00:00:00-05:00,142.62294006347656,143.5334930419922,140.8018035888672,142.57501220703125,124.71449279785156,30352447,0.0,0.0,GE
2015-11-10 00:00:00-05:00,141.9999237060547,145.06707763671875,141.90406799316406,144.3482208251953,126.26554107666016,49967267,0.0,0.0,GE
2015-11-11 00:00:00-05:00,144.7316131591797,147.7029266357422,144.7316131591797,146.9840545654297,128.57119750976562,41231379,0.0,0.0,GE
2015-11-12 00:00:00-05:00,145.73802185058594,148.08631896972656,144.30029296875,144.5399169921875,126.43328857421875,61094507,0.0,0.0,GE
2015-11-13 00:00:00-05:00,143.1021728515625,146.1214141845703,142.86256408691406,145.11500549316406,126.9363021850586,51571608,0.0,0.0,GE
2015-11-16 00:00:00-05:00,143.19802856445312,146.64859008789062,142.67086791992188,145.49839782714844,127.27168273925781,59427840,0.0,0.0,GE
2015-11-17 00:00:00-05:00,146.5048065185547,147.36744689941406,143.7731170654297,145.30670166015625,127.10401153564453,90002762,0.0,0.0,GE
2015-11-18 00:00:00-05:00,144.82745361328125,146.5048065185547,144.2523651123047,146.2651824951172,127.9424057006836,37094987,0.0,0.0,GE
2015-11-19 00:00:00-05:00,145.59425354003906,146.21726989746094,144.9712371826172,145.06707763671875,126.89436340332031,20642961,0.0,0.0,GE
2015-11-20 00:00:00-05:00,145.01914978027344,148.51763916015625,144.77952575683594,146.93612670898438,128.52926635742188,43977100,0.0,0.0,GE
2015-11-23 00:00:00-05:00,146.6006622314453,147.7029266357422,145.01914978027344,146.6006622314453,128.23587036132812,28251073,0.0,0.0,GE
2015-11-24 00:00:00-05:00,145.35462951660156,147.94253540039062,145.11500549316406,146.93612670898438,128.52926635742188,30438937,0.0,0.0,GE
2015-11-25 00:00:00-05:00,146.8402862548828,146.88819885253906,145.21084594726562,145.49839782714844,127.27168273925781,11301076,0.0,0.0,GE
2015-11-27 00:00:00-05:00,145.06707763671875,145.59425354003906,144.68368530273438,145.49839782714844,127.27168273925781,6915875,0.0,0.0,GE
2015-11-30 00:00:00-05:00,145.35462951660156,145.92971801757812,143.48558044433594,143.48558044433594,125.51103973388672,16633832,0.0,0.0,GE
2015-12-01 00:00:00-05:00,143.72520446777344,144.9712371826172,143.1501007080078,144.58782958984375,126.47520446777344,11318854,0.0,0.0,GE
2015-12-02 00:00:00-05:00,144.20443725585938,144.87538146972656,143.19802856445312,143.6293487548828,125.63679504394531,9206923,0.0,0.0,GE
2015-12-03 00:00:00-05:00,144.20443725585938,144.9712371826172,143.6293487548828,143.91690063476562,125.8883056640625,13139431,0.0,0.0,GE
2015-12-04 00:00:00-05:00,144.1085968017578,146.2651824951172,143.5814208984375,146.1214141845703,127.81664276123047,12144801,0.0,0.0,GE
2015-12-07 00:00:00-05:00,145.78594970703125,145.8817901611328,144.3482208251953,145.54632568359375,127.3135986328125,13913859,0.0,0.0,GE
2015-12-08 00:00:00-05:00,144.1085968017578,145.59425354003906,143.341796875,144.68368530273438,126.55899810791016,11114491,0.0,0.0,GE
2015-12-09 00:00:00-05:00,143.8689727783203,146.6006622314453,143.5814208984375,146.02557373046875,127.73281860351562,10550039,0.0,0.0,GE
2015-12-10 00:00:00-05:00,145.8817901611328,148.23008728027344,145.54632568359375,146.88819885253906,128.4873809814453,9824333,0.0,0.0,GE
2015-12-11 00:00:00-05:00,145.30670166015625,146.69650268554688,144.4919891357422,145.01914978027344,126.85252380371094,13126452,0.0,0.0,GE
2015-12-14 00:00:00-05:00,145.01914978027344,145.97764587402344,142.67086791992188,145.01914978027344,126.85252380371094,13575410,0.0,0.0,GE
2015-12-15 00:00:00-05:00,145.69009399414062,146.69650268554688,144.82745361328125,145.30670166015625,127.10401153564453,12383177,0.0,0.0,GE
2015-12-16 00:00:00-05:00,145.97764587402344,149.66781616210938,145.78594970703125,148.46971130371094,129.8707733154297,15405835,0.0,0.0,GE
2015-12-17 00:00:00-05:00,148.27801513671875,148.80517578125,146.3131103515625,146.40896606445312,129.0260772705078,12107430,1.102261,0.0,GE
2015-12-18 00:00:00-05:00,145.6421661376953,146.552734375,145.11500549316406,145.11500549316406,127.8857421875,17349168,0.0,0.0,GE
2015-12-21 00:00:00-05:00,145.78594970703125,146.64859008789062,144.4919891357422,145.69009399414062,128.392578125,8496553,0.0,0.0,GE
2015-12-22 00:00:00-05:00,146.1214141845703,146.7923583984375,144.5399169921875,146.1214141845703,128.77267456054688,8817309,0.0,0.0,GE
2015-12-23 00:00:00-05:00,146.2651824951172,148.5655517578125,146.2651824951172,148.32594299316406,130.71543884277344,7464970,0.0,0.0,GE
2015-12-24 00:00:00-05:00,148.08631896972656,148.23008728027344,147.0799102783203,147.75083923339844,130.2086639404297,2820882,0.0,0.0,GE
2015-12-28 00:00:00-05:00,147.31951904296875,148.5655517578125,146.69650268554688,148.08631896972656,130.5042724609375,5541585,0.0,0.0,GE
2015-12-29 00:00:00-05:00,148.6134796142578,150.86593627929688,148.5655517578125,149.90744018554688,132.1092071533203,6969397,0.0,0.0,GE
2015-12-30 00:00:00-05:00,149.90744018554688,150.67422485351562,148.6134796142578,148.80517578125,131.13780212402344,6077847,0.0,0.0,GE
2015-12-31 00:00:00-05:00,147.89462280273438,150.91384887695312,147.55914306640625,149.284423828125,131.56016540527344,10914634,0.0,0.0,GE
2016-01-04 00:00:00-05:00,146.40896606445312,147.41537475585938,144.9712371826172,147.17575073242188,129.7018280029297,13120985,0.0,0.0,GE
2016-01-05 00:00:00-05:00,147.031982421875,147.79876708984375,145.92971801757812,147.31951904296875,129.82852172851562,11513181,0.0,0.0,GE
2016-01-06 00:00:00-05:00,145.06707763671875,147.2236785888672,144.0127410888672,144.9712371826172,127.75907135009766,13073243,0.0,0.0,GE
2016-01-07 00:00:00-05:00,142.09576416015625,143.5814208984375,138.26182556152344,138.8369140625,122.35301208496094,19252709,0.0,0.0,GE
2016-01-08 00:00:00-05:00,139.93917846679688,140.4184112548828,135.8176727294922,136.3448486328125,120.15686798095703,15544512,0.0,0.0,GE
2016-01-11 00:00:00-05:00,136.7761688232422,143.3897247314453,135.3863525390625,136.96786499023438,120.70586395263672,12192835,0.0,0.0,GE
2016-01-12 00:00:00-05:00,137.83050537109375,138.4055938720703,135.8176727294922,137.25540161132812,120.95933532714844,9949593,0.0,0.0,GE
2016-01-13 00:00:00-05:00,138.5493621826172,139.2682342529297,135.146728515625,135.3384246826172,119.26993560791016,11626172,0.0,0.0,GE
2016-01-14 00:00:00-05:00,135.6739044189453,140.1787872314453,135.5780487060547,139.2682342529297,122.73320007324219,13612468,0.0,0.0,GE
2016-01-15 00:00:00-05:00,134.85919189453125,137.83050537109375,134.66749572753906,136.5365447998047,120.32579803466797,14486324,0.0,0.0,GE
2016-01-19 00:00:00-05:00,137.63880920410156,138.45352172851562,135.146728515625,136.5365447998047,120.32579803466797,10847674,0.0,0.0,GE
2016-01-20 00:00:00-05:00,133.852783203125,136.24899291992188,131.69618225097656,134.18824768066406,118.25630950927734,18375368,0.0,0.0,GE
2016-01-21 00:00:00-05:00,134.81126403808594,138.93275451660156,134.81126403808594,137.01577758789062,120.74813842773438,11692923,0.0,0.0,GE
2016-01-22 00:00:00-05:00,136.82408142089844,136.87200927734375,132.79844665527344,135.3384246826172,119.26993560791016,18335013,0.0,0.0,GE
2016-01-25 00:00:00-05:00,135.72183227539062,136.5365447998047,134.18824768066406,134.37994384765625,118.4252700805664,9358244,0.0,0.0,GE
2016-01-26 00:00:00-05:00,134.52371215820312,136.7761688232422,134.42787170410156,135.6739044189453,119.56558227539062,8854138,0.0,0.0,GE
2016-01-27 00:00:00-05:00,135.146728515625,136.96786499023438,133.3256072998047,134.18824768066406,118.25630950927734,9622744,0.0,0.0,GE
2016-01-28 00:00:00-05:00,135.24258422851562,135.8656005859375,133.852783203125,135.1946563720703,119.1432113647461,8361069,0.0,0.0,GE
2016-01-29 00:00:00-05:00,136.39276123046875,139.5078582763672,135.8176727294922,139.45993041992188,122.902099609375,10761998,0.0,0.0,GE
2016-02-01 00:00:00-05:00,139.0286102294922,139.12445068359375,136.87200927734375,137.25540161132812,120.95933532714844,9065575,0.0,0.0,GE
2016-02-02 00:00:00-05:00,135.48220825195312,135.5780487060547,133.8048553466797,135.3384246826172,119.26993560791016,8361466,0.0,0.0,GE
2016-02-03 00:00:00-05:00,136.0572967529297,137.49502563476562,133.5652313232422,137.39918518066406,121.08602905273438,9235718,0.0,0.0,GE
2016-02-04 00:00:00-05:00,137.30332946777344,141.18521118164062,136.5365447998047,139.84332275390625,123.23995971679688,11267398,0.0,0.0,GE
2016-02-05 00:00:00-05:00,139.69955444335938,139.93917846679688,135.6259765625,136.7761688232422,120.53697967529297,10847236,0.0,0.0,GE
2016-02-08 00:00:00-05:00,135.24258422851562,135.48220825195312,133.03805541992188,135.00296020507812,118.97428894042969,10035895,0.0,0.0,GE
2016-02-09 00:00:00-05:00,132.99014282226562,136.7761688232422,132.99014282226562,135.53013610839844,119.43888854980469,7727091,0.0,0.0,GE
2016-02-10 00:00:00-05:00,135.96144104003906,137.54295349121094,135.3863525390625,135.6259765625,119.52336120605469,6779974,0.0,0.0,GE
2016-02-11 00:00:00-05:00,132.99014282226562,134.33201599121094,129.8750457763672,131.55239868164062,115.93341827392578,16807731,0.0,0.0,GE
2016-02-12 00:00:00-05:00,132.12750244140625,135.4342803955078,131.12109375,135.4342803955078,119.35438537597656,12028451,0.0,0.0,GE
2016-02-16 00:00:00-05:00,136.96786499023438,139.12445068359375,136.20106506347656,138.3097381591797,121.88845825195312,9852773,0.0,0.0,GE
2016-02-17 00:00:00-05:00,139.65162658691406,141.90406799316406,139.55577087402344,140.610107421875,123.91569519042969,7982327,0.0,0.0,GE
2016-02-18 00:00:00-05:00,140.4184112548828,140.6580352783203,138.93275451660156,139.36407470703125,122.8176498413086,6479855,0.0,0.0,GE
2016-02-19 00:00:00-05:00,138.69313049316406,139.60369873046875,137.4470977783203,139.0765380859375,122.5642318725586,7525419,0.0,0.0,GE
2016-02-22 00:00:00-05:00,139.0765380859375,141.3289794921875,139.0765380859375,140.94558715820312,124.21131896972656,8036224,0.0,0.0,GE
2016-02-23 00:00:00-05:00,139.98709106445312,140.70596313476562,139.36407470703125,140.03501892089844,123.40892791748047,6500074,0.0,0.0,GE
2016-02-24 00:00:00-05:00,138.50143432617188,139.22030639648438,136.105224609375,138.7889862060547,122.31078338623047,9374875,0.0,0.0,GE
2016-02-25 00:00:00-05:00,138.02220153808594,140.32257080078125,137.9263458251953,140.08294677734375,124.43941497802734,7487067,1.102261,0.0,GE
2016-02-26 00:00:00-05:00,140.4184112548828,141.66444396972656,140.3704833984375,140.8976593017578,125.16314697265625,6123210,0.0,0.0,GE
2016-02-29 00:00:00-05:00,141.08935546875,141.6165313720703,139.55577087402344,139.65162658691406,124.0562744140625,7129232,0.0,0.0,GE
2016-03-01 00:00:00-05:00,140.94558715820312,143.6293487548828,140.46633911132812,143.19802856445312,127.2066421508789,6746609,0.0,0.0,GE
2016-03-02 00:00:00-05:00,142.71878051757812,144.63575744628906,142.62294006347656,144.63575744628906,128.4838104248047,7765401,0.0,0.0,GE
2016-03-03 00:00:00-05:00,144.7316131591797,145.69009399414062,144.0606689453125,144.82745361328125,128.65411376953125,5866096,0.0,0.0,GE
2016-03-04 00:00:00-05:00,144.82745361328125,146.6006622314453,144.82745361328125,145.97764587402344,129.6758575439453,6893131,0.0,0.0,GE
2016-03-07 00:00:00-05:00,145.01914978027344,145.92971801757812,144.39613342285156,145.16293334960938,128.95211791992188,5476796,0.0,0.0,GE
2016-03-08 00:00:00-05:00,144.15650939941406,144.82745361328125,143.6293487548828,144.0606689453125,127.97293090820312,6499386,0.0,0.0,GE
2016-03-09 00:00:00-05:00,144.5399169921875,144.7316131591797,143.6293487548828,144.0127410888672,127.9303970336914,5179181,0.0,0.0,GE
2016-03-10 00:00:00-05:00,144.58782958984375,145.16293334960938,142.76670837402344,143.48558044433594,127.46215057373047,6916710,0.0,0.0,GE
2016-03-11 00:00:00-05:00,144.44406127929688,146.552734375,144.44406127929688,145.40255737304688,129.16500854492188,6710489,0.0,0.0,GE
2016-03-14 00:00:00-04:00,144.82745361328125,145.54632568359375,144.15650939941406,145.06707763671875,128.86697387695312,4624015,0.0,0.0,GE
2016-03-15 00:00:00-04:00,143.91690063476562,145.54632568359375,143.91690063476562,145.11500549316406,128.90956115722656,6030126,0.0,0.0,GE
2016-03-16 00:00:00-04:00,144.92330932617188,145.25877380371094,144.1085968017578,144.58782958984375,128.4412384033203,6853924,0.0,0.0,GE
2016-03-17 00:00:00-04:00,144.82745361328125,149.0927276611328,144.63575744628906,148.3738555908203,131.8044891357422,12653958,0.0,0.0,GE
2016-03-18 00:00:00-04:00,148.9968719482422,149.284423828125,148.08631896972656,148.18215942382812,131.6341552734375,10928447,0.0,0.0,GE
2016-03-21 00:00:00-04:00,147.84669494628906,149.5240478515625,147.55914306640625,148.9968719482422,132.35792541503906,5710727,0.0,0.0,GE
2016-03-22 00:00:00-04:00,148.46971130371094,149.7157440185547,148.42178344726562,148.8531036376953,132.23016357421875,5432726,0.0,0.0,GE
2016-03-23 00:00:00-04:00,148.75726318359375,149.7157440185547,148.6134796142578,148.90103149414062,132.2727813720703,5682933,0.0,0.0,GE
2016-03-24 00:00:00-04:00,148.1342315673828,149.0927276611328,147.7029266357422,149.0927276611328,132.4430694580078,5759700,0.0,0.0,GE
2016-03-28 00:00:00-04:00,149.2364959716797,151.92025756835938,149.0447998046875,150.91384887695312,134.0608673095703,8239398,0.0,0.0,GE
2016-03-29 00:00:00-04:00,150.77008056640625,151.3451690673828,149.90744018554688,150.86593627929688,134.01820373535156,8043882,0.0,0.0,GE
2016-03-30 00:00:00-04:00,152.2078094482422,153.11837768554688,152.0640411376953,152.5432891845703,135.50828552246094,7322787,0.0,0.0,GE
2016-03-31 00:00:00-04:00,152.83082580566406,153.5976104736328,152.2078094482422,152.35157775878906,135.33795166015625,7685922,0.0,0.0,GE
2016-04-01 00:00:00-04:00,150.96177673339844,153.45384216308594,150.72215270996094,153.02252197265625,135.93402099609375,8221203,0.0,0.0,GE
2016-04-04 00:00:00-04:00,151.87234497070312,151.9681854248047,148.9968719482422,149.66781616210938,132.95391845703125,9374979,0.0,0.0,GE
2016-04-05 00:00:00-04:00,148.32594299316406,149.18858337402344,147.51123046875,148.46971130371094,131.8896484375,6527388,0.0,0.0,GE
2016-04-06 00:00:00-04:00,148.03839111328125,150.96177673339844,146.8402862548828,148.08631896972656,131.54905700683594,7646047,0.0,0.0,GE
2016-04-07 00:00:00-04:00,147.2236785888672,147.51123046875,146.21726989746094,146.7923583984375,130.39959716796875,7003430,0.0,0.0,GE
2016-04-08 00:00:00-04:00,148.08631896972656,148.94895935058594,147.0799102783203,147.55914306640625,131.0807647705078,5594001,0.0,0.0,GE
2016-04-11 00:00:00-04:00,147.75083923339844,148.5655517578125,147.17575073242188,147.17575073242188,130.7401580810547,5242948,0.0,0.0,GE
2016-04-12 00:00:00-04:00,147.031982421875,148.23008728027344,146.552734375,147.65499877929688,131.1658935546875,5749746,0.0,0.0,GE
2016-04-13 00:00:00-04:00,148.46971130371094,149.0447998046875,148.27801513671875,148.46971130371094,131.8896484375,4943768,0.0,0.0,GE
2016-04-14 00:00:00-04:00,148.51763916015625,148.94895935058594,147.89462280273438,148.66140747070312,132.05990600585938,4485692,0.0,0.0,GE
2016-04-15 00:00:00-04:00,148.90103149414062,149.0447998046875,148.23008728027344,148.70933532714844,132.1024932861328,5099722,0.0,0.0,GE
2016-04-18 00:00:00-04:00,148.08631896972656,149.4761199951172,148.08631896972656,148.8531036376953,132.23016357421875,4397428,0.0,0.0,GE
2016-04-19 00:00:00-04:00,149.2364959716797,149.5719757080078,148.6134796142578,149.284423828125,132.61338806152344,4772603,0.0,0.0,GE
2016-04-20 00:00:00-04:00,149.5240478515625,150.24290466308594,148.80517578125,149.284423828125,132.61338806152344,5540166,0.0,0.0,GE
2016-04-21 00:00:00-04:00,149.14065551757812,149.90744018554688,147.84669494628906,148.46971130371094,131.8896484375,8273744,0.0,0.0,GE
2016-04-22 00:00:00-04:00,148.70933532714844,149.42819213867188,145.25877380371094,147.41537475585938,130.95298767089844,11788886,0.0,0.0,GE
2016-04-25 00:00:00-04:00,147.65499877929688,147.89462280273438,145.69009399414062,147.031982421875,130.6124725341797,7402601,0.0,0.0,GE
2016-04-26 00:00:00-04:00,147.79876708984375,148.46971130371094,147.31951904296875,148.08631896972656,131.54905700683594,5985451,0.0,0.0,GE
2016-04-27 00:00:00-04:00,148.27801513671875,148.6134796142578,147.7029266357422,148.23008728027344,131.6767578125,4787522,0.0,0.0,GE
2016-04-28 00:00:00-04:00,147.31951904296875,149.61988830566406,147.12782287597656,148.08631896972656,131.54905700683594,6015060,0.0,0.0,GE
2016-04-29 00:00:00-04:00,147.36744689941406,148.42178344726562,146.64859008789062,147.36744689941406,130.9104766845703,6030877,0.0,0.0,GE
2016-05-02 00:00:00-04:00,146.8402862548828,148.51763916015625,146.7923583984375,148.03839111328125,131.50650024414062,3587131,0.0,0.0,GE
2016-05-03 00:00:00-04:00,146.8402862548828,147.17575073242188,145.45046997070312,146.7923583984375,130.39959716796875,5783174,0.0,0.0,GE
2016-05-04 00:00:00-04:00,145.69009399414062,145.78594970703125,143.24595642089844,144.1085968017578,128.0155487060547,8303624,0.0,0.0,GE
2016-05-05 00:00:00-04:00,144.44406127929688,144.92330932617188,142.81463623046875,143.24595642089844,127.24919128417969,6614421,0.0,0.0,GE
2016-05-06 00:00:00-04:00,142.2395477294922,144.92330932617188,140.94558715820312,144.3482208251953,128.2283935546875,5905429,0.0,0.0,GE
2016-05-09 00:00:00-04:00,144.0127410888672,144.20443725585938,141.9999237060547,143.1501007080078,127.16409301757812,5666073,0.0,0.0,GE
2016-05-10 00:00:00-04:00,143.72520446777344,146.45687866210938,143.67727661132812,146.073486328125,129.76101684570312,5661086,0.0,0.0,GE
2016-05-11 00:00:00-04:00,146.16934204101562,147.36744689941406,145.40255737304688,145.40255737304688,129.16500854492188,4926616,0.0,0.0,GE
2016-05-12 00:00:00-04:00,143.00633239746094,144.7316131591797,143.00633239746094,144.20443725585938,128.1006317138672,9863374,0.0,0.0,GE
2016-05-13 00:00:00-04:00,143.6293487548828,144.30029296875,141.568603515625,142.0478515625,126.18495178222656,7358865,0.0,0.0,GE
2016-05-16 00:00:00-04:00,141.6165313720703,144.39613342285156,141.47274780273438,143.5814208984375,127.54723358154297,5362261,0.0,0.0,GE
2016-05-17 00:00:00-04:00,143.24595642089844,144.20443725585938,141.7602996826172,142.38331604003906,126.48290252685547,6994374,0.0,0.0,GE
2016-05-18 00:00:00-04:00,142.33538818359375,143.05426025390625,141.0414276123047,141.90406799316406,126.05722045898438,5801954,0.0,0.0,GE
2016-05-19 00:00:00-04:00,140.56219482421875,141.1372833251953,139.2682342529297,140.70596313476562,124.99285888671875,7103859,0.0,0.0,GE
2016-05-20 00:00:00-04:00,141.5206756591797,142.2395477294922,141.0414276123047,141.66444396972656,125.84436798095703,7304112,0.0,0.0,GE
2016-05-23 00:00:00-04:00,141.47274780273438,142.19161987304688,140.94558715820312,141.3289794921875,125.54634094238281,4927639,0.0,0.0,GE
2016-05-24 00:00:00-04:00,142.43124389648438,143.6293487548828,142.28746032714844,143.05426025390625,127.0789566040039,5053858,0.0,0.0,GE
2016-05-25 00:00:00-04:00,143.7731170654297,145.30670166015625,143.5814208984375,144.20443725585938,128.1006317138672,5771239,0.0,0.0,GE
2016-05-26 00:00:00-04:00,144.1085968017578,144.87538146972656,143.7731170654297,143.8689727783203,127.80268096923828,4725654,0.0,0.0,GE
2016-05-27 00:00:00-04:00,144.44406127929688,144.68368530273438,143.96481323242188,144.3482208251953,128.2283935546875,4068723,0.0,0.0,GE
2016-05-31 00:00:00-04:00,144.3482208251953,145.40255737304688,144.1085968017578,144.87538146972656,128.69667053222656,6321689,0.0,0.0,GE
2016-06-01 00:00:00-04:00,143.96481323242188,144.44406127929688,143.24595642089844,144.30029296875,128.1858367919922,4408341,0.0,0.0,GE
2016-06-02 00:00:00-04:00,143.821044921875,144.0127410888672,143.05426025390625,144.0127410888672,127.9303970336914,3971111,0.0,0.0,GE
2016-06-03 00:00:00-04:00,143.8689727783203,144.0127410888672,142.86256408691406,143.48558044433594,127.46215057373047,4966679,0.0,0.0,GE
2016-06-06 00:00:00-04:00,143.7731170654297,144.87538146972656,143.5334930419922,144.3482208251953,128.2283935546875,3894073,0.0,0.0,GE
2016-06-07 00:00:00-04:00,144.44406127929688,145.73802185058594,144.39613342285156,144.44406127929688,128.31353759765625,5352370,0.0,0.0,GE
2016-06-08 00:00:00-04:00,144.87538146972656,146.16934204101562,144.5399169921875,145.25877380371094,129.0372772216797,6080685,0.0,0.0,GE
2016-06-09 00:00:00-04:00,144.5399169921875,145.35462951660156,143.8689727783203,144.92330932617188,128.7392578125,5535221,0.0,0.0,GE
2016-06-10 00:00:00-04:00,143.8689727783203,145.11500549316406,143.43765258789062,143.96481323242188,127.88777160644531,6140925,0.0,0.0,GE
2016-06-13 00:00:00-04:00,143.67727661132812,144.39613342285156,142.76670837402344,142.95840454101562,126.99376678466797,6877502,0.0,0.0,GE
2016-06-14 00:00:00-04:00,142.9104766845703,145.97764587402344,142.76670837402344,145.8817901611328,129.59068298339844,9118638,0.0,0.0,GE
2016-06-15 00:00:00-04:00,146.073486328125,148.1342315673828,146.02557373046875,146.6006622314453,130.2292938232422,9132138,0.0,0.0,GE
2016-06-16 00:00:00-04:00,144.44406127929688,147.31951904296875,144.15650939941406,146.8402862548828,131.4303436279297,14109334,1.102261,0.0,GE
2016-06-17 00:00:00-04:00,146.88819885253906,147.2236785888672,145.92971801757812,146.64859008789062,131.25877380371094,11609103,0.0,0.0,GE
2016-06-20 00:00:00-04:00,147.84669494628906,150.09913635253906,147.75083923339844,147.75083923339844,132.24542236328125,9993057,0.0,0.0,GE
2016-06-21 00:00:00-04:00,147.99046325683594,148.6134796142578,147.94253540039062,148.27801513671875,132.71722412109375,7518992,0.0,0.0,GE
2016-06-22 00:00:00-04:00,148.5655517578125,149.0447998046875,147.4633026123047,147.51123046875,132.03086853027344,7514297,0.0,0.0,GE
2016-06-23 00:00:00-04:00,148.8531036376953,149.5719757080078,148.42178344726562,149.4761199951172,133.78961181640625,8394267,0.0,0.0,GE
2016-06-24 00:00:00-04:00,144.30029296875,146.40896606445312,142.57501220703125,142.9104766845703,127.91294860839844,17875914,0.0,0.0,GE
2016-06-27 00:00:00-04:00,141.568603515625,141.95199584960938,139.79539489746094,140.51426696777344,125.76818084716797,11276120,0.0,0.0,GE
2016-06-28 00:00:00-04:00,142.86256408691406,143.7731170654297,142.19161987304688,143.48558044433594,128.42776489257812,7972665,0.0,0.0,GE
2016-06-29 00:00:00-04:00,146.21726989746094,146.7444305419922,145.21084594726562,146.40896606445312,131.04432678222656,7484334,0.0,0.0,GE
2016-06-30 00:00:00-04:00,146.93612670898438,150.96177673339844,146.88819885253906,150.86593627929688,135.03355407714844,11375110,0.0,0.0,GE
2016-07-01 00:00:00-04:00,150.86593627929688,151.5847930908203,150.09913635253906,150.91384887695312,135.076416015625,6823313,0.0,0.0,GE
2016-07-05 00:00:00-04:00,149.763671875,151.1055450439453,149.14065551757812,150.72215270996094,134.9048309326172,6752410,0.0,0.0,GE
2016-07-06 00:00:00-04:00,149.85951232910156,152.39950561523438,149.85951232910156,152.11196899414062,136.14877319335938,6699284,0.0,0.0,GE
2016-07-07 00:00:00-04:00,152.4474334716797,153.8372344970703,152.11196899414062,152.495361328125,136.49200439453125,7828563,0.0,0.0,GE
2016-07-08 00:00:00-04:00,153.31007385253906,154.65194702148438,153.31007385253906,154.3164825439453,138.12196350097656,8040105,0.0,0.0,GE
2016-07-11 00:00:00-04:00,154.60403442382812,155.75421142578125,154.22064208984375,154.36441040039062,138.1649169921875,7924798,0.0,0.0,GE
2016-07-12 00:00:00-04:00,154.84365844726562,155.70628356933594,153.98101806640625,154.60403442382812,138.37937927246094,7948148,0.0,0.0,GE
2016-07-13 00:00:00-04:00,154.60403442382812,155.6583709716797,154.5561065673828,155.08326721191406,138.8083038330078,6774090,0.0,0.0,GE
2016-07-14 00:00:00-04:00,155.75421142578125,156.8085479736328,155.70628356933594,156.37722778320312,139.9664764404297,7069013,0.0,0.0,GE
2016-07-15 00:00:00-04:00,157.000244140625,157.9108123779297,156.90440368652344,157.57534790039062,141.0388946533203,8828243,0.0,0.0,GE
2016-07-18 00:00:00-04:00,157.62326049804688,157.86288452148438,156.52101135253906,157.7191162109375,141.16754150390625,7984476,0.0,0.0,GE
2016-07-19 00:00:00-04:00,156.95233154296875,157.9108123779297,156.8085479736328,157.81495666503906,141.25335693359375,7002220,0.0,0.0,GE
2016-07-20 00:00:00-04:00,157.958740234375,158.1504364013672,156.71270751953125,157.09609985351562,140.60989379882812,7419565,0.0,0.0,GE
2016-07-21 00:00:00-04:00,156.85647583007812,157.4315643310547,155.70628356933594,156.18553161621094,139.7948455810547,8848608,0.0,0.0,GE
2016-07-22 00:00:00-04:00,152.0640411376953,153.69346618652344,151.87234497070312,153.64553833007812,137.52145385742188,12053115,0.0,0.0,GE
2016-07-25 00:00:00-04:00,153.69346618652344,153.74139404296875,150.38668823242188,151.63272094726562,135.71986389160156,9541846,0.0,0.0,GE
2016-07-26 00:00:00-04:00,151.7764892578125,152.0640411376953,150.05120849609375,150.81800842285156,134.9906463623047,7700445,0.0,0.0,GE
2016-07-27 00:00:00-04:00,150.91384887695312,151.24932861328125,149.14065551757812,149.90744018554688,134.17559814453125,8191343,0.0,0.0,GE
2016-07-28 00:00:00-04:00,149.5240478515625,150.05120849609375,148.94895935058594,149.763671875,134.04696655273438,6321940,0.0,0.0,GE
2016-07-29 00:00:00-04:00,149.90744018554688,150.62631225585938,149.0927276611328,149.2364959716797,133.57513427734375,10443997,0.0,0.0,GE
2016-08-01 00:00:00-04:00,149.14065551757812,149.61988830566406,148.66140747070312,149.284423828125,133.6180419921875,6500847,0.0,0.0,GE
2016-08-02 00:00:00-04:00,149.0927276611328,149.3323516845703,148.5655517578125,148.80517578125,133.18907165527344,5634002,0.0,0.0,GE
2016-08-03 00:00:00-04:00,148.70933532714844,149.7157440185547,148.70933532714844,149.18858337402344,133.53221130371094,4174494,0.0,0.0,GE
2016-08-04 00:00:00-04:00,149.5240478515625,149.763671875,148.9968719482422,149.38027954101562,133.7038116455078,4234526,0.0,0.0,GE
2016-08-05 00:00:00-04:00,149.85951232910156,150.72215270996094,149.61988830566406,149.90744018554688,134.17559814453125,4502365,0.0,0.0,GE
2016-08-08 00:00:00-04:00,150.0032958984375,150.48252868652344,149.5719757080078,149.85951232910156,134.13275146484375,4263822,0.0,0.0,GE
2016-08-09 00:00:00-04:00,149.66781616210938,150.24290466308594,149.284423828125,150.0032958984375,134.26144409179688,4195944,0.0,0.0,GE
2016-08-10 00:00:00-04:00,149.763671875,150.1949920654297,149.5240478515625,149.85951232910156,134.13275146484375,3868199,0.0,0.0,GE
2016-08-11 00:00:00-04:00,150.05120849609375,150.33876037597656,149.5240478515625,149.9553680419922,134.21853637695312,7926280,0.0,0.0,GE
2016-08-12 00:00:00-04:00,149.5240478515625,149.90744018554688,149.42819213867188,149.7157440185547,134.00405883789062,4450136,0.0,0.0,GE
2016-08-15 00:00:00-04:00,150.0032958984375,150.24290466308594,149.61988830566406,149.7157440185547,134.00405883789062,4080032,0.0,0.0,GE
2016-08-16 00:00:00-04:00,149.2364959716797,149.9553680419922,148.94895935058594,149.4761199951172,133.78961181640625,4670609,0.0,0.0,GE
2016-08-17 00:00:00-04:00,149.8115997314453,150.14706420898438,149.42819213867188,149.9553680419922,134.21853637695312,3672056,0.0,0.0,GE
2016-08-18 00:00:00-04:00,149.763671875,150.62631225585938,149.4761199951172,150.62631225585938,134.81907653808594,5851135,0.0,0.0,GE
2016-08-19 00:00:00-04:00,150.09913635253906,150.48252868652344,149.42819213867188,149.763671875,134.04696655273438,5162884,0.0,0.0,GE
2016-08-22 00:00:00-04:00,149.38027954101562,150.62631225585938,148.94895935058594,150.09913635253906,134.34725952148438,4269331,0.0,0.0,GE
2016-08-23 00:00:00-04:00,150.72215270996094,151.2972412109375,149.66781616210938,149.66781616210938,133.96115112304688,6701538,0.0,0.0,GE
2016-08-24 00:00:00-04:00,149.85951232910156,150.24290466308594,149.38027954101562,149.61988830566406,133.91827392578125,4599977,0.0,0.0,GE
2016-08-25 00:00:00-04:00,149.4761199951172,150.0032958984375,149.18858337402344,149.5719757080078,133.87539672851562,3553077,0.0,0.0,GE
2016-08-26 00:00:00-04:00,149.85951232910156,150.77008056640625,149.2364959716797,149.66781616210938,133.96115112304688,4645987,0.0,0.0,GE
2016-08-29 00:00:00-04:00,149.42819213867188,150.72215270996094,149.38027954101562,150.29083251953125,134.51878356933594,4433840,0.0,0.0,GE
2016-08-30 00:00:00-04:00,150.1949920654297,150.81800842285156,150.0032958984375,150.33876037597656,134.56170654296875,3784692,0.0,0.0,GE
2016-08-31 00:00:00-04:00,149.9553680419922,150.24290466308594,149.4761199951172,149.7157440185547,134.00405883789062,6972715,0.0,0.0,GE
2016-09-01 00:00:00-04:00,149.284423828125,149.9553680419922,148.3738555908203,149.5240478515625,133.83248901367188,8608480,0.0,0.0,GE
2016-09-02 00:00:00-04:00,149.763671875,150.72215270996094,149.66781616210938,149.9553680419922,134.21853637695312,4341736,0.0,0.0,GE
2016-09-06 00:00:00-04:00,150.05120849609375,150.1949920654297,147.60707092285156,148.80517578125,133.18907165527344,8545902,0.0,0.0,GE
2016-09-07 00:00:00-04:00,148.51763916015625,148.8531036376953,147.60707092285156,148.8531036376953,133.23193359375,5689568,0.0,0.0,GE
2016-09-08 00:00:00-04:00,148.5655517578125,148.80517578125,148.08631896972656,148.75726318359375,133.14614868164062,6313322,0.0,0.0,GE
2016-09-09 00:00:00-04:00,147.7029266357422,147.7029266357422,144.30029296875,144.30029296875,129.15696716308594,9310440,0.0,0.0,GE
2016-09-12 00:00:00-04:00,143.7731170654297,146.5048065185547,143.00633239746094,146.1214141845703,130.78695678710938,8640134,0.0,0.0,GE
2016-09-13 00:00:00-04:00,144.82745361328125,144.9712371826172,142.43124389648438,143.05426025390625,128.04165649414062,9403607,0.0,0.0,GE
2016-09-14 00:00:00-04:00,142.86256408691406,143.7731170654297,142.19161987304688,142.33538818359375,127.39824676513672,10657959,0.0,0.0,GE
2016-09-15 00:00:00-04:00,141.6165313720703,143.05426025390625,140.99351501464844,142.57501220703125,128.60867309570312,7324018,1.102261,0.0,GE
2016-09-16 00:00:00-04:00,141.9999237060547,142.57501220703125,141.568603515625,142.2395477294922,128.30606079101562,13549410,0.0,0.0,GE
2016-09-19 00:00:00-04:00,142.71878051757812,143.5814208984375,140.8976593017578,141.0414276123047,127.22530364990234,6364465,0.0,0.0,GE
2016-09-20 00:00:00-04:00,142.19161987304688,142.81463623046875,141.95199584960938,142.19161987304688,128.26284790039062,6186101,0.0,0.0,GE
2016-09-21 00:00:00-04:00,142.57501220703125,143.3897247314453,141.8082275390625,143.05426025390625,129.0409393310547,6057794,0.0,0.0,GE
2016-09-22 00:00:00-04:00,143.5814208984375,144.30029296875,143.43765258789062,143.96481323242188,129.86231994628906,6130471,0.0,0.0,GE
2016-09-23 00:00:00-04:00,143.8689727783203,144.0127410888672,142.86256408691406,143.24595642089844,129.21385192871094,4762024,0.0,0.0,GE
2016-09-26 00:00:00-04:00,142.81463623046875,142.86256408691406,141.47274780273438,141.568603515625,127.70085906982422,5405558,0.0,0.0,GE
2016-09-27 00:00:00-04:00,141.85614013671875,143.6293487548828,141.23312377929688,143.19802856445312,129.1706085205078,5319193,0.0,0.0,GE
2016-09-28 00:00:00-04:00,143.3897247314453,143.48558044433594,141.85614013671875,143.29388427734375,129.25711059570312,5581836,0.0,0.0,GE
2016-09-29 00:00:00-04:00,142.86256408691406,144.2523651123047,141.08935546875,141.5206756591797,127.65763854980469,8111467,0.0,0.0,GE
2016-09-30 00:00:00-04:00,141.85614013671875,143.05426025390625,141.7602996826172,141.95199584960938,128.04672241210938,7536875,0.0,0.0,GE
2016-10-03 00:00:00-04:00,141.18521118164062,142.33538818359375,140.8976593017578,142.0478515625,128.1331329345703,4130278,0.0,0.0,GE
2016-10-04 00:00:00-04:00,142.38331604003906,142.57501220703125,141.1372833251953,141.3769073486328,127.52792358398438,6495171,0.0,0.0,GE
2016-10-05 00:00:00-04:00,141.47274780273438,142.33538818359375,140.8976593017578,141.3769073486328,127.52792358398438,5203386,0.0,0.0,GE
2016-10-06 00:00:00-04:00,140.8976593017578,141.3769073486328,139.65162658691406,140.27464294433594,126.53361511230469,5860880,0.0,0.0,GE
2016-10-07 00:00:00-04:00,139.2682342529297,139.98709106445312,138.5972900390625,139.36407470703125,125.7122802734375,7895794,0.0,0.0,GE
2016-10-10 00:00:00-04:00,138.98068237304688,140.46633911132812,138.0701141357422,138.3097381591797,124.76122283935547,7090734,0.0,0.0,GE
2016-10-11 00:00:00-04:00,137.78257751464844,139.12445068359375,137.49502563476562,138.5972900390625,125.02061462402344,6456464,0.0,0.0,GE
2016-10-12 00:00:00-04:00,138.5972900390625,139.0765380859375,138.0701141357422,138.50143432617188,124.93412780761719,4748043,0.0,0.0,GE
2016-10-13 00:00:00-04:00,137.9263458251953,138.50143432617188,137.35125732421875,137.87841796875,124.3721694946289,5924459,0.0,0.0,GE
2016-10-14 00:00:00-04:00,138.7889862060547,139.12445068359375,138.1180419921875,138.45352172851562,124.8908920288086,5880390,0.0,0.0,GE
2016-10-17 00:00:00-04:00,138.50143432617188,138.93275451660156,137.54295349121094,138.26182556152344,124.71798706054688,8290687,0.0,0.0,GE
2016-10-18 00:00:00-04:00,139.12445068359375,139.36407470703125,138.50143432617188,138.8848419189453,125.28001403808594,5751228,0.0,0.0,GE
2016-10-19 00:00:00-04:00,139.2682342529297,140.03501892089844,139.12445068359375,139.2682342529297,125.62579345703125,6090429,0.0,0.0,GE
2016-10-20 00:00:00-04:00,139.45993041992188,139.93917846679688,138.7889862060547,139.316162109375,125.66901397705078,5932952,0.0,0.0,GE
2016-10-21 00:00:00-04:00,136.2969207763672,138.98068237304688,135.76974487304688,138.8848419189453,125.28001403808594,13386341,0.0,0.0,GE
2016-10-24 00:00:00-04:00,138.98068237304688,139.98709106445312,138.50143432617188,138.5972900390625,125.02061462402344,6497675,0.0,0.0,GE
2016-10-25 00:00:00-04:00,138.69313049316406,139.0286102294922,137.15956115722656,137.30332946777344,123.8533935546875,5525518,0.0,0.0,GE
2016-10-26 00:00:00-04:00,137.01577758789062,139.316162109375,136.82408142089844,138.357666015625,124.8044204711914,5082424,0.0,0.0,GE
2016-10-27 00:00:00-04:00,138.45352172851562,138.7889862060547,137.11163330078125,137.20748901367188,123.7669448852539,5306882,0.0,0.0,GE
2016-10-28 00:00:00-04:00,138.4055938720703,141.8082275390625,138.357666015625,140.03501892089844,126.31745147705078,14162063,0.0,0.0,GE
2016-10-31 00:00:00-04:00,141.2810516357422,142.09576416015625,139.41200256347656,139.45993041992188,125.79871368408203,9090093,0.0,0.0,GE
2016-11-01 00:00:00-04:00,138.98068237304688,139.93917846679688,137.59088134765625,138.4055938720703,124.84767150878906,6679440,0.0,0.0,GE
2016-11-02 00:00:00-04:00,138.3097381591797,138.3097381591797,136.105224609375,136.5365447998047,123.16172790527344,6442087,0.0,0.0,GE
2016-11-03 00:00:00-04:00,137.06370544433594,137.06370544433594,135.09881591796875,135.53013610839844,122.25389099121094,4799374,0.0,0.0,GE
2016-11-04 00:00:00-04:00,135.24258422851562,138.0701141357422,135.24258422851562,136.2969207763672,122.94551086425781,7483645,0.0,0.0,GE
2016-11-07 00:00:00-05:00,138.26182556152344,140.56219482421875,138.1659698486328,140.46633911132812,126.7065200805664,8608188,0.0,0.0,GE
2016-11-08 00:00:00-05:00,140.75389099121094,141.95199584960938,140.3704833984375,140.99351501464844,127.18209838867188,7476237,0.0,0.0,GE
2016-11-09 00:00:00-05:00,140.51426696777344,142.86256408691406,139.316162109375,141.9999237060547,128.0898895263672,11277456,0.0,0.0,GE
2016-11-10 00:00:00-05:00,143.05426025390625,147.79876708984375,142.95840454101562,145.73802185058594,131.4618377685547,16969403,0.0,0.0,GE
2016-11-11 00:00:00-05:00,146.1214141845703,147.4633026123047,145.54632568359375,147.17575073242188,132.75868225097656,8912459,0.0,0.0,GE
2016-11-14 00:00:00-05:00,147.31951904296875,147.84669494628906,146.1214141845703,146.21726989746094,131.89413452148438,7875012,0.0,0.0,GE
2016-11-15 00:00:00-05:00,146.073486328125,147.4633026123047,144.92330932617188,147.36744689941406,132.93161010742188,8385295,0.0,0.0,GE
2016-11-16 00:00:00-05:00,146.88819885253906,147.51123046875,146.3610382080078,147.31951904296875,132.88845825195312,5272015,0.0,0.0,GE
2016-11-17 00:00:00-05:00,147.12782287597656,147.94253540039062,146.93612670898438,147.55914306640625,133.1046142578125,3721301,0.0,0.0,GE
2016-11-18 00:00:00-05:00,147.36744689941406,148.08631896972656,146.2651824951172,146.9840545654297,132.5858154296875,5964376,0.0,0.0,GE
2016-11-21 00:00:00-05:00,147.0799102783203,147.99046325683594,146.552734375,147.94253540039062,133.45037841796875,4619007,0.0,0.0,GE
2016-11-22 00:00:00-05:00,148.23008728027344,149.7157440185547,147.99046325683594,149.42819213867188,134.79051208496094,5784384,0.0,0.0,GE
2016-11-23 00:00:00-05:00,149.7157440185547,150.38668823242188,149.42819213867188,150.1949920654297,135.4822540283203,5064876,0.0,0.0,GE
2016-11-25 00:00:00-05:00,150.72215270996094,150.91384887695312,149.9553680419922,150.67422485351562,135.91445922851562,2746306,0.0,0.0,GE
2016-11-28 00:00:00-05:00,150.14706420898438,150.62631225585938,149.5719757080078,149.763671875,135.09315490722656,4609909,0.0,0.0,GE
2016-11-29 00:00:00-05:00,149.90744018554688,150.24290466308594,148.46971130371094,148.80517578125,134.2285614013672,6556935,0.0,0.0,GE
2016-11-30 00:00:00-05:00,149.42819213867188,149.85951232910156,147.36744689941406,147.41537475585938,132.97488403320312,9522691,0.0,0.0,GE
2016-12-01 00:00:00-05:00,146.8402862548828,150.77008056640625,146.7444305419922,150.4346160888672,135.6983642578125,9327613,0.0,0.0,GE
2016-12-02 00:00:00-05:00,150.29083251953125,150.91384887695312,149.8115997314453,150.1949920654297,135.4822540283203,4465577,0.0,0.0,GE
2016-12-05 00:00:00-05:00,150.62631225585938,150.72215270996094,148.8531036376953,149.0927276611328,134.4879608154297,4619424,0.0,0.0,GE
2016-12-06 00:00:00-05:00,149.4761199951172,149.7157440185547,148.6134796142578,149.38027954101562,134.74732971191406,3666882,0.0,0.0,GE
2016-12-07 00:00:00-05:00,148.6134796142578,151.44102478027344,148.23008728027344,151.44102478027344,136.6061553955078,6864357,0.0,0.0,GE
2016-12-08 00:00:00-05:00,151.44102478027344,151.92025756835938,150.48252868652344,151.1055450439453,136.30360412597656,5872815,0.0,0.0,GE
2016-12-09 00:00:00-05:00,150.72215270996094,152.97459411621094,150.24290466308594,152.3036651611328,137.38429260253906,6515975,0.0,0.0,GE
2016-12-12 00:00:00-05:00,151.7764892578125,153.31007385253906,151.7285614013672,152.6870574951172,137.73011779785156,6477017,0.0,0.0,GE
2016-12-13 00:00:00-05:00,152.87875366210938,153.35800170898438,151.48895263671875,152.11196899414062,137.21136474609375,7198926,0.0,0.0,GE
2016-12-14 00:00:00-05:00,151.48895263671875,153.26214599609375,150.67422485351562,150.96177673339844,136.17388916015625,9113379,0.0,0.0,GE
2016-12-15 00:00:00-05:00,150.91384887695312,153.11837768554688,149.18858337402344,149.8115997314453,135.13638305664062,9051219,0.0,0.0,GE
2016-12-16 00:00:00-05:00,151.05763244628906,152.7349853515625,150.77008056640625,152.15988159179688,137.25465393066406,15018704,0.0,0.0,GE
2016-12-19 00:00:00-05:00,152.2078094482422,153.35800170898438,151.9681854248047,152.97459411621094,137.98951721191406,7293116,0.0,0.0,GE
2016-12-20 00:00:00-05:00,152.97459411621094,155.1791229248047,152.9266815185547,154.5561065673828,139.41610717773438,8308549,0.0,0.0,GE
2016-12-21 00:00:00-05:00,154.3164825439453,154.5081787109375,153.5976104736328,153.98101806640625,138.89736938476562,5835173,0.0,0.0,GE
2016-12-22 00:00:00-05:00,152.9266815185547,153.11837768554688,152.3036651611328,152.495361328125,138.59249877929688,5048329,1.150185,0.0,GE
2016-12-23 00:00:00-05:00,152.7349853515625,153.07044982910156,152.2557373046875,152.78289794921875,138.85382080078125,3127553,0.0,0.0,GE
2016-12-27 00:00:00-05:00,152.83082580566406,153.5976104736328,152.63912963867188,152.87875366210938,138.94088745117188,3266793,0.0,0.0,GE
2016-12-28 00:00:00-05:00,152.59120178222656,153.21421813964844,151.7764892578125,151.92025756835938,138.06982421875,3940730,0.0,0.0,GE
2016-12-29 00:00:00-05:00,152.11196899414062,152.78289794921875,151.92025756835938,151.9681854248047,138.11338806152344,3357811,0.0,0.0,GE
2016-12-30 00:00:00-05:00,151.5847930908203,152.39950561523438,151.00970458984375,151.44102478027344,137.63421630859375,5311535,0.0,0.0,GE
2017-01-03 00:00:00-05:00,151.7764892578125,152.59120178222656,150.48252868652344,151.87234497070312,138.02626037597656,6708382,0.0,0.0,GE
2017-01-04 00:00:00-05:00,152.15988159179688,152.5432891845703,151.536865234375,151.92025756835938,138.06982421875,4474320,0.0,0.0,GE
2017-01-05 00:00:00-05:00,151.2972412109375,152.15988159179688,150.05120849609375,151.05763244628906,137.28585815429688,5395334,0.0,0.0,GE
2017-01-06 00:00:00-05:00,151.3451690673828,152.2557373046875,150.29083251953125,151.48895263671875,137.6778564453125,4615772,0.0,0.0,GE
2017-01-09 00:00:00-05:00,151.63272094726562,151.7285614013672,150.62631225585938,150.77008056640625,137.0244903564453,4436678,0.0,0.0,GE
2017-01-10 00:00:00-05:00,150.77008056640625,151.536865234375,150.33876037597656,150.33876037597656,136.6324920654297,5676131,0.0,0.0,GE
2017-01-11 00:00:00-05:00,149.7157440185547,151.05763244628906,149.7157440185547,150.81800842285156,137.0680389404297,5922894,0.0,0.0,GE
2017-01-12 00:00:00-05:00,150.72215270996094,150.81800842285156,149.18858337402344,150.4346160888672,136.7196044921875,6242356,0.0,0.0,GE
2017-01-13 00:00:00-05:00,150.29083251953125,150.72215270996094,149.763671875,150.29083251953125,136.58892822265625,5075455,0.0,0.0,GE
2017-01-17 00:00:00-05:00,149.38027954101562,150.72215270996094,149.3323516845703,149.85951232910156,136.19692993164062,6015165,0.0,0.0,GE
2017-01-18 00:00:00-05:00,149.5719757080078,150.1949920654297,149.18858337402344,149.66781616210938,136.02272033691406,5154246,0.0,0.0,GE
2017-01-19 00:00:00-05:00,149.763671875,150.1949920654297,148.80517578125,149.5719757080078,135.9356231689453,7866123,0.0,0.0,GE
2017-01-20 00:00:00-05:00,147.41537475585938,148.08631896972656,145.21084594726562,146.3131103515625,132.97384643554688,17434281,0.0,0.0,GE
2017-01-23 00:00:00-05:00,146.16934204101562,146.21726989746094,141.7602996826172,142.57501220703125,129.57656860351562,12330552,0.0,0.0,GE
2017-01-24 00:00:00-05:00,143.1021728515625,144.0606689453125,142.9104766845703,143.7731170654297,130.66542053222656,7029095,0.0,0.0,GE
2017-01-25 00:00:00-05:00,145.78594970703125,146.02557373046875,144.82745361328125,145.54632568359375,132.2769775390625,7956640,0.0,0.0,GE
2017-01-26 00:00:00-05:00,145.8817901611328,146.1214141845703,144.39613342285156,145.30670166015625,132.05923461914062,5585279,0.0,0.0,GE
2017-01-27 00:00:00-05:00,145.69009399414062,145.8817901611328,143.48558044433594,143.821044921875,130.70901489257812,6261031,0.0,0.0,GE
2017-01-30 00:00:00-05:00,143.5814208984375,144.2523651123047,142.67086791992188,143.5814208984375,130.49124145507812,5469409,0.0,0.0,GE
2017-01-31 00:00:00-05:00,143.05426025390625,143.29388427734375,141.3769073486328,142.33538818359375,129.35879516601562,8075932,0.0,0.0,GE
2017-02-01 00:00:00-05:00,142.47915649414062,142.86256408691406,141.66444396972656,142.28746032714844,129.3152618408203,5358922,0.0,0.0,GE
2017-02-02 00:00:00-05:00,141.7602996826172,142.38331604003906,141.3769073486328,142.2395477294922,129.27169799804688,4529950,0.0,0.0,GE
2017-02-03 00:00:00-05:00,142.76670837402344,142.81463623046875,141.568603515625,142.33538818359375,129.35879516601562,6490288,0.0,0.0,GE
2017-02-06 00:00:00-05:00,142.2395477294922,142.57501220703125,141.71237182617188,142.14369201660156,129.18455505371094,4950529,0.0,0.0,GE
2017-02-07 00:00:00-05:00,142.57501220703125,142.86256408691406,141.5206756591797,141.66444396972656,128.7489776611328,4961630,0.0,0.0,GE
2017-02-08 00:00:00-05:00,141.42481994628906,141.568603515625,140.22671508789062,141.0414276123047,128.18276977539062,6715038,0.0,0.0,GE
2017-02-09 00:00:00-05:00,141.47274780273438,142.33538818359375,141.18521118164062,141.8082275390625,128.8796844482422,4520873,0.0,0.0,GE
2017-02-10 00:00:00-05:00,142.52708435058594,142.57501220703125,141.6165313720703,142.43124389648438,129.4459228515625,4754804,0.0,0.0,GE
2017-02-13 00:00:00-05:00,143.19802856445312,144.0606689453125,142.47915649414062,143.96481323242188,130.8396759033203,7724671,0.0,0.0,GE
2017-02-14 00:00:00-05:00,144.39613342285156,145.11500549316406,143.3897247314453,145.11500549316406,131.88494873046875,7309078,0.0,0.0,GE
2017-02-15 00:00:00-05:00,145.16293334960938,145.45046997070312,144.63575744628906,145.45046997070312,132.18983459472656,5315103,0.0,0.0,GE
2017-02-16 00:00:00-05:00,145.45046997070312,146.02557373046875,145.21084594726562,145.92971801757812,132.62539672851562,5411130,0.0,0.0,GE
2017-02-17 00:00:00-05:00,145.73802185058594,145.8817901611328,144.7316131591797,145.54632568359375,132.2769775390625,4559141,0.0,0.0,GE
2017-02-21 00:00:00-05:00,145.73802185058594,146.6006622314453,145.40255737304688,146.2651824951172,132.93028259277344,6310150,0.0,0.0,GE
2017-02-22 00:00:00-05:00,146.2651824951172,146.40896606445312,145.01914978027344,145.35462951660156,132.1027374267578,6285841,0.0,0.0,GE
2017-02-23 00:00:00-05:00,143.96481323242188,144.15650939941406,143.05426025390625,143.8689727783203,131.79541015625,6040329,1.150185,0.0,GE
2017-02-24 00:00:00-05:00,143.00633239746094,144.68368530273438,142.71878051757812,144.68368530273438,132.541748046875,5701420,0.0,0.0,GE
2017-02-27 00:00:00-05:00,144.0127410888672,144.4919891357422,143.29388427734375,143.48558044433594,131.44427490234375,4918541,0.0,0.0,GE
2017-02-28 00:00:00-05:00,143.72520446777344,144.15650939941406,142.19161987304688,142.86256408691406,130.87350463867188,8161171,0.0,0.0,GE
2017-03-01 00:00:00-05:00,143.67727661132812,145.45046997070312,142.9104766845703,144.68368530273438,132.541748046875,7696084,0.0,0.0,GE
2017-03-02 00:00:00-05:00,144.87538146972656,144.87538146972656,143.7731170654297,144.68368530273438,132.541748046875,5767504,0.0,0.0,GE
2017-03-03 00:00:00-05:00,144.68368530273438,144.82745361328125,144.0127410888672,144.3482208251953,132.2345428466797,4164269,0.0,0.0,GE
2017-03-06 00:00:00-05:00,143.7731170654297,144.15650939941406,143.3897247314453,143.7731170654297,131.70762634277344,4886991,0.0,0.0,GE
2017-03-07 00:00:00-05:00,143.43765258789062,143.72520446777344,142.76670837402344,143.1021728515625,131.09303283691406,6256295,0.0,0.0,GE
2017-03-08 00:00:00-05:00,143.24595642089844,143.48558044433594,142.47915649414062,142.81463623046875,130.82957458496094,6741538,0.0,0.0,GE
2017-03-09 00:00:00-05:00,142.57501220703125,142.95840454101562,141.66444396972656,142.14369201660156,130.21493530273438,5412736,0.0,0.0,GE
2017-03-10 00:00:00-05:00,143.00633239746094,145.8338623046875,141.9999237060547,145.11500549316406,132.93692016601562,12355279,0.0,0.0,GE
2017-03-13 00:00:00-04:00,144.87538146972656,145.01914978027344,142.76670837402344,143.1021728515625,131.09303283691406,6299049,0.0,0.0,GE
2017-03-14 00:00:00-04:00,142.62294006347656,142.76670837402344,141.23312377929688,141.568603515625,129.68814086914062,4757830,0.0,0.0,GE
2017-03-15 00:00:00-04:00,141.6165313720703,142.95840454101562,141.23312377929688,142.62294006347656,130.65399169921875,5246349,0.0,0.0,GE
2017-03-16 00:00:00-04:00,142.81463623046875,142.9104766845703,141.95199584960938,142.57501220703125,130.61009216308594,4425097,0.0,0.0,GE
2017-03-17 00:00:00-04:00,143.05426025390625,143.96481323242188,142.67086791992188,143.19802856445312,131.18080139160156,9105805,0.0,0.0,GE
2017-03-20 00:00:00-04:00,143.29388427734375,143.3897247314453,142.28746032714844,142.52708435058594,130.56614685058594,3938998,0.0,0.0,GE
2017-03-21 00:00:00-04:00,143.1021728515625,143.1021728515625,140.610107421875,140.8497314453125,129.02957153320312,5599405,0.0,0.0,GE
2017-03-22 00:00:00-04:00,141.66444396972656,142.38331604003906,140.46633911132812,141.5206756591797,129.6442413330078,5425360,0.0,0.0,GE
2017-03-23 00:00:00-04:00,141.3769073486328,142.47915649414062,140.8018035888672,141.95199584960938,130.03941345214844,5148737,0.0,0.0,GE
2017-03-24 00:00:00-04:00,141.8082275390625,142.86256408691406,141.5206756591797,142.43124389648438,130.47837829589844,5817541,0.0,0.0,GE
2017-03-27 00:00:00-04:00,141.1372833251953,141.42481994628906,140.1787872314453,141.08935546875,129.24908447265625,6048425,0.0,0.0,GE
2017-03-28 00:00:00-04:00,140.46633911132812,142.47915649414062,140.1787872314453,141.95199584960938,130.03941345214844,5810759,0.0,0.0,GE
2017-03-29 00:00:00-04:00,141.47274780273438,142.38331604003906,141.18521118164062,142.2395477294922,130.30279541015625,5750477,0.0,0.0,GE
2017-03-30 00:00:00-04:00,142.14369201660156,143.72520446777344,141.9999237060547,143.1501007080078,131.13690185546875,7503760,0.0,0.0,GE
2017-03-31 00:00:00-04:00,143.1021728515625,143.96481323242188,142.52708435058594,142.81463623046875,130.82957458496094,10599304,0.0,0.0,GE
2017-04-03 00:00:00-04:00,142.62294006347656,143.7731170654297,142.57501220703125,143.19802856445312,131.18080139160156,6241563,0.0,0.0,GE
2017-04-04 00:00:00-04:00,143.29388427734375,144.20443725585938,142.33538818359375,143.8689727783203,131.79541015625,5228488,0.0,0.0,GE
2017-04-05 00:00:00-04:00,144.20443725585938,145.78594970703125,143.5334930419922,143.6293487548828,131.5760040283203,5391307,0.0,0.0,GE
2017-04-06 00:00:00-04:00,143.7731170654297,144.63575744628906,143.3897247314453,143.43765258789062,131.40029907226562,4496668,0.0,0.0,GE
2017-04-07 00:00:00-04:00,143.3897247314453,144.68368530273438,143.3897247314453,143.72520446777344,131.66375732421875,3959509,0.0,0.0,GE
2017-04-10 00:00:00-04:00,144.1085968017578,144.87538146972656,143.5814208984375,143.821044921875,131.7515106201172,3861334,0.0,0.0,GE
2017-04-11 00:00:00-04:00,143.7731170654297,144.2523651123047,143.00633239746094,143.96481323242188,131.8832244873047,4598954,0.0,0.0,GE
2017-04-12 00:00:00-04:00,143.19802856445312,143.29388427734375,142.09576416015625,142.67086791992188,130.69786071777344,5642494,0.0,0.0,GE
2017-04-13 00:00:00-04:00,142.33538818359375,142.81463623046875,141.6165313720703,141.66444396972656,129.77589416503906,4172824,0.0,0.0,GE
2017-04-17 00:00:00-04:00,141.95199584960938,142.33538818359375,141.6165313720703,142.0478515625,130.1271209716797,4543951,0.0,0.0,GE
2017-04-18 00:00:00-04:00,141.85614013671875,143.29388427734375,141.7602996826172,143.00633239746094,131.0052032470703,5363993,0.0,0.0,GE
2017-04-19 00:00:00-04:00,143.24595642089844,144.0606689453125,143.1501007080078,143.7731170654297,131.70762634277344,5549243,0.0,0.0,GE
2017-04-20 00:00:00-04:00,144.0127410888672,146.3610382080078,143.91690063476562,145.06707763671875,132.89300537109375,7737524,0.0,0.0,GE
2017-04-21 00:00:00-04:00,145.06707763671875,145.59425354003906,141.1372833251953,141.6165313720703,129.73202514648438,15096994,0.0,0.0,GE
2017-04-24 00:00:00-04:00,143.05426025390625,143.43765258789062,141.3289794921875,141.6165313720703,129.73202514648438,10137889,0.0,0.0,GE
2017-04-25 00:00:00-04:00,141.1372833251953,141.85614013671875,140.51426696777344,141.1372833251953,129.29298400878906,8316040,0.0,0.0,GE
2017-04-26 00:00:00-04:00,141.47274780273438,141.6165313720703,140.22671508789062,140.22671508789062,128.45884704589844,7797368,0.0,0.0,GE
2017-04-27 00:00:00-04:00,140.3704833984375,140.46633911132812,139.0765380859375,139.36407470703125,127.66860961914062,6873288,0.0,0.0,GE
2017-04-28 00:00:00-04:00,139.45993041992188,139.74746704101562,138.6452178955078,138.93275451660156,127.2734603881836,5024416,0.0,0.0,GE
2017-05-01 00:00:00-04:00,139.0286102294922,139.79539489746094,138.6452178955078,138.69313049316406,127.05396270751953,5011187,0.0,0.0,GE
2017-05-02 00:00:00-04:00,139.0286102294922,139.22030639648438,138.5493621826172,138.93275451660156,127.2734603881836,7044432,0.0,0.0,GE
2017-05-03 00:00:00-04:00,138.5972900390625,140.3704833984375,138.26182556152344,140.08294677734375,128.32717895507812,5611612,0.0,0.0,GE
2017-05-04 00:00:00-04:00,140.27464294433594,140.46633911132812,139.22030639648438,139.93917846679688,128.19541931152344,4092740,0.0,0.0,GE
2017-05-05 00:00:00-04:00,139.60369873046875,140.13087463378906,139.5078582763672,140.03501892089844,128.28323364257812,3532044,0.0,0.0,GE
2017-05-08 00:00:00-04:00,139.74746704101562,140.1787872314453,138.98068237304688,139.316162109375,127.62469482421875,4513424,0.0,0.0,GE
2017-05-09 00:00:00-04:00,139.36407470703125,139.41200256347656,138.3097381591797,138.6452178955078,127.01007843017578,4974233,0.0,0.0,GE
2017-05-10 00:00:00-04:00,138.5972900390625,138.6452178955078,137.06370544433594,137.54295349121094,126.00031280517578,5435063,0.0,0.0,GE
2017-05-11 00:00:00-04:00,137.4470977783203,138.45352172851562,136.58445739746094,138.357666015625,126.74662780761719,5845752,0.0,0.0,GE
2017-05-12 00:00:00-04:00,135.9135284423828,136.3448486328125,133.46937561035156,135.48220825195312,124.11248779296875,14279415,0.0,0.0,GE
2017-05-15 00:00:00-04:00,134.52371215820312,135.3384246826172,134.0444793701172,135.05088806152344,123.7173843383789,8297970,0.0,0.0,GE
2017-05-16 00:00:00-04:00,135.3863525390625,135.53013610839844,134.18824768066406,134.37994384765625,123.102783203125,6157451,0.0,0.0,GE
2017-05-17 00:00:00-04:00,133.3256072998047,137.9263458251953,131.36070251464844,131.36070251464844,120.33682250976562,10946789,0.0,0.0,GE
2017-05-18 00:00:00-04:00,130.641845703125,132.51089477539062,129.8750457763672,131.69618225097656,120.64419555664062,10109177,0.0,0.0,GE
2017-05-19 00:00:00-04:00,132.03164672851562,135.00296020507812,131.79202270507812,134.42787170410156,123.1466293334961,10117753,0.0,0.0,GE
2017-05-22 00:00:00-04:00,135.29051208496094,135.6259765625,134.47579956054688,135.05088806152344,123.7173843383789,5803039,0.0,0.0,GE
2017-05-23 00:00:00-04:00,135.1946563720703,135.53013610839844,134.7154083251953,135.53013610839844,124.1563949584961,4982246,0.0,0.0,GE
2017-05-24 00:00:00-04:00,135.72183227539062,136.58445739746094,132.36712646484375,133.37353515625,122.18074798583984,11205008,0.0,0.0,GE
2017-05-25 00:00:00-04:00,133.1818389892578,133.70899963378906,131.40863037109375,131.74411010742188,120.6881103515625,8190905,0.0,0.0,GE
2017-05-26 00:00:00-04:00,131.60032653808594,132.03164672851562,130.78561401367188,131.55239868164062,120.51244354248047,6390068,0.0,0.0,GE
2017-05-30 00:00:00-04:00,130.8814697265625,131.55239868164062,130.16259765625,131.12109375,120.11737823486328,7602749,0.0,0.0,GE
2017-05-31 00:00:00-04:00,130.97731018066406,131.50448608398438,130.30636596679688,131.21693420410156,120.20516204833984,7430561,0.0,0.0,GE
2017-06-01 00:00:00-04:00,131.83995056152344,133.6131591796875,131.79202270507812,132.8463592529297,121.69782257080078,6758085,0.0,0.0,GE
2017-06-02 00:00:00-04:00,133.5652313232422,133.90069580078125,132.36712646484375,133.6131591796875,122.40029907226562,7722083,0.0,0.0,GE
2017-06-05 00:00:00-04:00,133.70899963378906,134.52371215820312,133.27767944335938,134.09239196777344,122.83929443359375,9078783,0.0,0.0,GE
2017-06-06 00:00:00-04:00,134.09239196777344,134.37994384765625,133.27767944335938,133.852783203125,122.61980438232422,7036336,0.0,0.0,GE
2017-06-07 00:00:00-04:00,133.94862365722656,133.99655151367188,131.3127899169922,132.6546630859375,121.5222396850586,9084960,0.0,0.0,GE
2017-06-08 00:00:00-04:00,132.6546630859375,133.3256072998047,131.93580627441406,132.2233428955078,121.12709045410156,8538411,0.0,0.0,GE
2017-06-09 00:00:00-04:00,132.4150390625,134.0444793701172,132.2233428955078,133.90069580078125,122.66375732421875,5292255,0.0,0.0,GE
2017-06-12 00:00:00-04:00,140.13087463378906,141.23312377929688,137.6867218017578,138.69313049316406,127.05396270751953,29022706,0.0,0.0,GE
2017-06-13 00:00:00-04:00,139.55577087402344,139.74746704101562,135.8176727294922,136.3448486328125,124.90274810791016,12274276,0.0,0.0,GE
2017-06-14 00:00:00-04:00,136.48861694335938,138.02220153808594,135.96144104003906,137.49502563476562,125.9564208984375,8580248,0.0,0.0,GE
2017-06-15 00:00:00-04:00,136.48861694335938,138.74105834960938,136.24899291992188,138.69313049316406,128.12576293945312,9988258,1.150185,0.0,GE
2017-06-16 00:00:00-04:00,138.8848419189453,139.0286102294922,137.15956115722656,138.98068237304688,128.39141845703125,17019649,0.0,0.0,GE
2017-06-19 00:00:00-04:00,138.7889862060547,138.98068237304688,137.73464965820312,138.02220153808594,127.50594329833984,6365174,0.0,0.0,GE
2017-06-20 00:00:00-04:00,137.59088134765625,137.63880920410156,134.57164001464844,134.81126403808594,124.53966522216797,9920401,0.0,0.0,GE
2017-06-21 00:00:00-04:00,135.05088806152344,135.09881591796875,132.51089477539062,133.1339111328125,122.99011993408203,7044036,0.0,0.0,GE
2017-06-22 00:00:00-04:00,133.0859832763672,133.37353515625,131.9837188720703,132.03164672851562,121.97180938720703,7592087,0.0,0.0,GE
2017-06-23 00:00:00-04:00,133.1818389892578,133.1818389892578,131.79202270507812,132.12750244140625,122.0604248046875,6622204,0.0,0.0,GE
2017-06-26 00:00:00-04:00,132.2233428955078,132.6546630859375,131.79202270507812,132.31919860839844,122.23748016357422,5947203,0.0,0.0,GE
2017-06-27 00:00:00-04:00,131.88787841796875,132.2233428955078,130.3542938232422,130.4022216796875,120.466552734375,8623879,0.0,0.0,GE
2017-06-28 00:00:00-04:00,130.641845703125,131.3127899169922,129.63543701171875,129.77920532226562,119.89104461669922,6471822,0.0,0.0,GE
2017-06-29 00:00:00-04:00,130.16259765625,131.36070251464844,128.389404296875,129.4916534423828,119.62532043457031,7664597,0.0,0.0,GE
2017-06-30 00:00:00-04:00,129.82713317871094,130.30636596679688,128.96449279785156,129.44374084472656,119.58113861083984,5478256,0.0,0.0,GE
2017-07-03 00:00:00-04:00,130.16259765625,132.2233428955078,129.683349609375,131.55239868164062,121.52909088134766,4312002,0.0,0.0,GE
2017-07-05 00:00:00-04:00,131.9837188720703,132.07957458496094,130.49807739257812,131.0731658935547,121.08636474609375,4438284,0.0,0.0,GE
2017-07-06 00:00:00-04:00,128.72486877441406,129.63543701171875,125.0826187133789,126.08902740478516,116.48199462890625,15993094,0.0,0.0,GE
2017-07-07 00:00:00-04:00,125.80148315429688,126.04109954833984,124.50752258300781,125.32223510742188,115.77364349365234,8459808,0.0,0.0,GE
2017-07-10 00:00:00-04:00,125.22638702392578,125.51393127441406,123.88450622558594,124.7950668334961,115.28662109375,9756038,0.0,0.0,GE
2017-07-11 00:00:00-04:00,124.74714660644531,126.75997161865234,124.17205047607422,126.42449951171875,116.7918930053711,8607645,0.0,0.0,GE
2017-07-12 00:00:00-04:00,127.19129180908203,128.48524475097656,126.37657165527344,127.38298797607422,117.67738342285156,10638908,0.0,0.0,GE
2017-07-13 00:00:00-04:00,127.38298797607422,128.5811004638672,126.99958801269531,128.389404296875,118.6070785522461,5794045,0.0,0.0,GE
2017-07-14 00:00:00-04:00,128.1497802734375,128.91656494140625,128.1018524169922,128.3414764404297,118.56283569335938,4394069,0.0,0.0,GE
2017-07-17 00:00:00-04:00,128.24562072753906,128.8207244873047,128.05392456054688,128.53317260742188,118.73993682861328,5779022,0.0,0.0,GE
2017-07-18 00:00:00-04:00,128.24562072753906,129.01242065429688,128.1497802734375,128.86863708496094,119.0498046875,5455700,0.0,0.0,GE
2017-07-19 00:00:00-04:00,128.67694091796875,129.53958129882812,128.62901306152344,129.10826110839844,119.27119445800781,5173234,0.0,0.0,GE
2017-07-20 00:00:00-04:00,129.4916534423828,129.63543701171875,127.47883605957031,127.91015625,118.16435241699219,11509404,0.0,0.0,GE
2017-07-21 00:00:00-04:00,121.6320571899414,124.65129852294922,121.05696868896484,124.17205047607422,114.71106719970703,18915198,0.0,0.0,GE
2017-07-24 00:00:00-04:00,123.54903411865234,123.88450622558594,121.48828887939453,121.8716812133789,112.58597564697266,11867093,0.0,0.0,GE
2017-07-25 00:00:00-04:00,122.5426254272461,123.30941772460938,121.53620910644531,121.91960906982422,112.6302490234375,9636328,0.0,0.0,GE
2017-07-26 00:00:00-04:00,122.63847351074219,123.11771392822266,121.58413696289062,122.63847351074219,113.29437255859375,8499516,0.0,0.0,GE
2017-07-27 00:00:00-04:00,122.63847351074219,123.64488220214844,122.3030014038086,123.59696197509766,114.1797866821289,8323113,0.0,0.0,GE
2017-07-28 00:00:00-04:00,123.93243408203125,124.02828216552734,121.7279052734375,122.3509292602539,113.02872467041016,5902383,0.0,0.0,GE
2017-07-31 00:00:00-04:00,122.39884948730469,123.11771392822266,122.15922546386719,122.73432159423828,113.38288116455078,6388461,0.0,0.0,GE
2017-08-01 00:00:00-04:00,122.83016967773438,122.97394561767578,121.39244079589844,121.91960906982422,112.6302490234375,8745299,0.0,0.0,GE
2017-08-02 00:00:00-04:00,121.91960906982422,122.5426254272461,121.67998504638672,122.3030014038086,112.98445129394531,5714629,0.0,0.0,GE
2017-08-03 00:00:00-04:00,122.63847351074219,123.54903411865234,121.58413696289062,123.45318603515625,114.04698181152344,6451143,0.0,0.0,GE
2017-08-04 00:00:00-04:00,123.40526580810547,123.88450622558594,122.7822494506836,123.54903411865234,114.13551330566406,4864539,0.0,0.0,GE
2017-08-07 00:00:00-04:00,123.35733795166016,123.59696197509766,122.44677734375,122.83016967773438,113.4714584350586,3937537,0.0,0.0,GE
2017-08-08 00:00:00-04:00,122.83016967773438,124.07620239257812,122.3030014038086,122.49469757080078,113.16153717041016,5663840,0.0,0.0,GE
2017-08-09 00:00:00-04:00,122.44677734375,123.26148986816406,122.01545715332031,123.21356201171875,113.82563781738281,6191213,0.0,0.0,GE
2017-08-10 00:00:00-04:00,123.21356201171875,123.21356201171875,121.10489654541016,121.24866485595703,112.01042938232422,6192861,0.0,0.0,GE
2017-08-11 00:00:00-04:00,121.7279052734375,121.967529296875,120.72149658203125,120.76942443847656,111.5677261352539,4009922,0.0,0.0,GE
2017-08-14 00:00:00-04:00,121.15281677246094,122.44677734375,121.00904083251953,121.53620910644531,112.27607727050781,5068840,0.0,0.0,GE
2017-08-15 00:00:00-04:00,120.81734466552734,121.34451293945312,120.29017639160156,120.48187255859375,111.30205535888672,5703757,0.0,0.0,GE
2017-08-16 00:00:00-04:00,120.38602447509766,121.00904083251953,120.05055236816406,120.29017639160156,111.1249771118164,5732741,0.0,0.0,GE
2017-08-17 00:00:00-04:00,120.14640808105469,120.29017639160156,118.46905517578125,118.61282348632812,109.57542419433594,6514785,0.0,0.0,GE
2017-08-18 00:00:00-04:00,118.03773498535156,118.56490325927734,117.12716674804688,117.65433502197266,108.6899642944336,7151497,0.0,0.0,GE
2017-08-21 00:00:00-04:00,117.36679077148438,117.89395904541016,116.55207824707031,117.36679077148438,108.4243392944336,9609933,0.0,0.0,GE
2017-08-22 00:00:00-04:00,117.75018310546875,118.56490325927734,117.3188705444336,117.89395904541016,108.91131591796875,6253415,0.0,0.0,GE
2017-08-23 00:00:00-04:00,117.51056671142578,117.70226287841797,116.6479263305664,116.8875503540039,107.98161315917969,7205853,0.0,0.0,GE
2017-08-24 00:00:00-04:00,117.0792465209961,117.60641479492188,116.45623016357422,116.45623016357422,107.58316040039062,5330878,0.0,0.0,GE
2017-08-25 00:00:00-04:00,116.8875503540039,117.89395904541016,116.69584655761719,117.36679077148438,108.4243392944336,4771643,0.0,0.0,GE
2017-08-28 00:00:00-04:00,117.55848693847656,118.22943115234375,116.69584655761719,117.27094268798828,108.33577728271484,4994870,0.0,0.0,GE
2017-08-29 00:00:00-04:00,116.5999984741211,117.22301483154297,116.36038208007812,117.12716674804688,108.20294189453125,4989131,0.0,0.0,GE
2017-08-30 00:00:00-04:00,117.36679077148438,117.36679077148438,115.73736572265625,116.36038208007812,107.49459838867188,7068637,0.0,0.0,GE
2017-08-31 00:00:00-04:00,116.9833984375,118.37319946289062,116.36038208007812,117.65433502197266,108.6899642944336,11535738,0.0,0.0,GE
2017-09-01 00:00:00-04:00,117.89395904541016,121.24866485595703,117.36679077148438,120.48187255859375,111.30205535888672,12279368,0.0,0.0,GE
2017-09-05 00:00:00-04:00,120.09848022460938,120.09848022460938,117.75018310546875,118.61282348632812,109.57542419433594,9293476,0.0,0.0,GE
2017-09-06 00:00:00-04:00,119.28376770019531,119.90678405761719,118.94829559326172,119.42754364013672,110.32804870605469,11481632,0.0,0.0,GE
2017-09-07 00:00:00-04:00,117.46263885498047,117.65433502197266,114.20378112792969,115.11434936523438,106.34352111816406,16715628,0.0,0.0,GE
2017-09-08 00:00:00-04:00,114.77887725830078,115.01849365234375,113.00567626953125,114.1558609008789,105.45804595947266,9307268,0.0,0.0,GE
2017-09-11 00:00:00-04:00,114.06001281738281,114.49132537841797,113.19737243652344,113.6766128540039,105.01531219482422,9036446,0.0,0.0,GE
2017-09-12 00:00:00-04:00,114.1558609008789,114.5871810913086,113.62869262695312,114.5871810913086,105.85649871826172,10362702,0.0,0.0,GE
2017-09-13 00:00:00-04:00,114.68302917480469,115.88113403320312,114.63510131835938,115.54566192626953,106.7419662475586,8060554,0.0,0.0,GE
2017-09-14 00:00:00-04:00,115.49774169921875,116.31245422363281,114.73094940185547,116.26453399658203,107.40605163574219,8781440,0.0,0.0,GE
2017-09-15 00:00:00-04:00,115.49774169921875,115.83321380615234,113.82038879394531,114.68302917480469,107.00362396240234,13888549,1.150185,0.0,GE
2017-09-18 00:00:00-04:00,114.82679748535156,117.65433502197266,114.68302917480469,117.22301483154297,109.3735122680664,10955699,0.0,0.0,GE
2017-09-19 00:00:00-04:00,117.22301483154297,117.27094268798828,115.11434936523438,115.97698211669922,108.21092224121094,9460843,0.0,0.0,GE
2017-09-20 00:00:00-04:00,115.97698211669922,116.9833984375,115.92906188964844,116.55207824707031,108.74748992919922,8298554,0.0,0.0,GE
2017-09-21 00:00:00-04:00,116.5999984741211,119.04414367675781,115.83321380615234,118.61282348632812,110.67025756835938,10874529,0.0,0.0,GE
2017-09-22 00:00:00-04:00,119.04414367675781,120.00263214111328,118.70867156982422,119.18791961669922,111.20686340332031,8287537,0.0,0.0,GE
2017-09-25 00:00:00-04:00,119.42754364013672,120.67357635498047,119.09207153320312,120.33810424804688,112.28003692626953,8865635,0.0,0.0,GE
2017-09-26 00:00:00-04:00,120.52980041503906,120.81734466552734,119.42754364013672,119.4754638671875,111.47515869140625,8503648,0.0,0.0,GE
2017-09-27 00:00:00-04:00,119.8109359741211,120.05055236816406,116.36038208007812,116.79170227050781,108.97111511230469,11787113,0.0,0.0,GE
2017-09-28 00:00:00-04:00,116.8875503540039,117.17509460449219,115.78528594970703,116.1686782836914,108.38980102539062,7544053,0.0,0.0,GE
2017-09-29 00:00:00-04:00,116.07283020019531,116.4083023071289,115.06642150878906,115.88113403320312,108.12149047851562,7026425,0.0,0.0,GE
2017-10-02 00:00:00-04:00,116.07283020019531,117.94188690185547,115.49774169921875,117.75018310546875,109.86537170410156,8868389,0.0,0.0,GE
2017-10-03 00:00:00-04:00,117.94188690185547,118.99622344970703,116.5999984741211,118.85244750976562,110.89385986328125,7075210,0.0,0.0,GE
2017-10-04 00:00:00-04:00,119.23583984375,119.28376770019531,117.0792465209961,117.3188705444336,109.46297454833984,6708361,0.0,0.0,GE
2017-10-05 00:00:00-04:00,116.8875503540039,117.75018310546875,115.73736572265625,117.60641479492188,109.73126220703125,7252865,0.0,0.0,GE
2017-10-06 00:00:00-04:00,116.9833984375,117.60641479492188,115.64151763916016,116.8875503540039,109.06051635742188,8498765,0.0,0.0,GE
2017-10-09 00:00:00-04:00,115.49774169921875,115.73736572265625,111.4241714477539,112.28680419921875,104.7678451538086,29275875,0.0,0.0,GE
2017-10-10 00:00:00-04:00,113.58076477050781,114.3475570678711,111.7596435546875,111.95133972167969,104.4548568725586,16812134,0.0,0.0,GE
2017-10-11 00:00:00-04:00,110.84907531738281,111.52001953125,109.74681854248047,110.56153106689453,103.15811920166016,16937707,0.0,0.0,GE
2017-10-12 00:00:00-04:00,110.46568298339844,110.65737915039062,109.41134643554688,110.46568298339844,103.06867980957031,12509021,0.0,0.0,GE
2017-10-13 00:00:00-04:00,110.9449234008789,111.32832336425781,110.03436279296875,110.13021087646484,102.75567626953125,8428237,0.0,0.0,GE
2017-10-16 00:00:00-04:00,110.17813873291016,112.52642822265625,109.89058685302734,111.95133972167969,104.4548568725586,10382567,0.0,0.0,GE
2017-10-17 00:00:00-04:00,111.2803955078125,111.4241714477539,110.22605895996094,111.1366195678711,103.69468688964844,12235757,0.0,0.0,GE
2017-10-18 00:00:00-04:00,111.1845474243164,111.56793975830078,110.56153106689453,110.80115509033203,103.38167572021484,7297059,0.0,0.0,GE
2017-10-19 00:00:00-04:00,110.89700317382812,113.96416473388672,110.46568298339844,113.00567626953125,105.43856811523438,15769450,0.0,0.0,GE
2017-10-20 00:00:00-04:00,106.10456085205078,114.251708984375,105.9128646850586,114.20378112792969,106.55646514892578,40147504,0.0,0.0,GE
2017-10-23 00:00:00-04:00,112.33473205566406,112.33473205566406,106.2962646484375,106.96720123291016,99.80447387695312,39090944,0.0,0.0,GE
2017-10-24 00:00:00-04:00,106.00871276855469,106.91928100585938,104.23551177978516,104.90645599365234,97.88169860839844,27880573,0.0,0.0,GE
2017-10-25 00:00:00-04:00,104.66683197021484,104.90645599365234,102.07891845703125,103.03740692138672,96.13782501220703,23060959,0.0,0.0,GE
2017-10-26 00:00:00-04:00,103.37287139892578,103.75627136230469,101.59967041015625,102.17476654052734,95.33294677734375,18004137,0.0,0.0,GE
2017-10-27 00:00:00-04:00,101.88722229003906,102.07891845703125,98.91590881347656,99.63477325439453,92.9630126953125,20560436,0.0,0.0,GE
2017-10-30 00:00:00-04:00,98.82006072998047,99.29930114746094,97.09477996826172,97.81364440917969,91.26384735107422,20529324,0.0,0.0,GE
2017-10-31 00:00:00-04:00,97.09477996826172,97.7657241821289,96.08837127685547,96.61553955078125,90.14596557617188,20450366,0.0,0.0,GE
2017-11-01 00:00:00-04:00,96.18421936035156,98.34081268310547,95.65705108642578,95.94459533691406,89.51994323730469,19137318,0.0,0.0,GE
2017-11-02 00:00:00-04:00,96.08837127685547,96.23213958740234,94.07554626464844,95.56120300292969,89.16223907470703,17012575,0.0,0.0,GE
2017-11-03 00:00:00-04:00,95.4653549194336,97.43025207519531,95.17780303955078,96.51969146728516,90.05654907226562,14160018,0.0,0.0,GE
2017-11-06 00:00:00-05:00,98.34081268310547,98.38874053955078,96.23213958740234,96.47176361083984,90.01181030273438,12661511,0.0,0.0,GE
2017-11-07 00:00:00-05:00,96.66345977783203,97.04685974121094,96.42384338378906,96.85515594482422,90.3695297241211,8693113,0.0,0.0,GE
2017-11-08 00:00:00-05:00,96.85515594482422,97.38232421875,96.18421936035156,96.42384338378906,89.96707916259766,8280233,0.0,0.0,GE
2017-11-09 00:00:00-05:00,96.04044342041016,96.18421936035156,95.1298828125,95.80081939697266,89.38579559326172,10610572,0.0,0.0,GE
2017-11-10 00:00:00-05:00,95.75289916992188,99.10760498046875,95.3695068359375,98.1970443725586,91.62155151367188,21019137,0.0,0.0,GE
2017-11-13 00:00:00-05:00,97.09477996826172,99.44307708740234,89.85820007324219,91.15216064453125,85.04841613769531,54577114,0.0,0.0,GE
2017-11-14 00:00:00-05:00,90.04989624023438,90.48121643066406,83.67595672607422,85.78462982177734,80.04033660888672,65218755,0.0,0.0,GE
2017-11-15 00:00:00-05:00,83.91558074951172,88.08499908447266,83.8676528930664,87.5099105834961,81.65007019042969,30124129,0.0,0.0,GE
2017-11-16 00:00:00-05:00,88.56423950195312,88.56423950195312,86.50349426269531,87.46198272705078,81.6053695678711,18649508,0.0,0.0,GE
2017-11-17 00:00:00-05:00,87.89330291748047,88.51631927490234,87.2702865600586,87.2702865600586,81.42647552490234,12615126,0.0,0.0,GE
2017-11-20 00:00:00-05:00,86.02425384521484,86.88688659667969,85.44915771484375,86.16802215576172,80.39802551269531,13340623,0.0,0.0,GE
2017-11-21 00:00:00-05:00,86.02425384521484,86.5993423461914,84.82614135742188,85.44915771484375,79.72730255126953,16258721,0.0,0.0,GE
2017-11-22 00:00:00-05:00,86.98273468017578,87.46198272705078,85.49708557128906,86.98273468017578,81.1581802368164,11444448,0.0,0.0,GE
2017-11-24 00:00:00-05:00,88.08499908447266,88.08499908447266,86.98273468017578,87.1744384765625,81.33707427978516,5195206,0.0,0.0,GE
2017-11-27 00:00:00-05:00,87.89330291748047,88.66009521484375,86.6951904296875,86.8389663696289,81.02403259277344,16453507,0.0,0.0,GE
2017-11-28 00:00:00-05:00,87.0785903930664,88.37254333496094,86.55142211914062,88.22877502441406,82.32080078125,11709157,0.0,0.0,GE
2017-11-29 00:00:00-05:00,88.42047119140625,88.85179138183594,87.74952697753906,88.56423950195312,82.63381958007812,11509697,0.0,0.0,GE
2017-11-30 00:00:00-05:00,88.94763946533203,89.0914077758789,87.12651062011719,87.65367889404297,81.78421020507812,14200582,0.0,0.0,GE
2017-12-01 00:00:00-05:00,87.60575866699219,87.60575866699219,85.59293365478516,85.68878173828125,79.95088958740234,17116050,0.0,0.0,GE
2017-12-04 00:00:00-05:00,86.26387023925781,86.55142211914062,85.68878173828125,86.02425384521484,80.26387786865234,14261616,0.0,0.0,GE
2017-12-05 00:00:00-05:00,85.20953369140625,86.31179809570312,84.68236541748047,85.11368560791016,79.41429901123047,13733075,0.0,0.0,GE
2017-12-06 00:00:00-05:00,84.39482116699219,85.49708557128906,84.3469009399414,84.63444519042969,78.96715545654297,9163104,0.0,0.0,GE
2017-12-07 00:00:00-05:00,85.35330963134766,86.55142211914062,84.49066925048828,84.87406921386719,79.19070434570312,11598420,0.0,0.0,GE
2017-12-08 00:00:00-05:00,84.92198944091797,85.40123748779297,84.63444519042969,84.87406921386719,79.19070434570312,11360294,0.0,0.0,GE
2017-12-11 00:00:00-05:00,84.39482116699219,85.25746154785156,84.01142883300781,84.58651733398438,78.92243957519531,12138124,0.0,0.0,GE
2017-12-12 00:00:00-05:00,86.02425384521484,86.45556640625,84.58651733398438,85.83255004882812,80.08502960205078,13945388,0.0,0.0,GE
2017-12-13 00:00:00-05:00,85.88047790527344,86.21595001220703,85.11368560791016,85.11368560791016,79.41429901123047,8785613,0.0,0.0,GE
2017-12-14 00:00:00-05:00,85.16161346435547,85.40123748779297,84.5385971069336,84.5385971069336,78.8777084350586,10129668,0.0,0.0,GE
2017-12-15 00:00:00-05:00,85.20953369140625,85.44915771484375,84.63444519042969,85.40123748779297,79.68258666992188,18441952,0.0,0.0,GE
2017-12-18 00:00:00-05:00,85.64085388183594,86.50349426269531,85.06576538085938,85.11368560791016,79.41429901123047,11249683,0.0,0.0,GE
2017-12-19 00:00:00-05:00,85.16161346435547,85.30538177490234,84.1072769165039,84.2989730834961,78.65413665771484,13666553,0.0,0.0,GE
2017-12-20 00:00:00-05:00,84.49066925048828,84.58651733398438,83.19671630859375,83.6280288696289,78.02812194824219,15725818,0.0,0.0,GE
2017-12-21 00:00:00-05:00,83.67595672607422,84.77821350097656,83.58010864257812,83.72388458251953,78.11754608154297,14163503,0.0,0.0,GE
2017-12-22 00:00:00-05:00,83.91558074951172,84.15519714355469,83.38841247558594,83.8676528930664,78.25169372558594,9675745,0.0,0.0,GE
2017-12-26 00:00:00-05:00,83.6280288696289,84.63444519042969,83.38841247558594,83.53218078613281,78.4767837524414,11546922,0.575092,0.0,GE
2017-12-27 00:00:00-05:00,83.67595672607422,84.49066925048828,82.95709228515625,83.29256439208984,78.25170135498047,12546163,0.0,0.0,GE
2017-12-28 00:00:00-05:00,83.14878845214844,83.38841247558594,82.66954803466797,83.19671630859375,78.16166687011719,12714804,0.0,0.0,GE
2017-12-29 00:00:00-05:00,82.76539611816406,84.01142883300781,82.76539611816406,83.6280288696289,78.5668716430664,15889514,0.0,0.0,GE
2018-01-02 00:00:00-05:00,84.25104522705078,86.21595001220703,84.01142883300781,86.16802215576172,80.95315551757812,16185981,0.0,0.0,GE
2018-01-03 00:00:00-05:00,87.70160675048828,87.89330291748047,86.40764617919922,86.98273468017578,81.71854400634766,17000180,0.0,0.0,GE
2018-01-04 00:00:00-05:00,88.08499908447266,89.23518371582031,87.70160675048828,88.80386352539062,83.4294662475586,17225995,0.0,0.0,GE
2018-01-05 00:00:00-05:00,90.38536834716797,90.43329620361328,88.66009521484375,88.85179138183594,83.4744873046875,16667865,0.0,0.0,GE
2018-01-08 00:00:00-05:00,89.47480773925781,89.61857604980469,86.74311828613281,87.60575866699219,82.30389404296875,17130657,0.0,0.0,GE
2018-01-09 00:00:00-05:00,87.84537506103516,89.4268798828125,86.7910385131836,88.94763946533203,83.56453704833984,13855205,0.0,0.0,GE
2018-01-10 00:00:00-05:00,89.0914077758789,91.34385681152344,89.04348754882812,90.72084045410156,85.23043823242188,17177522,0.0,0.0,GE
2018-01-11 00:00:00-05:00,92.1585693359375,92.92536163330078,91.05631256103516,91.15216064453125,85.6356430053711,20808952,0.0,0.0,GE
2018-01-12 00:00:00-05:00,91.63140106201172,91.77517700195312,89.61857604980469,89.9061279296875,84.46503448486328,18169606,0.0,0.0,GE
2018-01-16 00:00:00-05:00,87.79745483398438,88.70801544189453,86.07217407226562,87.2702865600586,81.98870849609375,42912819,0.0,0.0,GE
2018-01-17 00:00:00-05:00,84.58651733398438,84.82614135742188,82.71746826171875,83.14878845214844,78.11662292480469,39131904,0.0,0.0,GE
2018-01-18 00:00:00-05:00,83.38841247558594,83.77180480957031,80.32125091552734,80.36917877197266,75.50524139404297,35944841,0.0,0.0,GE
2018-01-19 00:00:00-05:00,79.79408264160156,80.17747497558594,76.77484893798828,77.92503356933594,73.20902252197266,44851332,0.0,0.0,GE
2018-01-22 00:00:00-05:00,76.19975280761719,78.26050567626953,75.72051239013672,77.49371337890625,72.80377197265625,28005019,0.0,0.0,GE
2018-01-23 00:00:00-05:00,78.11672973632812,81.6152114868164,77.97295379638672,80.94426727294922,76.04553985595703,25714786,0.0,0.0,GE
2018-01-24 00:00:00-05:00,81.471435546875,83.19671630859375,77.87710571289062,78.78767395019531,74.01942443847656,34850262,0.0,0.0,GE
2018-01-25 00:00:00-05:00,79.0752182006836,79.65030670166016,77.30201721191406,77.54163360595703,72.84883117675781,19834813,0.0,0.0,GE
2018-01-26 00:00:00-05:00,77.30201721191406,77.44578552246094,76.3435287475586,77.30201721191406,72.62371063232422,18965005,0.0,0.0,GE
2018-01-29 00:00:00-05:00,76.77484893798828,78.73974609375,76.53522491455078,78.02088165283203,73.29906463623047,15469060,0.0,0.0,GE
2018-01-30 00:00:00-05:00,77.15824127197266,77.97295379638672,76.43937683105469,76.43937683105469,71.81328582763672,14242064,0.0,0.0,GE
2018-01-31 00:00:00-05:00,76.96654510498047,77.97295379638672,76.63107299804688,77.49371337890625,72.80377197265625,16018822,0.0,0.0,GE
2018-02-01 00:00:00-05:00,76.96654510498047,77.20616912841797,76.29560089111328,76.77484893798828,72.1284408569336,11022366,0.0,0.0,GE
2018-02-02 00:00:00-05:00,76.1518325805664,76.3435287475586,74.76202392578125,74.95372009277344,70.41752624511719,17171805,0.0,0.0,GE
2018-02-05 00:00:00-05:00,74.18692779541016,74.90579223632812,71.45523834228516,71.45523834228516,67.13077545166016,25715850,0.0,0.0,GE
2018-02-06 00:00:00-05:00,71.02392578125,73.5159912109375,70.49675750732422,73.1805191040039,68.75165557861328,26462505,0.0,0.0,GE
2018-02-07 00:00:00-05:00,73.3722152709961,74.37863159179688,73.08467102050781,73.08467102050781,68.66157531738281,15859821,0.0,0.0,GE
2018-02-08 00:00:00-05:00,72.79712677001953,72.89297485351562,69.25071716308594,69.25071716308594,65.05967712402344,28928098,0.0,0.0,GE
2018-02-09 00:00:00-05:00,70.4009017944336,72.03033447265625,68.19638061523438,71.59901428222656,67.26586151123047,26929053,0.0,0.0,GE
2018-02-12 00:00:00-05:00,72.17411041259766,72.55750274658203,70.83222198486328,71.02392578125,66.72554779052734,15771182,0.0,0.0,GE
2018-02-13 00:00:00-05:00,70.6405258178711,70.8801498413086,69.63411712646484,70.3050537109375,66.05020141601562,15378459,0.0,0.0,GE
2018-02-14 00:00:00-05:00,70.4009017944336,72.03033447265625,70.16128540039062,71.40731811523438,67.08576965332031,17926577,0.0,0.0,GE
2018-02-15 00:00:00-05:00,71.55108642578125,72.55750274658203,70.7843017578125,71.16769409179688,66.86062622070312,11452419,0.0,0.0,GE
2018-02-16 00:00:00-05:00,71.16769409179688,72.98882293701172,70.97599792480469,72.12618255615234,67.76110076904297,13505612,0.0,0.0,GE
2018-02-20 00:00:00-05:00,71.50316619873047,71.74279022216797,70.06543731689453,70.6405258178711,66.3653564453125,12867294,0.0,0.0,GE
2018-02-21 00:00:00-05:00,70.49675750732422,70.59260559082031,69.25071716308594,69.44242095947266,65.2397689819336,20472151,0.0,0.0,GE
2018-02-22 00:00:00-05:00,69.63411712646484,72.22203063964844,69.44242095947266,70.06543731689453,65.82510375976562,16379390,0.0,0.0,GE
2018-02-23 00:00:00-05:00,69.63411712646484,70.3050537109375,69.44242095947266,69.44242095947266,65.77969360351562,11040854,0.575092,0.0,GE
2018-02-26 00:00:00-05:00,68.96317291259766,70.35298156738281,66.85449981689453,70.2092056274414,66.5060043334961,30302034,0.0,0.0,GE
2018-02-27 00:00:00-05:00,70.3050537109375,72.74919891357422,69.49034118652344,69.49034118652344,65.82508850097656,19410582,0.0,0.0,GE
2018-02-28 00:00:00-05:00,69.96958923339844,70.06543731689453,67.52544403076172,67.62129211425781,64.05461120605469,18490403,0.0,0.0,GE
2018-03-01 00:00:00-05:00,67.86091613769531,68.34015655517578,66.85449981689453,67.18997192382812,63.64605712890625,19170976,0.0,0.0,GE
2018-03-02 00:00:00-05:00,67.04619598388672,68.24430847167969,66.95034790039062,67.6692123413086,64.10001373291016,15572368,0.0,0.0,GE
2018-03-05 00:00:00-05:00,67.9567642211914,70.2092056274414,67.6692123413086,69.10694885253906,65.4619140625,18247395,0.0,0.0,GE
2018-03-06 00:00:00-05:00,69.96958923339844,70.3050537109375,69.53826904296875,70.16128540039062,66.46063995361328,12124707,0.0,0.0,GE
2018-03-07 00:00:00-05:00,69.39449310302734,69.92166137695312,67.9567642211914,69.53826904296875,65.87049102783203,17318787,0.0,0.0,GE
2018-03-08 00:00:00-05:00,69.49034118652344,70.16128540039062,69.05902099609375,69.58618927001953,65.91585540771484,10348638,0.0,0.0,GE
2018-03-09 00:00:00-05:00,70.06543731689453,71.64694213867188,69.53826904296875,71.59901428222656,67.8225326538086,13386967,0.0,0.0,GE
2018-03-12 00:00:00-04:00,71.98240661621094,73.46806335449219,71.69486236572266,72.36580657958984,68.54888153076172,14653629,0.0,0.0,GE
2018-03-13 00:00:00-04:00,70.4009017944336,70.6405258178711,68.72354888916016,69.15486907958984,65.50730895996094,24772029,0.0,0.0,GE
2018-03-14 00:00:00-04:00,69.29864501953125,69.92166137695312,68.24430847167969,68.3880844116211,64.78096008300781,11907699,0.0,0.0,GE
2018-03-15 00:00:00-04:00,68.57978057861328,69.72996520996094,68.34015655517578,68.81940460205078,65.18955993652344,9895779,0.0,0.0,GE
2018-03-16 00:00:00-04:00,68.72354888916016,69.10694885253906,67.9567642211914,68.57978057861328,64.96253967285156,23889514,0.0,0.0,GE
2018-03-19 00:00:00-04:00,68.34015655517578,68.43600463867188,67.09412384033203,67.42959594726562,63.87301254272461,13810133,0.0,0.0,GE
2018-03-20 00:00:00-04:00,67.5733642578125,67.62129211425781,65.27299499511719,65.36884307861328,61.92097091674805,18554546,0.0,0.0,GE
2018-03-21 00:00:00-04:00,65.4646987915039,66.90242767333984,65.03337860107422,66.51902770996094,63.0104866027832,13592791,0.0,0.0,GE
2018-03-22 00:00:00-04:00,65.89601135253906,66.08770751953125,63.83526611328125,63.97903823852539,60.604469299316406,14862500,0.0,0.0,GE
2018-03-23 00:00:00-04:00,64.21865844726562,64.45828247070312,62.39753341674805,62.63715744018555,59.3333625793457,17536442,0.0,0.0,GE
2018-03-26 00:00:00-04:00,63.40394592285156,63.45186996459961,61.007728576660156,61.77451705932617,58.5162239074707,22000434,0.0,0.0,GE
2018-03-27 00:00:00-04:00,61.91828918457031,65.75224304199219,61.439048767089844,64.41035461425781,61.01304244995117,32336072,0.0,0.0,GE
2018-03-28 00:00:00-04:00,64.79375457763672,66.85449981689453,62.73300552368164,65.56053924560547,62.102561950683594,29025877,0.0,0.0,GE
2018-03-29 00:00:00-04:00,65.081298828125,65.4646987915039,63.97903823852539,64.60205841064453,61.19462585449219,15548310,0.0,0.0,GE
2018-04-02 00:00:00-04:00,64.45828247070312,64.88960266113281,62.109989166259766,62.87677764892578,59.560359954833984,15041824,0.0,0.0,GE
2018-04-03 00:00:00-04:00,62.87677764892578,62.972625732421875,61.343196868896484,62.92470169067383,59.60575485229492,12474884,0.0,0.0,GE
2018-04-04 00:00:00-04:00,61.439048767089844,63.739418029785156,61.29527282714844,63.6435661315918,60.28668975830078,11929712,0.0,0.0,GE
2018-04-05 00:00:00-04:00,63.69149398803711,64.9854507446289,63.11640167236328,64.36243438720703,60.967647552490234,11168889,0.0,0.0,GE
2018-04-06 00:00:00-04:00,63.83526611328125,64.55413055419922,61.96621322631836,62.5892333984375,59.287967681884766,13242927,0.0,0.0,GE
2018-04-09 00:00:00-04:00,62.78092956542969,63.068477630615234,61.439048767089844,61.48697280883789,58.24384307861328,14258423,0.0,0.0,GE
2018-04-10 00:00:00-04:00,62.349609375,62.972625732421875,62.06206512451172,62.54130935668945,59.242576599121094,11982984,0.0,0.0,GE
2018-04-11 00:00:00-04:00,61.870365142822266,62.685081481933594,61.582820892333984,62.15791320800781,58.8794059753418,10479010,0.0,0.0,GE
2018-04-12 00:00:00-04:00,62.445457458496094,63.499794006347656,62.15791320800781,63.16432571411133,59.832740783691406,13277419,0.0,0.0,GE
2018-04-13 00:00:00-04:00,64.26658630371094,65.56053924560547,64.02696228027344,64.64997863769531,61.24001693725586,14850168,0.0,0.0,GE
2018-04-16 00:00:00-04:00,64.69790649414062,65.081298828125,63.40394592285156,63.8831901550293,60.51367950439453,12160618,0.0,0.0,GE
2018-04-17 00:00:00-04:00,64.12281036376953,66.47110748291016,64.02696228027344,66.08770751953125,62.601905822753906,15050609,0.0,0.0,GE
2018-04-18 00:00:00-04:00,66.51902770996094,66.71073150634766,65.27299499511719,65.4646987915039,62.01176071166992,8969027,0.0,0.0,GE
2018-04-19 00:00:00-04:00,65.51261901855469,67.38166809082031,65.3209228515625,67.04619598388672,63.50984191894531,18316838,0.0,0.0,GE
2018-04-20 00:00:00-04:00,71.59901428222656,72.12618255615234,68.72354888916016,69.68203735351562,66.00666809082031,39371615,0.0,0.0,GE
2018-04-23 00:00:00-04:00,70.6884536743164,70.83222198486328,68.96317291259766,69.58618927001953,65.91585540771484,15298437,0.0,0.0,GE
2018-04-24 00:00:00-04:00,70.25713348388672,70.7843017578125,69.68203735351562,70.35298156738281,66.64222717285156,15495602,0.0,0.0,GE
2018-04-25 00:00:00-04:00,70.544677734375,70.59260559082031,66.66280364990234,67.33374786376953,63.78224182128906,23216120,0.0,0.0,GE
2018-04-26 00:00:00-04:00,67.62129211425781,69.49034118652344,67.38166809082031,68.91525268554688,65.28031158447266,13533448,0.0,0.0,GE
2018-04-27 00:00:00-04:00,68.1484603881836,69.39449310302734,68.00468444824219,68.91525268554688,65.28031158447266,10188469,0.0,0.0,GE
2018-04-30 00:00:00-04:00,68.86732482910156,68.96317291259766,67.42959594726562,67.42959594726562,63.87301254272461,10127373,0.0,0.0,GE
2018-05-01 00:00:00-04:00,67.4775161743164,67.52544403076172,66.27941131591797,67.33374786376953,63.78224182128906,10719493,0.0,0.0,GE
2018-05-02 00:00:00-04:00,67.5733642578125,68.91525268554688,67.4775161743164,67.9567642211914,64.37239074707031,10783239,0.0,0.0,GE
2018-05-03 00:00:00-04:00,68.00468444824219,68.00468444824219,66.37525939941406,66.75865173339844,63.23746871948242,12665163,0.0,0.0,GE
2018-05-04 00:00:00-04:00,66.47110748291016,67.7171401977539,65.99185943603516,67.5733642578125,64.00922393798828,8744820,0.0,0.0,GE
2018-05-07 00:00:00-04:00,67.52544403076172,67.9567642211914,67.09412384033203,67.42959594726562,63.87301254272461,6858410,0.0,0.0,GE
2018-05-08 00:00:00-04:00,67.9567642211914,69.44242095947266,67.52544403076172,68.3880844116211,64.78096008300781,12381195,0.0,0.0,GE
2018-05-09 00:00:00-04:00,68.77147674560547,70.35298156738281,68.53185272216797,70.06543731689453,66.3698501586914,10614202,0.0,0.0,GE
2018-05-10 00:00:00-04:00,70.73637390136719,70.73637390136719,69.49034118652344,70.4009017944336,66.68761444091797,7820843,0.0,0.0,GE
2018-05-11 00:00:00-04:00,70.6405258178711,70.7843017578125,69.58618927001953,69.96958923339844,66.27906036376953,5970052,0.0,0.0,GE
2018-05-14 00:00:00-04:00,70.4488296508789,70.92807006835938,70.16128540039062,70.49675750732422,66.77843475341797,8562032,0.0,0.0,GE
2018-05-15 00:00:00-04:00,70.4488296508789,70.544677734375,69.82581329345703,70.49675750732422,66.77843475341797,7357154,0.0,0.0,GE
2018-05-16 00:00:00-04:00,70.49675750732422,72.36580657958984,70.4009017944336,72.03033447265625,68.2311019897461,11397833,0.0,0.0,GE
2018-05-17 00:00:00-04:00,72.46165466308594,73.0367431640625,71.50316619873047,72.03033447265625,68.2311019897461,10585136,0.0,0.0,GE
2018-05-18 00:00:00-04:00,72.26995849609375,72.36580657958984,71.50316619873047,71.74279022216797,67.9587173461914,7170422,0.0,0.0,GE
2018-05-21 00:00:00-04:00,73.6118392944336,74.52239990234375,72.84504699707031,73.1325912475586,69.27521514892578,16258282,0.0,0.0,GE
2018-05-22 00:00:00-04:00,73.75560760498047,74.71409606933594,73.2763671875,73.2763671875,69.4113998413086,13717258,0.0,0.0,GE
2018-05-23 00:00:00-04:00,72.84504699707031,72.89297485351562,67.62129211425781,67.9567642211914,64.37239074707031,30743980,0.0,0.0,GE
2018-05-24 00:00:00-04:00,68.72354888916016,70.544677734375,68.24430847167969,69.96958923339844,66.27906036376953,21995906,0.0,0.0,GE
2018-05-25 00:00:00-04:00,70.01750946044922,70.3050537109375,69.05902099609375,70.11335754394531,66.41524505615234,10370235,0.0,0.0,GE
2018-05-29 00:00:00-04:00,69.39449310302734,69.58618927001953,67.18997192382812,67.9567642211914,64.37239074707031,15867583,0.0,0.0,GE
2018-05-30 00:00:00-04:00,67.76506805419922,68.24430847167969,67.18997192382812,67.9088363647461,64.32697296142578,10893914,0.0,0.0,GE
2018-05-31 00:00:00-04:00,67.5733642578125,67.7171401977539,66.85449981689453,67.4775161743164,63.91841506958008,11571648,0.0,0.0,GE
2018-06-01 00:00:00-04:00,67.5733642578125,67.81298828125,66.85449981689453,67.5733642578125,64.00922393798828,11870536,0.0,0.0,GE
2018-06-04 00:00:00-04:00,67.7171401977539,68.10053253173828,65.56053924560547,65.70431518554688,62.238746643066406,17197157,0.0,0.0,GE
2018-06-05 00:00:00-04:00,65.70431518554688,66.75865173339844,64.79375457763672,66.13563537597656,62.64733123779297,14699910,0.0,0.0,GE
2018-06-06 00:00:00-04:00,66.23148345947266,66.56695556640625,65.3209228515625,65.36884307861328,61.92097091674805,12967368,0.0,0.0,GE
2018-06-07 00:00:00-04:00,65.3209228515625,66.13563537597656,65.2250747680664,66.03978729248047,62.55650329589844,14811336,0.0,0.0,GE
2018-06-08 00:00:00-04:00,66.03978729248047,67.42959594726562,65.70431518554688,66.75865173339844,63.23746871948242,10484206,0.0,0.0,GE
2018-06-11 00:00:00-04:00,67.04619598388672,67.23789978027344,66.37525939941406,66.99827575683594,63.4644660949707,9098022,0.0,0.0,GE
2018-06-12 00:00:00-04:00,67.23789978027344,67.76506805419922,66.66280364990234,66.99827575683594,63.4644660949707,8663462,0.0,0.0,GE
2018-06-13 00:00:00-04:00,67.18997192382812,67.38166809082031,66.27941131591797,66.56695556640625,63.05589294433594,7407462,0.0,0.0,GE
2018-06-14 00:00:00-04:00,66.47110748291016,66.66280364990234,64.9854507446289,65.36884307861328,61.92097091674805,12659759,0.0,0.0,GE
2018-06-15 00:00:00-04:00,64.7458267211914,64.79375457763672,63.739418029785156,63.739418029785156,60.913387298583984,20069141,0.575092,0.0,GE
2018-06-18 00:00:00-04:00,63.30809783935547,63.40394592285156,62.78092956542969,63.26017379760742,60.45539474487305,14260009,0.0,0.0,GE
2018-06-19 00:00:00-04:00,62.5892333984375,62.63715744018555,61.82244110107422,62.06206512451172,59.310386657714844,16249456,0.0,0.0,GE
2018-06-20 00:00:00-04:00,61.1515007019043,62.828853607177734,61.10357666015625,61.726593017578125,58.989803314208984,20120367,0.0,0.0,GE
2018-06-21 00:00:00-04:00,61.3911247253418,61.439048767089844,60.43263626098633,61.1515007019043,58.44020462036133,14750782,0.0,0.0,GE
2018-06-22 00:00:00-04:00,61.1515007019043,62.685081481933594,61.1515007019043,62.54130935668945,59.76839065551758,14178026,0.0,0.0,GE
2018-06-25 00:00:00-04:00,62.445457458496094,62.54130935668945,61.0556526184082,61.10357666015625,58.3944206237793,16029380,0.0,0.0,GE
2018-06-26 00:00:00-04:00,64.50621032714844,66.80657958984375,64.17073822021484,65.84809112548828,62.92857360839844,44618882,0.0,0.0,GE
2018-06-27 00:00:00-04:00,66.42317962646484,69.20279693603516,66.13563537597656,66.90242767333984,63.93614959716797,28252972,0.0,0.0,GE
2018-06-28 00:00:00-04:00,66.80657958984375,67.09412384033203,65.56053924560547,66.27941131591797,63.34075927734375,13444307,0.0,0.0,GE
2018-06-29 00:00:00-04:00,66.27941131591797,66.61488342285156,65.03337860107422,65.2250747680664,62.33316421508789,15015178,0.0,0.0,GE
2018-07-02 00:00:00-04:00,64.60205841064453,64.93753051757812,63.212249755859375,64.07489013671875,61.23396682739258,13098533,0.0,0.0,GE
2018-07-03 00:00:00-04:00,63.97903823852539,64.64997863769531,63.739418029785156,64.07489013671875,61.23396682739258,6721507,0.0,0.0,GE
2018-07-05 00:00:00-04:00,64.12281036376953,64.41035461425781,62.49338150024414,64.36243438720703,61.50877380371094,11172227,0.0,0.0,GE
2018-07-06 00:00:00-04:00,64.07489013671875,66.61488342285156,63.83526611328125,66.37525939941406,63.4323616027832,12524399,0.0,0.0,GE
2018-07-09 00:00:00-04:00,66.80657958984375,67.76506805419922,66.66280364990234,66.85449981689453,63.890357971191406,13993109,0.0,0.0,GE
2018-07-10 00:00:00-04:00,67.09412384033203,67.9567642211914,66.99827575683594,67.9088363647461,64.8979263305664,12585475,0.0,0.0,GE
2018-07-11 00:00:00-04:00,67.38166809082031,68.48393249511719,67.04619598388672,67.04619598388672,64.07354736328125,9862643,0.0,0.0,GE
2018-07-12 00:00:00-04:00,67.33374786376953,67.76506805419922,66.75865173339844,67.04619598388672,64.07354736328125,8309863,0.0,0.0,GE
2018-07-13 00:00:00-04:00,66.95034790039062,67.42959594726562,66.51902770996094,66.56695556640625,63.61556625366211,10121259,0.0,0.0,GE
2018-07-16 00:00:00-04:00,66.56695556640625,66.85449981689453,66.13563537597656,66.61488342285156,63.661346435546875,8943299,0.0,0.0,GE
2018-07-17 00:00:00-04:00,66.37525939941406,66.56695556640625,65.4167709350586,65.60846710205078,62.699546813964844,12334350,0.0,0.0,GE
2018-07-18 00:00:00-04:00,65.84809112548828,66.18356323242188,65.6563949584961,65.89601135253906,62.97434997558594,8562449,0.0,0.0,GE
2018-07-19 00:00:00-04:00,65.75224304199219,66.51902770996094,65.27299499511719,65.80016326904297,62.88277053833008,15641895,0.0,0.0,GE
2018-07-20 00:00:00-04:00,65.75224304199219,66.03978729248047,62.20583724975586,62.87677764892578,60.0890007019043,35732423,0.0,0.0,GE
2018-07-23 00:00:00-04:00,62.39753341674805,62.87677764892578,61.82244110107422,62.253761291503906,59.49359893798828,18849031,0.0,0.0,GE
2018-07-24 00:00:00-04:00,61.91828918457031,62.92470169067383,61.582820892333984,62.87677764892578,60.0890007019043,11824171,0.0,0.0,GE
2018-07-25 00:00:00-04:00,62.92470169067383,63.02055358886719,62.109989166259766,62.828853607177734,60.0432014465332,11132811,0.0,0.0,GE
2018-07-26 00:00:00-04:00,62.78092956542969,63.595645904541016,62.5892333984375,63.02055358886719,60.22639083862305,11374588,0.0,0.0,GE
2018-07-27 00:00:00-04:00,62.87677764892578,63.16432571411133,62.20583724975586,62.5892333984375,59.81418991088867,8206805,0.0,0.0,GE
2018-07-30 00:00:00-04:00,62.49338150024414,63.30809783935547,62.349609375,63.068477630615234,60.272186279296875,8255716,0.0,0.0,GE
2018-07-31 00:00:00-04:00,63.212249755859375,65.4167709350586,63.068477630615234,65.3209228515625,62.424781799316406,14959799,0.0,0.0,GE
2018-08-01 00:00:00-04:00,64.93753051757812,64.93753051757812,63.45186996459961,63.45186996459961,60.638587951660156,9291368,0.0,0.0,GE
2018-08-02 00:00:00-04:00,63.11640167236328,63.30809783935547,62.5892333984375,63.11640167236328,60.3179931640625,7631879,0.0,0.0,GE
2018-08-03 00:00:00-04:00,63.02055358886719,63.499794006347656,62.78092956542969,62.972625732421875,60.18058776855469,7354316,0.0,0.0,GE
2018-08-06 00:00:00-04:00,62.87677764892578,63.16432571411133,62.5892333984375,62.78092956542969,59.99739456176758,6779285,0.0,0.0,GE
2018-08-07 00:00:00-04:00,62.87677764892578,63.499794006347656,62.39753341674805,63.068477630615234,60.272186279296875,11811088,0.0,0.0,GE
2018-08-08 00:00:00-04:00,63.212249755859375,63.212249755859375,62.15791320800781,62.54130935668945,59.76839065551758,8429823,0.0,0.0,GE
2018-08-09 00:00:00-04:00,62.349609375,62.445457458496094,61.870365142822266,62.01414108276367,59.26460266113281,6778847,0.0,0.0,GE
2018-08-10 00:00:00-04:00,61.870365142822266,61.870365142822266,60.91188049316406,61.199424743652344,58.48601150512695,10110158,0.0,0.0,GE
2018-08-13 00:00:00-04:00,60.95980453491211,61.007728576660156,59.378299713134766,59.66584396362305,57.02042007446289,14001101,0.0,0.0,GE
2018-08-14 00:00:00-04:00,59.80961990356445,60.38471221923828,59.04282760620117,59.18660354614258,56.562435150146484,10349974,0.0,0.0,GE
2018-08-15 00:00:00-04:00,58.80320739746094,59.234527587890625,57.221702575683594,58.56358337402344,55.96702194213867,13501919,0.0,0.0,GE
2018-08-16 00:00:00-04:00,58.75528335571289,59.234527587890625,58.51565933227539,58.94697952270508,56.33342361450195,10847153,0.0,0.0,GE
2018-08-17 00:00:00-04:00,58.75528335571289,59.138675689697266,58.51565933227539,58.94697952270508,56.33342361450195,9795746,0.0,0.0,GE
2018-08-20 00:00:00-04:00,58.80320739746094,59.378299713134766,58.18019104003906,58.94697952270508,56.33342361450195,7878350,0.0,0.0,GE
2018-08-21 00:00:00-04:00,59.138675689697266,60.8160285949707,59.09075164794922,60.52848434448242,57.844818115234375,12091467,0.0,0.0,GE
2018-08-22 00:00:00-04:00,60.43263626098633,60.480560302734375,59.522071838378906,59.761695861816406,57.112030029296875,9065575,0.0,0.0,GE
2018-08-23 00:00:00-04:00,59.47414779663086,60.19301223754883,59.378299713134766,60.097164154052734,57.4326286315918,7940552,0.0,0.0,GE
2018-08-24 00:00:00-04:00,60.00131607055664,60.19301223754883,59.761695861816406,59.90546798706055,57.249420166015625,8068963,0.0,0.0,GE
2018-08-27 00:00:00-04:00,59.80961990356445,61.24734878540039,59.66584396362305,61.199424743652344,58.48601150512695,9324212,0.0,0.0,GE
2018-08-28 00:00:00-04:00,61.199424743652344,61.77451705932617,60.95980453491211,61.1515007019043,58.44020462036133,12325524,0.0,0.0,GE
2018-08-29 00:00:00-04:00,61.199424743652344,62.20583724975586,60.72018051147461,62.15791320800781,59.402000427246094,9971648,0.0,0.0,GE
2018-08-30 00:00:00-04:00,61.67866897583008,62.15791320800781,61.10357666015625,61.199424743652344,58.48601150512695,9320414,0.0,0.0,GE
2018-08-31 00:00:00-04:00,61.007728576660156,62.06206512451172,60.863956451416016,62.01414108276367,59.26460266113281,10517216,0.0,0.0,GE
2018-09-04 00:00:00-04:00,61.726593017578125,61.726593017578125,60.52848434448242,60.72018051147461,58.02801513671875,9355782,0.0,0.0,GE
2018-09-05 00:00:00-04:00,59.66584396362305,60.28886032104492,58.6594352722168,60.19301223754883,57.52421951293945,11491355,0.0,0.0,GE
2018-09-06 00:00:00-04:00,59.90546798706055,61.343196868896484,59.90546798706055,59.953392028808594,57.295223236083984,8475812,0.0,0.0,GE
2018-09-07 00:00:00-04:00,59.378299713134766,59.617919921875,58.80320739746094,59.42622375488281,56.79142379760742,9570746,0.0,0.0,GE
2018-09-10 00:00:00-04:00,59.234527587890625,60.863956451416016,59.18660354614258,59.953392028808594,57.295223236083984,9050656,0.0,0.0,GE
2018-09-11 00:00:00-04:00,59.617919921875,59.761695861816406,58.611507415771484,59.09075164794922,56.4708251953125,8378597,0.0,0.0,GE
2018-09-12 00:00:00-04:00,58.94697952270508,60.52848434448242,58.611507415771484,60.43263626098633,57.753204345703125,8385211,0.0,0.0,GE
2018-09-13 00:00:00-04:00,60.72018051147461,61.10357666015625,59.56999588012695,60.91188049316406,58.21122360229492,11408558,0.0,0.0,GE
2018-09-14 00:00:00-04:00,60.04924011230469,61.10357666015625,59.33037567138672,60.768104553222656,58.6273307800293,14600045,0.575092,0.0,GE
2018-09-17 00:00:00-04:00,60.43263626098633,61.77451705932617,60.38471221923828,60.863956451416016,58.719810485839844,10573242,0.0,0.0,GE
2018-09-18 00:00:00-04:00,60.72018051147461,61.10357666015625,60.19301223754883,60.67225646972656,58.53487014770508,8950101,0.0,0.0,GE
2018-09-19 00:00:00-04:00,60.480560302734375,62.253761291503906,60.19301223754883,61.63074493408203,59.4595832824707,12958354,0.0,0.0,GE
2018-09-20 00:00:00-04:00,60.336788177490234,60.8160285949707,59.234527587890625,59.71377182006836,57.61014175415039,18430204,0.0,0.0,GE
2018-09-21 00:00:00-04:00,59.42622375488281,60.19301223754883,58.276039123535156,58.3239631652832,56.26929473876953,19910349,0.0,0.0,GE
2018-09-24 00:00:00-04:00,57.98849105834961,57.98849105834961,55.5922737121582,56.263214111328125,54.28114318847656,31005079,0.0,0.0,GE
2018-09-25 00:00:00-04:00,56.21529006958008,56.35906219482422,53.771148681640625,54.01076889038086,52.1080322265625,27896911,0.0,0.0,GE
2018-09-26 00:00:00-04:00,53.914920806884766,55.400577545166016,53.72322463989258,54.58586120605469,52.66288375854492,19483739,0.0,0.0,GE
2018-09-27 00:00:00-04:00,54.490013122558594,56.31113815307617,54.44208908081055,55.25680160522461,53.310184478759766,17151231,0.0,0.0,GE
2018-09-28 00:00:00-04:00,54.82548522949219,55.160953521728516,53.914920806884766,54.10661697387695,52.20051956176758,15978112,0.0,0.0,GE
2018-10-01 00:00:00-04:00,62.39753341674805,62.63715744018555,57.221702575683594,57.94056701660156,55.8994026184082,64290209,0.0,0.0,GE
2018-10-02 00:00:00-04:00,59.04282760620117,59.80961990356445,56.406986236572266,59.04282760620117,56.962833404541016,31029263,0.0,0.0,GE
2018-10-03 00:00:00-04:00,59.138675689697266,60.52848434448242,58.851131439208984,59.80961990356445,57.702613830566406,17311880,0.0,0.0,GE
2018-10-04 00:00:00-04:00,59.47414779663086,60.768104553222656,59.138675689697266,60.67225646972656,58.53487014770508,15631315,0.0,0.0,GE
2018-10-05 00:00:00-04:00,61.726593017578125,63.739418029785156,61.63074493408203,63.16432571411133,60.939144134521484,31541445,0.0,0.0,GE
2018-10-08 00:00:00-04:00,64.79375457763672,65.36884307861328,63.54772186279297,65.2250747680664,62.927284240722656,36025406,0.0,0.0,GE
2018-10-09 00:00:00-04:00,65.70431518554688,66.03978729248047,64.26658630371094,64.93753051757812,62.64985656738281,23046331,0.0,0.0,GE
2018-10-10 00:00:00-04:00,64.17073822021484,65.4646987915039,63.40394592285156,63.6435661315918,61.401485443115234,19185019,0.0,0.0,GE
2018-10-11 00:00:00-04:00,62.87677764892578,63.69149398803711,60.67225646972656,60.95980453491211,58.81227493286133,24238585,0.0,0.0,GE
2018-10-12 00:00:00-04:00,60.04924011230469,61.48697280883789,58.467735290527344,59.04282760620117,56.962833404541016,25708943,0.0,0.0,GE
2018-10-15 00:00:00-04:00,58.707359313964844,59.90546798706055,58.18019104003906,58.22811508178711,56.17683410644531,13070635,0.0,0.0,GE
2018-10-16 00:00:00-04:00,58.611507415771484,58.89905548095703,57.50925064086914,57.98849105834961,55.94564437866211,18046308,0.0,0.0,GE
2018-10-17 00:00:00-04:00,58.707359313964844,60.19301223754883,58.0843391418457,58.4198112487793,56.361778259277344,17409325,0.0,0.0,GE
2018-10-18 00:00:00-04:00,58.18019104003906,59.56999588012695,57.79679489135742,59.33037567138672,57.24026107788086,17010175,0.0,0.0,GE
2018-10-19 00:00:00-04:00,58.851131439208984,61.007728576660156,58.75528335571289,60.19301223754883,58.07250213623047,18108844,0.0,0.0,GE
2018-10-22 00:00:00-04:00,60.336788177490234,60.52848434448242,59.09075164794922,59.33037567138672,57.24026107788086,10483914,0.0,0.0,GE
2018-10-23 00:00:00-04:00,58.22811508178711,61.0556526184082,57.892642974853516,60.8160285949707,58.67356872558594,17086295,0.0,0.0,GE
2018-10-24 00:00:00-04:00,60.91188049316406,61.3911247253418,58.18019104003906,58.3239631652832,56.26929473876953,17394134,0.0,0.0,GE
2018-10-25 00:00:00-04:00,58.467735290527344,58.851131439208984,56.16736602783203,56.55076217651367,54.55856704711914,18412572,0.0,0.0,GE
2018-10-26 00:00:00-04:00,55.544349670410156,55.83189392089844,53.531524658203125,54.154541015625,52.24675369262695,24541312,0.0,0.0,GE
2018-10-29 00:00:00-04:00,54.777557373046875,56.21529006958008,52.38134002685547,53.48360061645508,51.599449157714844,25007880,0.0,0.0,GE
2018-10-30 00:00:00-04:00,50.60813903808594,54.633785247802734,47.30135726928711,48.78701400756836,47.068328857421875,71983559,0.0,0.0,GE
2018-10-31 00:00:00-04:00,48.78701400756836,49.79342269897461,46.965885162353516,48.40361785888672,46.69842529296875,42124411,0.0,0.0,GE
2018-11-01 00:00:00-04:00,47.97229766845703,49.026634216308594,45.719852447509766,45.91154861450195,44.294151306152344,49320916,0.0,0.0,GE
2018-11-02 00:00:00-04:00,46.103248596191406,46.294944763183594,43.4674072265625,44.52174377441406,42.95331573486328,54985507,0.0,0.0,GE
2018-11-05 00:00:00-05:00,45.0009880065918,45.67192840576172,44.42589569091797,44.473819732666016,42.907066345214844,25955269,0.0,0.0,GE
2018-11-06 00:00:00-05:00,44.857215881347656,45.719852447509766,44.857215881347656,45.14476013183594,43.55438232421875,23563834,0.0,0.0,GE
2018-11-07 00:00:00-05:00,45.28853225708008,45.336456298828125,43.802879333496094,44.090423583984375,42.53718185424805,25878418,0.0,0.0,GE
2018-11-08 00:00:00-05:00,43.802879333496094,44.7613639831543,43.371559143066406,43.61117935180664,42.07482147216797,33760858,0.0,0.0,GE
2018-11-09 00:00:00-05:00,42.125526428222656,42.94023895263672,39.05836486816406,41.11911392211914,39.670555114746094,57077908,0.0,0.0,GE
2018-11-12 00:00:00-05:00,40.35232162475586,40.496097564697266,36.997615814208984,38.29157638549805,36.94261169433594,51161628,0.0,0.0,GE
2018-11-13 00:00:00-05:00,38.43534851074219,43.371559143066406,38.19572448730469,41.26288604736328,39.80925369262695,42945997,0.0,0.0,GE
2018-11-14 00:00:00-05:00,41.98175048828125,42.41307067871094,39.25006103515625,39.873077392578125,38.46839904785156,35507986,0.0,0.0,GE
2018-11-15 00:00:00-05:00,39.48968505859375,41.214962005615234,38.627044677734375,39.154212951660156,37.774864196777344,26807841,0.0,0.0,GE
2018-11-16 00:00:00-05:00,38.72289276123047,39.29798889160156,37.04553985595703,38.43534851074219,37.08131408691406,36851582,0.0,0.0,GE
2018-11-19 00:00:00-05:00,38.29157638549805,39.48968505859375,37.33308792114258,37.57270812988281,36.24907302856445,30898119,0.0,0.0,GE
2018-11-20 00:00:00-05:00,36.75799560546875,37.668556213378906,36.08705139160156,36.662147521972656,35.3705940246582,29903260,0.0,0.0,GE
2018-11-21 00:00:00-05:00,37.33308792114258,38.0040283203125,37.04553985595703,37.42893600463867,36.110374450683594,17620011,0.0,0.0,GE
2018-11-23 00:00:00-05:00,37.28516387939453,37.668556213378906,36.18290328979492,36.278751373291016,35.00070571899414,9070771,0.0,0.0,GE
2018-11-26 00:00:00-05:00,36.4704475402832,37.09346389770508,34.793094635009766,36.32667541503906,35.04694747924805,33103782,0.0,0.0,GE
2018-11-27 00:00:00-05:00,35.895355224609375,36.5662956237793,35.32026290893555,35.65573501586914,34.39963912963867,23037755,0.0,0.0,GE
2018-11-28 00:00:00-05:00,35.41611099243164,37.237239837646484,35.32026290893555,37.09346389770508,35.78671646118164,25938200,0.0,0.0,GE
2018-11-29 00:00:00-05:00,36.662147521972656,38.339500427246094,35.895355224609375,38.05195236206055,36.71144104003906,25745417,0.0,0.0,GE
2018-11-30 00:00:00-05:00,36.7100715637207,36.8059196472168,35.46403884887695,35.94327926635742,34.67705154418945,39037109,0.0,0.0,GE
2018-12-03 00:00:00-05:00,36.134979248046875,38.099876403808594,36.08705139160156,37.42893600463867,36.110374450683594,27268484,0.0,0.0,GE
2018-12-04 00:00:00-05:00,37.14139175415039,37.42893600463867,34.88894271850586,34.88894271850586,33.659854888916016,27820875,0.0,0.0,GE
2018-12-06 00:00:00-05:00,34.505550384521484,35.41611099243164,34.265926361083984,35.22441482543945,33.983516693115234,23571659,0.0,0.0,GE
2018-12-07 00:00:00-05:00,34.98479461669922,35.368186950683594,33.49913787841797,33.59498596191406,32.4114875793457,23887657,0.0,0.0,GE
2018-12-10 00:00:00-05:00,33.403289794921875,34.122154235839844,32.34895324707031,33.21158981323242,32.041595458984375,23545806,0.0,0.0,GE
2018-12-11 00:00:00-05:00,33.7387580871582,34.17007827758789,31.917633056640625,32.39687728881836,31.255586624145508,25995248,0.0,0.0,GE
2018-12-12 00:00:00-05:00,32.7802734375,33.690834045410156,32.10932922363281,32.15725326538086,31.024394989013672,22080622,0.0,0.0,GE
2018-12-13 00:00:00-05:00,35.895355224609375,35.94327926635742,34.122154235839844,34.505550384521484,33.28996658325195,43251895,0.0,0.0,GE
2018-12-14 00:00:00-05:00,33.930458068847656,34.74517059326172,33.547061920166016,34.02630615234375,32.827613830566406,26875823,0.0,0.0,GE
2018-12-17 00:00:00-05:00,33.9783821105957,34.649322509765625,33.59498596191406,34.265926361083984,33.05878448486328,27069962,0.0,0.0,GE
2018-12-18 00:00:00-05:00,34.409698486328125,36.5662956237793,34.31385040283203,34.88894271850586,33.659854888916016,30626065,0.0,0.0,GE
2018-12-19 00:00:00-05:00,36.61422348022461,38.099876403808594,36.18290328979492,36.7100715637207,35.46553421020508,45795945,0.047924,0.0,GE
2018-12-20 00:00:00-05:00,36.662147521972656,37.47686004638672,35.2723388671875,35.65573501586914,34.44694900512695,38050283,0.0,0.0,GE
2018-12-21 00:00:00-05:00,35.08064270019531,35.70365905761719,34.02630615234375,34.265926361083984,33.1042594909668,38738388,0.0,0.0,GE
2018-12-24 00:00:00-05:00,33.8346061706543,34.17007827758789,33.06781768798828,33.163665771484375,32.039371490478516,14608516,0.0,0.0,GE
2018-12-26 00:00:00-05:00,33.49913787841797,35.511962890625,32.444801330566406,35.41611099243164,34.2154541015625,27092394,0.0,0.0,GE
2018-12-27 00:00:00-05:00,34.409698486328125,34.84101867675781,33.30744171142578,34.84101867675781,33.65985870361328,24993253,0.0,0.0,GE
2018-12-28 00:00:00-05:00,34.45762634277344,36.662147521972656,34.45762634277344,35.99120330810547,34.77104949951172,25388083,0.0,0.0,GE
2018-12-31 00:00:00-05:00,36.039127349853516,36.51837158203125,35.22441482543945,36.278751373291016,35.0488395690918,22610937,0.0,0.0,GE
2019-01-02 00:00:00-05:00,35.751583099365234,39.2021369934082,35.511962890625,38.57912063598633,37.2712287902832,26991297,0.0,0.0,GE
2019-01-03 00:00:00-05:00,38.43534851074219,39.29798889160156,37.28516387939453,38.627044677734375,37.31753921508789,25654795,0.0,0.0,GE
2019-01-04 00:00:00-05:00,39.25006103515625,39.585533142089844,38.243648529052734,39.4417610168457,38.10463333129883,25056937,0.0,0.0,GE
2019-01-07 00:00:00-05:00,40.975341796875,42.125526428222656,39.729305267333984,41.885902404785156,40.46590805053711,37493322,0.0,0.0,GE
2019-01-08 00:00:00-05:00,42.700618743896484,43.32363510131836,40.831565856933594,41.02326583862305,39.63251495361328,30669237,0.0,0.0,GE
2019-01-09 00:00:00-05:00,40.831565856933594,41.98175048828125,39.2021369934082,40.7357177734375,39.3547248840332,24268716,0.0,0.0,GE
2019-01-10 00:00:00-05:00,40.7357177734375,42.89231491088867,40.68779373168945,42.844390869140625,41.391910552978516,23441412,0.0,0.0,GE
2019-01-11 00:00:00-05:00,42.50891876220703,42.89231491088867,41.79005432128906,42.844390869140625,41.391910552978516,16832625,0.0,0.0,GE
2019-01-14 00:00:00-05:00,42.22137451171875,43.131935119628906,41.98175048828125,42.65269470214844,41.20671844482422,17043123,0.0,0.0,GE
2019-01-15 00:00:00-05:00,42.700618743896484,42.79646682739258,41.69420623779297,41.83797836303711,40.41960906982422,19626381,0.0,0.0,GE
2019-01-16 00:00:00-05:00,41.742130279541016,43.131935119628906,41.502506256103516,43.03608703613281,41.57709503173828,17583057,0.0,0.0,GE
2019-01-17 00:00:00-05:00,42.65269470214844,44.04249954223633,41.9338264465332,43.802879333496094,42.31790542602539,22074822,0.0,0.0,GE
2019-01-18 00:00:00-05:00,44.234195709228516,44.330047607421875,43.27571105957031,43.41948318481445,41.94749450683594,19350175,0.0,0.0,GE
2019-01-22 00:00:00-05:00,43.03608703613281,43.08401107788086,41.02326583862305,41.502506256103516,40.09551239013672,22571396,0.0,0.0,GE
2019-01-23 00:00:00-05:00,41.64628219604492,42.36514663696289,41.26288604736328,41.83797836303711,40.41960906982422,15104193,0.0,0.0,GE
2019-01-24 00:00:00-05:00,41.358734130859375,42.988162994384766,41.26288604736328,42.077598571777344,40.65109634399414,18848780,0.0,0.0,GE
2019-01-25 00:00:00-05:00,42.41307067871094,44.13834762573242,42.36514663696289,43.89872741699219,42.41049575805664,23434130,0.0,0.0,GE
2019-01-28 00:00:00-05:00,43.03608703613281,43.131935119628906,41.9338264465332,42.79646682739258,41.345603942871094,19120938,0.0,0.0,GE
2019-01-29 00:00:00-05:00,42.65269470214844,43.75495147705078,41.45458221435547,42.65269470214844,41.20671844482422,23885070,0.0,0.0,GE
2019-01-30 00:00:00-05:00,43.03608703613281,44.473819732666016,42.55684280395508,43.61117935180664,42.1327018737793,18035624,0.0,0.0,GE
2019-01-31 00:00:00-05:00,47.6368293762207,51.61455154418945,46.77418899536133,48.691162109375,47.04045867919922,72747847,0.0,0.0,GE
2019-02-01 00:00:00-05:00,48.88286209106445,49.98512268066406,47.7326774597168,48.834938049316406,47.17935562133789,33002372,0.0,0.0,GE
2019-02-04 00:00:00-05:00,49.21833038330078,49.553802490234375,48.40361785888672,48.9307861328125,47.27195739746094,21543088,0.0,0.0,GE
2019-02-05 00:00:00-05:00,49.12248229980469,51.039459228515625,48.73908615112305,50.943607330322266,49.216552734375,21455283,0.0,0.0,GE
2019-02-06 00:00:00-05:00,51.13530731201172,52.285491943359375,49.98512268066406,50.17681884765625,48.47574996948242,25140965,0.0,0.0,GE
2019-02-07 00:00:00-05:00,49.937198638916016,50.03304672241211,47.780601501464844,48.21192169189453,46.57746887207031,22682446,0.0,0.0,GE
2019-02-08 00:00:00-05:00,47.97229766845703,48.40361785888672,45.719852447509766,47.01380920410156,45.41996765136719,24736786,0.0,0.0,GE
2019-02-11 00:00:00-05:00,47.30135726928711,48.64323806762695,47.109657287597656,48.068145751953125,46.43856430053711,14749801,0.0,0.0,GE
2019-02-12 00:00:00-05:00,48.25984573364258,48.64323806762695,47.4930534362793,47.82852554321289,46.20705795288086,14005879,0.0,0.0,GE
2019-02-13 00:00:00-05:00,47.82852554321289,49.937198638916016,47.68475341796875,49.697574615478516,48.012752532958984,20644401,0.0,0.0,GE
2019-02-14 00:00:00-05:00,49.31418228149414,49.36210632324219,47.68475341796875,48.11606979370117,46.484859466552734,19486347,0.0,0.0,GE
2019-02-15 00:00:00-05:00,48.49946594238281,49.26625442504883,48.21192169189453,48.35569381713867,46.716373443603516,16347527,0.0,0.0,GE
2019-02-19 00:00:00-05:00,48.068145751953125,48.64323806762695,47.68475341796875,48.54738998413086,46.90156173706055,13264315,0.0,0.0,GE
2019-02-20 00:00:00-05:00,48.35569381713867,48.54738998413086,47.97229766845703,48.40361785888672,46.76265335083008,10151119,0.0,0.0,GE
2019-02-21 00:00:00-05:00,48.068145751953125,48.88286209106445,47.924373626708984,48.068145751953125,46.43856430053711,10335701,0.0,0.0,GE
2019-02-22 00:00:00-05:00,48.163997650146484,48.78701400756836,47.87644958496094,48.73908615112305,47.086753845214844,10587786,0.0,0.0,GE
2019-02-25 00:00:00-05:00,55.44850158691406,56.31113815307617,51.6624755859375,51.85417175292969,50.09625244140625,60560499,0.0,0.0,GE
2019-02-26 00:00:00-05:00,53.77881622314453,54.32706832885742,52.482940673828125,53.13087844848633,51.329647064208984,20864323,0.0,1.04,GE
2019-02-27 00:00:00-05:00,53.978179931640625,54.476593017578125,53.03119659423828,54.227386474609375,52.38899612426758,21835966,0.0,0.0,GE
2019-02-28 00:00:00-05:00,53.92833709716797,54.07786178588867,51.486114501953125,51.785160064697266,50.02956771850586,18230265,0.0,0.0,GE
2019-03-01 00:00:00-05:00,52.08420944213867,52.43309783935547,50.09055709838867,51.18706512451172,49.45174789428711,17856700,0.0,0.0,GE
2019-03-04 00:00:00-05:00,51.43627166748047,52.43309783935547,50.93785858154297,51.735321044921875,49.981414794921875,13996993,0.0,0.0,GE
2019-03-05 00:00:00-05:00,51.735321044921875,52.68230438232422,47.74801254272461,49.293094635009766,47.62197494506836,35870538,0.0,0.0,GE
2019-03-06 00:00:00-05:00,46.1530876159668,48.04705810546875,45.106422424316406,45.40546798706055,43.866153717041016,41286543,0.0,0.0,GE
2019-03-07 00:00:00-05:00,45.255943298339844,47.100074768066406,45.20610427856445,47.100074768066406,45.5033073425293,25577378,0.0,0.0,GE
2019-03-08 00:00:00-05:00,46.50197982788086,48.24642562866211,46.25277328491211,47.74801254272461,46.17815017700195,17559457,0.049841,0.0,GE
2019-03-11 00:00:00-04:00,47.100074768066406,49.94103240966797,46.50197982788086,49.342933654785156,47.72063446044922,21277594,0.0,0.0,GE
2019-03-12 00:00:00-04:00,49.49245834350586,50.539127349853516,48.14674377441406,48.64515686035156,47.045799255371094,19937161,0.0,0.0,GE
2019-03-13 00:00:00-04:00,48.49563217163086,50.09055709838867,48.346107482910156,49.94103240966797,48.299068450927734,14880115,0.0,0.0,GE
2019-03-14 00:00:00-04:00,51.33658981323242,52.33341598510742,50.83817672729492,51.33658981323242,49.648738861083984,26859385,0.0,0.0,GE
2019-03-15 00:00:00-04:00,51.286746978759766,52.08420944213867,49.342933654785156,49.64198303222656,48.00984191894531,37959266,0.0,0.0,GE
2019-03-18 00:00:00-04:00,49.791507720947266,51.38643264770508,49.69182586669922,50.83817672729492,49.16671371459961,18387845,0.0,0.0,GE
2019-03-19 00:00:00-04:00,50.93785858154297,51.535953521728516,50.539127349853516,50.788333892822266,49.11851119995117,10970991,0.0,0.0,GE
2019-03-20 00:00:00-04:00,50.48928451538086,51.486114501953125,50.43944549560547,50.93785858154297,49.26311111450195,9704794,0.0,0.0,GE
2019-03-21 00:00:00-04:00,50.83817672729492,51.486114501953125,50.48928451538086,51.18706512451172,49.50413131713867,10135942,0.0,0.0,GE
2019-03-22 00:00:00-04:00,50.93785858154297,51.037540435791016,49.44261932373047,49.74166488647461,48.10625076293945,16364625,0.0,0.0,GE
2019-03-25 00:00:00-04:00,49.64198303222656,50.48928451538086,48.89436340332031,49.24325180053711,47.62421798706055,9977198,0.0,0.0,GE
2019-03-26 00:00:00-04:00,49.592140197753906,50.58897018432617,49.49245834350586,50.33976364135742,48.68470001220703,9555279,0.0,0.0,GE
2019-03-27 00:00:00-04:00,50.240081787109375,50.738494873046875,49.342933654785156,49.64198303222656,48.00984191894531,11064769,0.0,0.0,GE
2019-03-28 00:00:00-04:00,49.64198303222656,49.89118957519531,48.844520568847656,49.293094635009766,47.67243194580078,9068655,0.0,0.0,GE
2019-03-29 00:00:00-04:00,49.74166488647461,49.99087142944336,49.44261932373047,49.791507720947266,48.154457092285156,9734708,0.0,0.0,GE
2019-04-01 00:00:00-04:00,49.94103240966797,50.48928451538086,49.84135055541992,50.33976364135742,48.68470001220703,10301888,0.0,0.0,GE
2019-04-02 00:00:00-04:00,50.14039611816406,51.236907958984375,50.040714263916016,51.037540435791016,49.359527587890625,10382584,0.0,0.0,GE
2019-04-03 00:00:00-04:00,51.13722229003906,51.236907958984375,49.84135055541992,50.33976364135742,48.68470001220703,11263640,0.0,0.0,GE
2019-04-04 00:00:00-04:00,50.33976364135742,50.43944549560547,49.69182586669922,49.99087142944336,48.34727478027344,8232943,0.0,0.0,GE
2019-04-05 00:00:00-04:00,50.19023895263672,50.539127349853516,49.74166488647461,49.89118957519531,48.25086212158203,8678979,0.0,0.0,GE
2019-04-08 00:00:00-04:00,47.39912414550781,47.548648834228516,45.604835510253906,47.2994384765625,45.744327545166016,35313691,0.0,0.0,GE
2019-04-09 00:00:00-04:00,46.601661682128906,46.90070724487305,45.4553108215332,45.9537239074707,44.44285202026367,16687089,0.0,0.0,GE
2019-04-10 00:00:00-04:00,46.103248596191406,46.1530876159668,45.255943298339844,45.6546745300293,44.15364074707031,10808576,0.0,0.0,GE
2019-04-11 00:00:00-04:00,45.4553108215332,46.1530876159668,45.35562515258789,45.4553108215332,43.9608268737793,10997856,0.0,0.0,GE
2019-04-12 00:00:00-04:00,45.604835510253906,45.90388107299805,44.807373046875,44.857215881347656,43.38239669799805,13735824,0.0,0.0,GE
2019-04-15 00:00:00-04:00,44.90705490112305,45.106422424316406,43.810546875,44.757530212402344,43.28599548339844,16642146,0.0,0.0,GE
2019-04-16 00:00:00-04:00,45.05657958984375,45.80419921875,44.807373046875,45.55499267578125,44.05723190307617,12085548,0.0,0.0,GE
2019-04-17 00:00:00-04:00,45.6546745300293,45.754356384277344,45.1562614440918,45.4553108215332,43.9608268737793,9643619,0.0,0.0,GE
2019-04-18 00:00:00-04:00,45.505149841308594,46.601661682128906,45.35562515258789,46.601661682128906,45.06948471069336,10334612,0.0,0.0,GE
2019-04-22 00:00:00-04:00,46.103248596191406,46.601661682128906,45.754356384277344,46.4521369934082,44.92487716674805,13467232,0.0,0.0,GE
2019-04-23 00:00:00-04:00,46.352455139160156,46.70134353637695,45.9537239074707,46.50197982788086,44.97307586669922,8126706,0.0,0.0,GE
2019-04-24 00:00:00-04:00,46.40229415893555,46.601661682128906,45.90388107299805,46.4521369934082,44.92487716674805,5775345,0.0,0.0,GE
2019-04-25 00:00:00-04:00,45.9537239074707,46.00356674194336,44.757530212402344,45.4553108215332,43.9608268737793,12515311,0.0,0.0,GE
2019-04-26 00:00:00-04:00,45.4553108215332,47.7978515625,45.40546798706055,47.69816970825195,46.129947662353516,14905235,0.0,0.0,GE
2019-04-29 00:00:00-04:00,47.69816970825195,48.545475006103516,47.548648834228516,48.49563217163086,46.90119552612305,13243923,0.0,0.0,GE
2019-04-30 00:00:00-04:00,50.987701416015625,52.482940673828125,49.64198303222656,50.68865203857422,49.0221061706543,35549901,0.0,0.0,GE
2019-05-01 00:00:00-04:00,50.58897018432617,51.93468475341797,50.289920806884766,50.33976364135742,48.68470001220703,19938144,0.0,0.0,GE
2019-05-02 00:00:00-04:00,50.58897018432617,51.83500289916992,50.240081787109375,51.08738327026367,49.4077262878418,15895597,0.0,0.0,GE
2019-05-03 00:00:00-04:00,51.33658981323242,52.33341598510742,51.037540435791016,52.33341598510742,50.6128044128418,13806910,0.0,0.0,GE
2019-05-06 00:00:00-04:00,51.037540435791016,52.283573150634766,50.88801574707031,51.984527587890625,50.2753791809082,8754137,0.0,0.0,GE
2019-05-07 00:00:00-04:00,51.535953521728516,51.63563537597656,50.14039611816406,50.38960266113281,48.732887268066406,11415060,0.0,0.0,GE
2019-05-08 00:00:00-04:00,50.240081787109375,51.08738327026367,50.240081787109375,50.63880920410156,48.973907470703125,9500004,0.0,0.0,GE
2019-05-09 00:00:00-04:00,50.38960266113281,50.88801574707031,49.94103240966797,50.040714263916016,48.395477294921875,11937839,0.0,0.0,GE
2019-05-10 00:00:00-04:00,49.94103240966797,50.738494873046875,48.69499969482422,50.48928451538086,48.82929992675781,12666230,0.0,0.0,GE
2019-05-13 00:00:00-04:00,49.093727111816406,50.19023895263672,48.9442024230957,49.19341278076172,47.57603454589844,12065484,0.0,0.0,GE
2019-05-14 00:00:00-04:00,49.542301177978516,51.58579635620117,49.39277648925781,51.43627166748047,49.74514389038086,14148995,0.0,0.0,GE
2019-05-15 00:00:00-04:00,50.58897018432617,51.785160064697266,50.43944549560547,51.13722229003906,49.455936431884766,10777477,0.0,0.0,GE
2019-05-16 00:00:00-04:00,50.93785858154297,51.286746978759766,50.14039611816406,50.48928451538086,48.82929992675781,10935800,0.0,0.0,GE
2019-05-17 00:00:00-04:00,49.89118957519531,50.63880920410156,49.74166488647461,49.84135055541992,48.20267105102539,7436095,0.0,0.0,GE
2019-05-20 00:00:00-04:00,49.39277648925781,50.14039611816406,48.74483871459961,49.24325180053711,47.62421798706055,10474656,0.0,0.0,GE
2019-05-21 00:00:00-04:00,49.64198303222656,49.64198303222656,48.844520568847656,49.64198303222656,48.00984191894531,12121141,0.0,0.0,GE
2019-05-22 00:00:00-04:00,49.592140197753906,50.43944549560547,49.24325180053711,49.342933654785156,47.72063446044922,10361698,0.0,0.0,GE
2019-05-23 00:00:00-04:00,48.89436340332031,48.99404525756836,47.19975662231445,47.64833068847656,46.08175277709961,11404487,0.0,0.0,GE
2019-05-24 00:00:00-04:00,47.9473762512207,48.24642562866211,47.05023193359375,47.100074768066406,45.551509857177734,9536881,0.0,0.0,GE
2019-05-28 00:00:00-04:00,46.90070724487305,47.548648834228516,46.20293045043945,46.6515007019043,45.11767578125,14488312,0.0,0.0,GE
2019-05-29 00:00:00-04:00,46.40229415893555,46.801025390625,45.604835510253906,46.70134353637695,45.165897369384766,8945986,0.0,0.0,GE
2019-05-30 00:00:00-04:00,46.70134353637695,47.39912414550781,46.3026123046875,47.19975662231445,45.64792251586914,10138450,0.0,0.0,GE
2019-05-31 00:00:00-04:00,46.55181884765625,47.19975662231445,46.352455139160156,47.05023193359375,45.50330352783203,9297080,0.0,0.0,GE
2019-06-03 00:00:00-04:00,46.352455139160156,47.548648834228516,46.103248596191406,47.49880599975586,45.9371452331543,9484896,0.0,0.0,GE
2019-06-04 00:00:00-04:00,47.89753723144531,49.84135055541992,47.7978515625,49.84135055541992,48.20267105102539,12320032,0.0,0.0,GE
2019-06-05 00:00:00-04:00,50.19023895263672,50.289920806884766,48.9442024230957,49.293094635009766,47.67243194580078,8258886,0.0,0.0,GE
2019-06-06 00:00:00-04:00,49.293094635009766,49.84135055541992,48.69499969482422,49.44261932373047,47.81703567504883,7730128,0.0,0.0,GE
2019-06-07 00:00:00-04:00,49.342933654785156,50.09055709838867,48.9442024230957,49.74166488647461,48.10625076293945,8243075,0.0,0.0,GE
2019-06-10 00:00:00-04:00,50.09055709838867,51.58579635620117,49.84135055541992,50.09055709838867,48.44367599487305,10486695,0.0,0.0,GE
2019-06-11 00:00:00-04:00,50.33976364135742,50.83817672729492,49.64198303222656,50.43944549560547,48.78110122680664,7816341,0.0,0.0,GE
2019-06-12 00:00:00-04:00,50.240081787109375,51.785160064697266,49.94103240966797,51.236907958984375,49.55234146118164,11029015,0.0,0.0,GE
2019-06-13 00:00:00-04:00,51.63563537597656,52.43309783935547,51.08738327026367,51.38643264770508,49.69694900512695,12462684,0.0,0.0,GE
2019-06-14 00:00:00-04:00,51.236907958984375,51.535953521728516,50.738494873046875,50.987701416015625,49.31131362915039,6892891,0.0,0.0,GE
2019-06-17 00:00:00-04:00,50.83817672729492,51.037540435791016,49.94103240966797,50.09055709838867,48.44367599487305,9239377,0.0,0.0,GE
2019-06-18 00:00:00-04:00,50.38960266113281,51.984527587890625,50.289920806884766,51.93468475341797,50.227176666259766,14759552,0.0,0.0,GE
2019-06-19 00:00:00-04:00,52.18389129638672,52.88167190551758,51.486114501953125,51.535953521728516,49.841552734375,12161930,0.0,0.0,GE
2019-06-20 00:00:00-04:00,52.18389129638672,53.33024215698242,52.18389129638672,52.981353759765625,51.23942184448242,13234293,0.0,0.0,GE
2019-06-21 00:00:00-04:00,53.18071746826172,53.38008499145508,52.08420944213867,52.233734130859375,50.516387939453125,13156947,0.0,0.0,GE
2019-06-24 00:00:00-04:00,52.13405227661133,52.482940673828125,51.18706512451172,51.236907958984375,49.55234146118164,7343060,0.0,0.0,GE
2019-06-25 00:00:00-04:00,51.13722229003906,51.236907958984375,50.33976364135742,50.93785858154297,49.26311111450195,7121838,0.0,0.0,GE
2019-06-26 00:00:00-04:00,50.93785858154297,51.785160064697266,50.83817672729492,51.18706512451172,49.50413131713867,6847327,0.0,0.0,GE
2019-06-27 00:00:00-04:00,51.037540435791016,52.034366607666016,51.037540435791016,51.83500289916992,50.130760192871094,6677849,0.0,0.0,GE
2019-06-28 00:00:00-04:00,51.785160064697266,52.33341598510742,51.68547821044922,52.33341598510742,50.6615104675293,8832104,0.049841,0.0,GE
2019-07-01 00:00:00-04:00,52.93151092529297,53.429927825927734,52.482940673828125,52.981353759765625,51.28874206542969,8010518,0.0,0.0,GE
2019-07-02 00:00:00-04:00,52.981353759765625,53.429927825927734,52.68230438232422,52.93151092529297,51.24049377441406,6043516,0.0,0.0,GE
2019-07-03 00:00:00-04:00,53.13087844848633,53.13087844848633,52.53278350830078,52.88167190551758,51.1922492980957,4449238,0.0,0.0,GE
2019-07-05 00:00:00-04:00,52.53278350830078,52.58262252807617,51.68547821044922,52.33341598510742,50.6615104675293,6072809,0.0,0.0,GE
2019-07-08 00:00:00-04:00,51.93468475341797,51.984527587890625,50.539127349853516,50.83817672729492,49.21403503417969,9659269,0.0,0.0,GE
2019-07-09 00:00:00-04:00,50.43944549560547,51.286746978759766,50.040714263916016,51.08738327026367,49.455284118652344,7113732,0.0,0.0,GE
2019-07-10 00:00:00-04:00,51.286746978759766,51.984527587890625,50.738494873046875,50.83817672729492,49.21403503417969,7845233,0.0,0.0,GE
2019-07-11 00:00:00-04:00,50.93785858154297,51.38643264770508,50.33976364135742,50.38960266113281,48.7797966003418,6755455,0.0,0.0,GE
2019-07-12 00:00:00-04:00,50.738494873046875,51.785160064697266,50.539127349853516,51.68547821044922,50.034263610839844,7864053,0.0,0.0,GE
2019-07-15 00:00:00-04:00,51.08738327026367,51.535953521728516,50.83817672729492,51.18706512451172,49.55177688598633,8445819,0.0,0.0,GE
2019-07-16 00:00:00-04:00,50.987701416015625,51.83500289916992,50.88801574707031,51.735321044921875,50.082515716552734,7931808,0.0,0.0,GE
2019-07-17 00:00:00-04:00,51.68547821044922,51.68547821044922,49.74166488647461,49.74166488647461,48.152557373046875,10770776,0.0,0.0,GE
2019-07-18 00:00:00-04:00,49.89118957519531,50.788333892822266,49.64198303222656,50.14039611816406,48.53854751586914,9059787,0.0,0.0,GE
2019-07-19 00:00:00-04:00,50.240081787109375,50.788333892822266,49.99087142944336,50.040714263916016,48.44205856323242,6952842,0.0,0.0,GE
2019-07-22 00:00:00-04:00,50.09055709838867,50.987701416015625,50.09055709838867,50.88801574707031,49.26227951049805,8692963,0.0,0.0,GE
2019-07-23 00:00:00-04:00,51.236907958984375,53.230560302734375,51.18706512451172,53.08103561401367,51.38523483276367,14906960,0.0,0.0,GE
2019-07-24 00:00:00-04:00,52.732147216796875,53.33024215698242,52.53278350830078,53.230560302734375,51.52998352050781,9008083,0.0,0.0,GE
2019-07-25 00:00:00-04:00,52.981353759765625,53.18071746826172,51.63563537597656,51.984527587890625,50.32376480102539,9253562,0.0,0.0,GE
2019-07-26 00:00:00-04:00,52.18389129638672,52.58262252807617,51.83500289916992,52.38325881958008,50.709754943847656,5420359,0.0,0.0,GE
2019-07-29 00:00:00-04:00,52.33341598510742,52.732147216796875,51.735321044921875,51.735321044921875,50.082515716552734,7497670,0.0,0.0,GE
2019-07-30 00:00:00-04:00,51.785160064697266,52.732147216796875,51.236907958984375,52.43309783935547,50.75801086425781,9091748,0.0,0.0,GE
2019-07-31 00:00:00-04:00,53.62929153442383,53.77881622314453,50.09055709838867,52.08420944213867,50.420265197753906,34604621,0.0,0.0,GE
2019-08-01 00:00:00-04:00,51.68547821044922,52.283573150634766,49.74166488647461,50.240081787109375,48.63504409790039,17640313,0.0,0.0,GE
2019-08-02 00:00:00-04:00,49.89118957519531,50.240081787109375,48.9442024230957,49.84135055541992,48.24906539916992,12900213,0.0,0.0,GE
2019-08-05 00:00:00-04:00,48.794681549072266,48.89436340332031,47.89753723144531,48.14674377441406,46.608577728271484,14093359,0.0,0.0,GE
2019-08-06 00:00:00-04:00,48.39595031738281,48.595314025878906,47.24959945678711,47.69816970825195,46.174346923828125,13321830,0.0,0.0,GE
2019-08-07 00:00:00-04:00,47.05023193359375,47.19975662231445,46.00356674194336,47.14991760253906,45.64360809326172,15406967,0.0,0.0,GE
2019-08-08 00:00:00-04:00,47.39912414550781,47.49880599975586,46.4521369934082,47.2994384765625,45.788352966308594,9912773,0.0,0.0,GE
2019-08-09 00:00:00-04:00,47.19975662231445,47.24959945678711,45.4553108215332,45.604835510253906,44.14788818359375,15393002,0.0,0.0,GE
2019-08-12 00:00:00-04:00,45.05657958984375,45.3057861328125,44.60800552368164,45.106422424316406,43.6653938293457,13156727,0.0,0.0,GE
2019-08-13 00:00:00-04:00,46.00356674194336,47.7978515625,45.90388107299805,46.601661682128906,45.11286926269531,14852407,0.0,0.0,GE
2019-08-14 00:00:00-04:00,46.05340576171875,46.352455139160156,44.6578483581543,45.006736755371094,43.56889724731445,17895704,0.0,0.0,GE
2019-08-15 00:00:00-04:00,42.564510345458984,43.013084411621094,38.128631591796875,39.92292022705078,38.64749526977539,80465058,0.0,0.0,GE
2019-08-16 00:00:00-04:00,41.91657257080078,43.86038589477539,41.71720886230469,43.810546875,42.41091537475586,49935166,0.0,0.0,GE
2019-08-19 00:00:00-04:00,44.259117126464844,44.3089599609375,42.91340255737305,43.21244812011719,41.831932067871094,22398591,0.0,0.0,GE
2019-08-20 00:00:00-04:00,42.763877868652344,42.86355972290039,41.517845153808594,41.767051696777344,40.432701110839844,20525588,0.0,0.0,GE
2019-08-21 00:00:00-04:00,41.6673698425293,42.265464782714844,40.570858001708984,40.67053985595703,39.37122344970703,17105978,0.0,0.0,GE
2019-08-22 00:00:00-04:00,40.77022171020508,41.41815948486328,40.42133331298828,40.820064544677734,39.51597595214844,13672704,0.0,0.0,GE
2019-08-23 00:00:00-04:00,40.321651458740234,40.371490478515625,38.67688751220703,39.72355651855469,38.45450210571289,25801529,0.0,0.0,GE
2019-08-26 00:00:00-04:00,40.17212677001953,40.371490478515625,39.47434616088867,40.12228775024414,38.840492248535156,11634356,0.0,0.0,GE
2019-08-27 00:00:00-04:00,40.321651458740234,40.42133331298828,39.42450714111328,39.52418899536133,38.2614860534668,13255982,0.0,0.0,GE
2019-08-28 00:00:00-04:00,39.47434616088867,39.823238372802734,38.67688751220703,39.574031829833984,38.30974578857422,11576392,0.0,0.0,GE
2019-08-29 00:00:00-04:00,40.072444915771484,40.86990737915039,39.873077392578125,40.42133331298828,39.12998580932617,11785596,0.0,0.0,GE
2019-08-30 00:00:00-04:00,40.570858001708984,41.16895294189453,40.42133331298828,41.11911392211914,39.80547332763672,9494847,0.0,0.0,GE
2019-09-03 00:00:00-04:00,40.371490478515625,41.816890716552734,40.27180862426758,41.517845153808594,40.191463470458984,13572847,0.0,0.0,GE
2019-09-04 00:00:00-04:00,41.91657257080078,44.20927429199219,41.86673355102539,43.86038589477539,42.45916748046875,18790362,0.0,0.0,GE
2019-09-05 00:00:00-04:00,44.807373046875,46.00356674194336,43.86038589477539,43.91022872924805,42.507415771484375,17433537,0.0,0.0,GE
2019-09-06 00:00:00-04:00,43.9600715637207,43.9600715637207,42.71403503417969,43.41181564331055,42.024925231933594,8596517,0.0,0.0,GE
2019-09-09 00:00:00-04:00,43.61117935180664,45.106422424316406,43.511497497558594,44.6578483581543,43.231143951416016,10023906,0.0,0.0,GE
2019-09-10 00:00:00-04:00,44.40864181518555,46.20293045043945,44.35879898071289,45.55499267578125,44.09962844848633,12563304,0.0,0.0,GE
2019-09-11 00:00:00-04:00,45.604835510253906,46.6515007019043,45.1562614440918,46.6515007019043,45.16111755371094,11455328,0.0,0.0,GE
2019-09-12 00:00:00-04:00,46.850868225097656,47.4489631652832,45.9537239074707,46.1530876159668,44.67862319946289,13666384,0.0,0.0,GE
2019-09-13 00:00:00-04:00,46.40229415893555,47.100074768066406,45.55499267578125,46.55181884765625,45.11332702636719,9146903,0.049841,0.0,GE
2019-09-16 00:00:00-04:00,46.352455139160156,46.9505500793457,45.70451736450195,46.75118637084961,45.306541442871094,9178805,0.0,0.0,GE
2019-09-17 00:00:00-04:00,46.352455139160156,46.801025390625,46.103248596191406,46.6515007019043,45.20993423461914,7614962,0.0,0.0,GE
2019-09-18 00:00:00-04:00,46.40229415893555,46.801025390625,45.754356384277344,46.75118637084961,45.306541442871094,8079777,0.0,0.0,GE
2019-09-19 00:00:00-04:00,46.601661682128906,47.349281311035156,46.55181884765625,46.9505500793457,45.49974060058594,6808664,0.0,0.0,GE
2019-09-20 00:00:00-04:00,47.14991760253906,47.548648834228516,46.55181884765625,46.70134353637695,45.25823974609375,11542705,0.0,0.0,GE
2019-09-23 00:00:00-04:00,45.9537239074707,46.801025390625,45.854042053222656,46.55181884765625,45.11332702636719,6723554,0.0,0.0,GE
2019-09-24 00:00:00-04:00,46.40229415893555,46.601661682128906,44.6578483581543,44.70769119262695,43.32619094848633,10702559,0.0,0.0,GE
2019-09-25 00:00:00-04:00,44.6578483581543,45.854042053222656,44.55816650390625,45.6546745300293,44.243919372558594,8799802,0.0,0.0,GE
2019-09-26 00:00:00-04:00,45.754356384277344,45.90388107299805,44.6578483581543,44.9568977355957,43.56770324707031,7469661,0.0,0.0,GE
2019-09-27 00:00:00-04:00,45.05657958984375,45.70451736450195,44.807373046875,45.05657958984375,43.6642951965332,6121624,0.0,0.0,GE
2019-09-30 00:00:00-04:00,45.255943298339844,45.35562515258789,44.55816650390625,44.55816650390625,43.18128204345703,7040620,0.0,0.0,GE
2019-10-01 00:00:00-04:00,44.6578483581543,45.05657958984375,42.41498947143555,42.91340255737305,41.587345123291016,13799506,0.0,0.0,GE
2019-10-02 00:00:00-04:00,42.6641960144043,42.96324157714844,41.91657257080078,42.41498947143555,41.104339599609375,9534413,0.0,0.0,GE
2019-10-03 00:00:00-04:00,42.36514663696289,43.41181564331055,41.11911392211914,43.41181564331055,42.070369720458984,11762643,0.0,0.0,GE
2019-10-04 00:00:00-04:00,42.91340255737305,43.36197280883789,42.564510345458984,42.71403503417969,41.394142150878906,10487838,0.0,0.0,GE
2019-10-07 00:00:00-04:00,42.61435317993164,43.11276626586914,42.265464782714844,42.6641960144043,41.3458366394043,6454560,0.0,0.0,GE
2019-10-08 00:00:00-04:00,42.265464782714844,42.36514663696289,41.21879577636719,41.268638610839844,39.993408203125,9129448,0.0,0.0,GE
2019-10-09 00:00:00-04:00,41.41815948486328,41.71720886230469,41.069271087646484,41.61752700805664,40.33150863647461,6589067,0.0,0.0,GE
2019-10-10 00:00:00-04:00,41.567684173583984,42.46482849121094,41.41815948486328,42.11594009399414,40.814537048339844,6128666,0.0,0.0,GE
2019-10-11 00:00:00-04:00,42.813720703125,44.4584846496582,42.763877868652344,43.86038589477539,42.50506591796875,11202546,0.0,0.0,GE
2019-10-14 00:00:00-04:00,44.05975341796875,44.10959243774414,43.062923431396484,43.46165466308594,42.11865997314453,6832219,0.0,0.0,GE
2019-10-15 00:00:00-04:00,43.56134033203125,44.4584846496582,42.91340255737305,44.3089599609375,42.93977355957031,7791583,0.0,0.0,GE
2019-10-16 00:00:00-04:00,44.1594352722168,45.20610427856445,44.05975341796875,44.35879898071289,42.98808670043945,11605123,0.0,0.0,GE
2019-10-17 00:00:00-04:00,44.4584846496582,45.3057861328125,44.259117126464844,45.05657958984375,43.6642951965332,6552993,0.0,0.0,GE
2019-10-18 00:00:00-04:00,44.90705490112305,45.35562515258789,44.60800552368164,44.6578483581543,43.27790069580078,7827417,0.0,0.0,GE
2019-10-21 00:00:00-04:00,44.807373046875,45.4553108215332,43.6610221862793,43.810546875,42.45676803588867,12155530,0.0,0.0,GE
2019-10-22 00:00:00-04:00,43.71086120605469,45.1562614440918,42.91340255737305,45.1562614440918,43.76091003417969,11459381,0.0,0.0,GE
2019-10-23 00:00:00-04:00,44.757530212402344,45.604835510253906,44.508323669433594,45.55499267578125,44.147308349609375,9547274,0.0,0.0,GE
2019-10-24 00:00:00-04:00,45.4553108215332,45.604835510253906,44.259117126464844,44.60800552368164,43.229591369628906,6848069,0.0,0.0,GE
2019-10-25 00:00:00-04:00,44.4584846496582,45.3057861328125,44.4584846496582,44.857215881347656,43.47109603881836,8458780,0.0,0.0,GE
2019-10-28 00:00:00-04:00,44.9568977355957,45.4553108215332,44.807373046875,45.20610427856445,43.8092041015625,6371196,0.0,0.0,GE
2019-10-29 00:00:00-04:00,44.90705490112305,45.55499267578125,44.508323669433594,45.20610427856445,43.8092041015625,9180931,0.0,0.0,GE
2019-10-30 00:00:00-04:00,48.74483871459961,51.68547821044922,48.39595031738281,50.38960266113281,48.832523345947266,43326155,0.0,0.0,GE
2019-10-31 00:00:00-04:00,50.09055709838867,50.88801574707031,49.14356994628906,49.74166488647461,48.2046012878418,17381933,0.0,0.0,GE
2019-11-01 00:00:00-04:00,50.240081787109375,51.785160064697266,50.14039611816406,51.735321044921875,50.136661529541016,16462897,0.0,0.0,GE
2019-11-04 00:00:00-05:00,51.93468475341797,54.57627868652344,51.93468475341797,54.476593017578125,52.79323196411133,19618249,0.0,0.0,GE
2019-11-05 00:00:00-05:00,54.426753997802734,54.675960540771484,53.429927825927734,54.675960540771484,52.98643493652344,14321783,0.0,0.0,GE
2019-11-06 00:00:00-05:00,54.476593017578125,55.32389831542969,53.77881622314453,54.925167083740234,53.22793960571289,15650118,0.0,0.0,GE
2019-11-07 00:00:00-05:00,55.32389831542969,56.420406341552734,55.27405548095703,56.27088165283203,54.532066345214844,14261713,0.0,0.0,GE
2019-11-08 00:00:00-05:00,55.97183609008789,57.56675720214844,55.52326202392578,57.417232513427734,55.643001556396484,12535897,0.0,0.0,GE
2019-11-11 00:00:00-05:00,56.81913757324219,57.31755065917969,56.02167510986328,56.56993103027344,54.82188034057617,9144135,0.0,0.0,GE
2019-11-12 00:00:00-05:00,56.420406341552734,57.71628189086914,56.27088165283203,56.918819427490234,55.15998840332031,9819738,0.0,0.0,GE
2019-11-13 00:00:00-05:00,56.27088165283203,56.619773864746094,55.72262954711914,56.27088165283203,54.532066345214844,10830626,0.0,0.0,GE
2019-11-14 00:00:00-05:00,55.72262954711914,56.56993103027344,55.72262954711914,56.27088165283203,54.532066345214844,6177722,0.0,0.0,GE
2019-11-15 00:00:00-05:00,56.52008819580078,57.56675720214844,56.47024917602539,57.417232513427734,55.643001556396484,7671582,0.0,0.0,GE
2019-11-18 00:00:00-05:00,56.868980407714844,57.31755065917969,56.47024917602539,57.01850128173828,55.25659942626953,10226930,0.0,0.0,GE
2019-11-19 00:00:00-05:00,56.96866226196289,57.56675720214844,56.121360778808594,57.31755065917969,55.54639434814453,9396375,0.0,0.0,GE
2019-11-20 00:00:00-05:00,57.01850128173828,57.2677116394043,56.121360778808594,56.76929473876953,55.015079498291016,9367744,0.0,0.0,GE
2019-11-21 00:00:00-05:00,56.47024917602539,57.915645599365234,56.37056350708008,57.46707534790039,55.69129943847656,8364300,0.0,0.0,GE
2019-11-22 00:00:00-05:00,57.2677116394043,58.4140625,57.2677116394043,57.56675720214844,55.78790283203125,7720858,0.0,0.0,GE
2019-11-25 00:00:00-05:00,58.115013122558594,59.01215744018555,57.66644287109375,57.71628189086914,55.93280029296875,11378143,0.0,0.0,GE
2019-11-26 00:00:00-05:00,57.915645599365234,58.164852142333984,56.37056350708008,56.56993103027344,54.82188034057617,12879647,0.0,0.0,GE
2019-11-27 00:00:00-05:00,56.76929473876953,57.168025970458984,56.121360778808594,56.27088165283203,54.532066345214844,9128706,0.0,0.0,GE
2019-11-29 00:00:00-05:00,56.22104263305664,56.619773864746094,55.921993255615234,56.171199798583984,54.43547058105469,4562336,0.0,0.0,GE
2019-12-02 00:00:00-05:00,56.37056350708008,57.417232513427734,55.52326202392578,55.62294387817383,53.90414810180664,13785963,0.0,0.0,GE
2019-12-03 00:00:00-05:00,54.82548522949219,55.37373733520508,53.87849807739258,54.77564239501953,53.083045959472656,12850515,0.0,0.0,GE
2019-12-04 00:00:00-05:00,55.672786712646484,55.72262954711914,54.177547454833984,54.32706832885742,52.6483268737793,8777551,0.0,0.0,GE
2019-12-05 00:00:00-05:00,54.27722930908203,54.62611770629883,53.62929153442383,53.77881622314453,52.117008209228516,9484775,0.0,0.0,GE
2019-12-06 00:00:00-05:00,54.32706832885742,55.37373733520508,54.07786178588867,55.32389831542969,53.614356994628906,10151591,0.0,0.0,GE
2019-12-09 00:00:00-05:00,54.725799560546875,55.473419189453125,54.675960540771484,54.77564239501953,53.083045959472656,5356135,0.0,0.0,GE
2019-12-10 00:00:00-05:00,54.77564239501953,54.975006103515625,54.426753997802734,54.87532424926758,53.17963409423828,4971956,0.0,0.0,GE
2019-12-11 00:00:00-05:00,54.675960540771484,55.27405548095703,54.57627868652344,54.675960540771484,52.98643493652344,7365872,0.0,0.0,GE
2019-12-12 00:00:00-05:00,56.56993103027344,57.66644287109375,56.02167510986328,57.01850128173828,55.25659942626953,20039606,0.0,0.0,GE
2019-12-13 00:00:00-05:00,57.31755065917969,57.81596374511719,56.47024917602539,56.52008819580078,54.77357482910156,10560930,0.0,0.0,GE
2019-12-16 00:00:00-05:00,56.22104263305664,56.619773864746094,55.473419189453125,55.672786712646484,53.95244598388672,11137921,0.0,0.0,GE
2019-12-17 00:00:00-05:00,55.57310485839844,55.97183609008789,55.224212646484375,55.32389831542969,53.614356994628906,8376439,0.0,0.0,GE
2019-12-18 00:00:00-05:00,54.925167083740234,55.52326202392578,54.426753997802734,54.62611770629883,52.93812942504883,15133639,0.0,0.0,GE
2019-12-19 00:00:00-05:00,54.725799560546875,55.57310485839844,54.725799560546875,55.02484893798828,53.32455062866211,9090163,0.0,0.0,GE
2019-12-20 00:00:00-05:00,55.224212646484375,55.52326202392578,54.32706832885742,54.975006103515625,53.32454299926758,14775102,0.049841,0.0,GE
2019-12-23 00:00:00-05:00,54.82548522949219,55.672786712646484,54.82548522949219,55.62294387817383,53.95301818847656,8834673,0.0,0.0,GE
2019-12-24 00:00:00-05:00,55.32389831542969,55.82231140136719,55.27405548095703,55.77246856689453,54.098060607910156,4167022,0.0,0.0,GE
2019-12-26 00:00:00-05:00,55.72262954711914,55.97183609008789,55.473419189453125,55.97183609008789,54.291446685791016,6092672,0.0,0.0,GE
2019-12-27 00:00:00-05:00,55.672786712646484,55.87215042114258,55.473419189453125,55.72262954711914,54.049705505371094,6013441,0.0,0.0,GE
2019-12-30 00:00:00-05:00,55.174373626708984,55.62294387817383,54.975006103515625,55.224212646484375,53.566261291503906,9659851,0.0,0.0,GE
2019-12-31 00:00:00-05:00,54.82548522949219,55.62294387817383,54.62611770629883,55.62294387817383,53.95301818847656,11367670,0.0,0.0,GE
2020-01-02 00:00:00-05:00,55.97183609008789,59.610252380371094,55.97183609008789,59.46072769165039,57.67558670043945,17540015,0.0,0.0,GE
2020-01-03 00:00:00-05:00,57.66644287109375,59.80961990356445,57.46707534790039,59.66009521484375,57.86897277832031,17231837,0.0,0.0,GE
2020-01-06 00:00:00-05:00,59.01215744018555,60.856285095214844,59.01215744018555,60.50739669799805,58.69083786010742,22461009,0.0,0.0,GE
2020-01-07 00:00:00-05:00,60.5572395324707,61.00580978393555,59.410888671875,60.0588264465332,58.2557373046875,14160793,0.0,0.0,GE
2020-01-08 00:00:00-05:00,59.7597770690918,60.0588264465332,59.16168212890625,59.51057052612305,57.72393798828125,11115771,0.0,0.0,GE
2020-01-09 00:00:00-05:00,60.15850830078125,60.2581901550293,58.96231460571289,59.361045837402344,57.57889938354492,7900488,0.0,0.0,GE
2020-01-10 00:00:00-05:00,59.01215744018555,59.361045837402344,57.7661247253418,58.164852142333984,56.41862106323242,11767739,0.0,0.0,GE
2020-01-13 00:00:00-05:00,58.51374435424805,60.5572395324707,58.21469497680664,60.40771484375,58.59415054321289,13274420,0.0,0.0,GE
2020-01-14 00:00:00-05:00,60.607078552246094,60.7566032409668,59.7597770690918,59.959144592285156,58.15904998779297,9034667,0.0,0.0,GE
2020-01-15 00:00:00-05:00,59.9093017578125,59.9093017578125,58.96231460571289,59.16168212890625,57.385520935058594,9239517,0.0,0.0,GE
2020-01-16 00:00:00-05:00,59.51057052612305,59.70993423461914,58.9124755859375,59.01215744018555,57.24049377441406,7358067,0.0,0.0,GE
2020-01-17 00:00:00-05:00,59.06199645996094,59.46072769165039,58.613426208496094,58.862632751464844,57.09544372558594,9345794,0.0,0.0,GE
2020-01-21 00:00:00-05:00,58.51374435424805,58.81279373168945,57.865806579589844,58.115013122558594,56.370269775390625,8775485,0.0,0.0,GE
2020-01-22 00:00:00-05:00,58.364219665527344,58.364219665527344,56.56993103027344,56.669612884521484,54.96826934814453,12428998,0.0,0.0,GE
2020-01-23 00:00:00-05:00,58.46390151977539,59.06199645996094,57.81596374511719,58.663265228271484,56.90207290649414,14679157,0.0,0.0,GE
2020-01-24 00:00:00-05:00,59.21152114868164,59.2613639831543,57.915645599365234,58.364219665527344,56.611995697021484,11912960,0.0,0.0,GE
2020-01-27 00:00:00-05:00,57.06834411621094,57.7661247253418,56.71945571899414,57.01850128173828,55.30669403076172,9602991,0.0,0.0,GE
2020-01-28 00:00:00-05:00,57.417232513427734,58.9124755859375,57.168025970458984,58.46390151977539,56.708709716796875,12625782,0.0,0.0,GE
2020-01-29 00:00:00-05:00,62.65057373046875,64.79375457763672,62.25184631347656,64.49470520019531,62.558441162109375,44278356,0.0,0.0,GE
2020-01-30 00:00:00-05:00,64.24549865722656,64.74391174316406,62.30168533325195,63.448036193847656,61.54319381713867,19154638,0.0,0.0,GE
2020-01-31 00:00:00-05:00,63.198829650878906,63.49787902832031,61.50422286987305,62.0524787902832,60.18953323364258,15646447,0.0,0.0,GE
2020-02-03 00:00:00-05:00,62.10232162475586,63.198829650878906,61.0556526184082,61.10549545288086,59.27097702026367,10105766,0.0,0.0,GE
2020-02-04 00:00:00-05:00,62.25184631347656,62.8997802734375,61.7534294128418,62.700416564941406,60.81801223754883,8905297,0.0,0.0,GE
2020-02-05 00:00:00-05:00,63.59756088256836,64.09597778320312,62.65057373046875,64.09597778320312,62.17168045043945,10046658,0.0,0.0,GE
2020-02-06 00:00:00-05:00,64.49470520019531,64.79375457763672,63.946449279785156,64.54454803466797,62.60679244995117,12763278,0.0,0.0,GE
2020-02-07 00:00:00-05:00,64.8934326171875,65.24232482910156,63.84676742553711,63.946449279785156,62.02665710449219,13369743,0.0,0.0,GE
2020-02-10 00:00:00-05:00,63.99629211425781,64.64422607421875,63.647403717041016,64.34518432617188,62.41340255737305,6720424,0.0,0.0,GE
2020-02-11 00:00:00-05:00,64.54454803466797,64.6940689086914,63.697242736816406,64.04613494873047,62.123329162597656,8202487,0.0,0.0,GE
2020-02-12 00:00:00-05:00,64.54454803466797,66.08963012695312,64.1956558227539,65.59121704101562,63.62203598022461,13184414,0.0,0.0,GE
2020-02-13 00:00:00-05:00,65.1924819946289,65.59121704101562,64.29534149169922,64.49470520019531,62.558441162109375,10234936,0.0,0.0,GE
2020-02-14 00:00:00-05:00,64.64422607421875,65.14264678955078,63.54772186279297,63.946449279785156,62.02665710449219,7416954,0.0,0.0,GE
2020-02-18 00:00:00-05:00,63.34835433959961,64.54454803466797,63.148990631103516,63.54772186279297,61.63987350463867,8820688,0.0,0.0,GE
2020-02-19 00:00:00-05:00,63.29851150512695,64.49470520019531,62.75025939941406,62.84994125366211,60.96305847167969,11010597,0.0,0.0,GE
2020-02-20 00:00:00-05:00,63.0493049621582,63.198829650878906,61.85311508178711,62.451210021972656,60.5763053894043,7937566,0.0,0.0,GE
2020-02-21 00:00:00-05:00,62.0524787902832,62.10232162475586,60.9061279296875,61.0556526184082,59.22263717651367,8611565,0.0,0.0,GE
2020-02-24 00:00:00-05:00,58.2645378112793,60.108665466308594,57.81596374511719,59.111839294433594,57.33717727661133,14240786,0.0,0.0,GE
2020-02-25 00:00:00-05:00,59.66009521484375,59.80961990356445,55.72262954711914,56.420406341552734,54.72654342651367,16269102,0.0,0.0,GE
2020-02-26 00:00:00-05:00,56.669612884521484,57.51691436767578,53.82865524291992,54.57627868652344,52.937782287597656,18682881,0.0,0.0,GE
2020-02-27 00:00:00-05:00,52.93151092529297,54.57627868652344,51.38643264770508,51.785160064697266,50.230464935302734,18910102,0.0,0.0,GE
2020-02-28 00:00:00-05:00,49.592140197753906,55.77246856689453,49.14356994628906,54.227386474609375,52.599369049072266,30359552,0.0,0.0,GE
2020-03-02 00:00:00-05:00,55.87215042114258,56.52008819580078,53.62929153442383,55.87215042114258,54.19475173950195,25039892,0.0,0.0,GE
2020-03-03 00:00:00-05:00,56.07151794433594,56.71945571899414,53.18071746826172,54.227386474609375,52.599369049072266,21919391,0.0,0.0,GE
2020-03-04 00:00:00-05:00,55.12453079223633,55.423580169677734,53.33024215698242,54.57627868652344,52.937782287597656,16665500,0.0,0.0,GE
2020-03-05 00:00:00-05:00,52.83182907104492,53.479766845703125,49.592140197753906,50.240081787109375,48.73176956176758,21686251,0.0,0.0,GE
2020-03-06 00:00:00-05:00,48.545475006103516,48.64515686035156,45.754356384277344,46.850868225097656,45.48943328857422,29787216,0.049841,0.0,GE
2020-03-09 00:00:00-04:00,41.517845153808594,43.1626091003418,40.42133331298828,40.91974639892578,39.73067092895508,24558063,0.0,0.0,GE
2020-03-10 00:00:00-04:00,43.760704040527344,44.10959243774414,40.67053985595703,44.10959243774414,42.827816009521484,19850767,0.0,0.0,GE
2020-03-11 00:00:00-04:00,42.96324157714844,43.1626091003418,40.67053985595703,40.91974639892578,39.73067092895508,20746329,0.0,0.0,GE
2020-03-12 00:00:00-04:00,36.03529357910156,38.77656936645508,34.04164123535156,36.03529357910156,34.98815155029297,31583435,0.0,0.0,GE
2020-03-13 00:00:00-04:00,38.876251220703125,40.072444915771484,35.83592987060547,39.125457763671875,37.98851013183594,22099041,0.0,0.0,GE
2020-03-16 00:00:00-04:00,34.83910369873047,35.63656234741211,33.14449691772461,33.194339752197266,32.2297477722168,23255932,0.0,0.0,GE
2020-03-17 00:00:00-04:00,34.440372467041016,36.53371047973633,31.400049209594727,35.28767395019531,34.262245178222656,24121739,0.0,0.0,GE
2020-03-18 00:00:00-04:00,32.44671630859375,33.89211654663086,29.406396865844727,32.89529037475586,31.93939781188965,27873844,0.0,0.0,GE
2020-03-19 00:00:00-04:00,31.898462295532227,34.440372467041016,30.652429580688477,32.29719543457031,31.358678817749023,19861762,0.0,0.0,GE
2020-03-20 00:00:00-04:00,34.938785552978516,35.13814926147461,32.14767074584961,32.496559143066406,31.55224609375,25306037,0.0,0.0,GE
2020-03-23 00:00:00-04:00,32.14767074584961,33.04481506347656,30.054332733154297,30.45306396484375,29.56813621520996,21193467,0.0,0.0,GE
2020-03-24 00:00:00-04:00,33.194339752197266,35.187992095947266,32.247352600097656,34.938785552978516,33.92350387573242,23974833,0.0,0.0,GE
2020-03-25 00:00:00-04:00,37.131805419921875,39.873077392578125,34.689579010009766,37.68006134033203,36.58511734008789,27665082,0.0,0.0,GE
2020-03-26 00:00:00-04:00,38.02894973754883,41.36832046508789,37.43085479736328,40.47117614746094,39.295127868652344,24714600,0.0,0.0,GE
2020-03-27 00:00:00-04:00,38.27815628051758,39.22513961791992,37.58037567138672,37.97910690307617,36.87548065185547,18719196,0.0,0.0,GE
2020-03-30 00:00:00-04:00,37.58037567138672,39.574031829833984,36.633392333984375,39.324825286865234,38.18208694458008,17425331,0.0,0.0,GE
2020-03-31 00:00:00-04:00,39.22513961791992,40.77022171020508,38.97593688964844,39.574031829833984,38.424049377441406,24307107,0.0,0.0,GE
2020-04-01 00:00:00-04:00,37.48069381713867,37.630218505859375,34.88894271850586,35.08831024169922,34.06867980957031,19974760,0.0,0.0,GE
2020-04-02 00:00:00-04:00,34.98862838745117,36.83275604248047,33.742591857910156,34.39052963256836,33.39118194580078,19561750,0.0,0.0,GE
2020-04-03 00:00:00-04:00,35.03846740722656,35.13814926147461,32.79560852050781,33.54322814941406,32.568504333496094,19622924,0.0,0.0,GE
2020-04-06 00:00:00-04:00,35.23783493041992,36.384185791015625,34.58989715576172,36.03529357910156,34.98815155029297,19672140,0.0,0.0,GE
2020-04-07 00:00:00-04:00,38.32799530029297,38.627044677734375,34.88894271850586,35.03846740722656,34.02029037475586,19278732,0.0,0.0,GE
2020-04-08 00:00:00-04:00,35.78608703613281,36.78291320800781,35.187992095947266,36.384185791015625,35.3268928527832,18589124,0.0,0.0,GE
2020-04-09 00:00:00-04:00,37.131805419921875,37.58037567138672,35.33751678466797,35.58672332763672,34.552616119384766,25701070,0.0,0.0,GE
2020-04-13 00:00:00-04:00,35.53688049316406,35.53688049316406,33.692752838134766,34.98862838745117,33.97188949584961,18874790,0.0,0.0,GE
2020-04-14 00:00:00-04:00,35.387359619140625,36.08513641357422,34.09148406982422,34.54005432128906,33.53635787963867,21481602,0.0,0.0,GE
2020-04-15 00:00:00-04:00,33.54322814941406,33.54322814941406,31.649255752563477,32.39687728881836,31.45545768737793,27732155,0.0,0.0,GE
2020-04-16 00:00:00-04:00,32.29719543457031,32.59624099731445,30.901636123657227,31.101001739501953,30.197240829467773,33241115,0.0,0.0,GE
2020-04-17 00:00:00-04:00,32.247352600097656,34.58989715576172,31.599414825439453,34.09148406982422,33.1008186340332,33287181,0.0,0.0,GE
2020-04-20 00:00:00-04:00,32.945133209228516,33.64291000366211,32.197509765625,32.44671630859375,31.503856658935547,20001786,0.0,0.0,GE
2020-04-21 00:00:00-04:00,31.848621368408203,32.79560852050781,31.400049209594727,32.29719543457031,31.358678817749023,15539929,0.0,0.0,GE
2020-04-22 00:00:00-04:00,32.8454475402832,33.09465789794922,31.898462295532227,32.04798889160156,31.116710662841797,15398901,0.0,0.0,GE
2020-04-23 00:00:00-04:00,32.197509765625,33.59306716918945,32.04798889160156,32.496559143066406,31.55224609375,16611930,0.0,0.0,GE
2020-04-24 00:00:00-04:00,32.8454475402832,32.89529037475586,31.150842666625977,31.20068359375,30.294029235839844,31222349,0.0,0.0,GE
2020-04-27 00:00:00-04:00,31.79878044128418,32.247352600097656,31.54957389831543,32.04798889160156,31.116710662841797,21475783,0.0,0.0,GE
2020-04-28 00:00:00-04:00,32.745765686035156,34.490211486816406,32.745765686035156,33.89211654663086,32.90724563598633,28223273,0.0,0.0,GE
2020-04-29 00:00:00-04:00,33.29402160644531,34.39052963256836,32.496559143066406,32.79560852050781,31.842615127563477,45188986,0.0,0.0,GE
2020-04-30 00:00:00-04:00,32.695926666259766,33.991798400878906,31.948305130004883,33.89211654663086,32.90724563598633,35254082,0.0,0.0,GE
2020-05-01 00:00:00-04:00,33.244178771972656,33.59306716918945,31.948305130004883,32.39687728881836,31.45545768737793,24151935,0.0,0.0,GE
2020-05-04 00:00:00-04:00,31.400049209594727,31.44989013671875,30.652429580688477,30.95147705078125,30.05206298828125,27457604,0.0,0.0,GE
2020-05-05 00:00:00-04:00,31.30036735534668,32.197509765625,30.7022705078125,30.901636123657227,30.0036678314209,23474184,0.0,0.0,GE
2020-05-06 00:00:00-04:00,30.901636123657227,31.150842666625977,29.755285263061523,29.805126190185547,28.93902587890625,23525367,0.0,0.0,GE
2020-05-07 00:00:00-04:00,30.203857421875,31.20068359375,30.203857421875,30.45306396484375,29.56813621520996,20196745,0.0,0.0,GE
2020-05-08 00:00:00-04:00,30.95147705078125,31.54957389831543,30.7022705078125,31.350208282470703,30.439205169677734,18787072,0.0,0.0,GE
2020-05-11 00:00:00-04:00,31.101001739501953,31.150842666625977,30.55274772644043,30.851795196533203,29.95527458190918,14414337,0.0,0.0,GE
2020-05-12 00:00:00-04:00,31.001319885253906,31.30036735534668,29.904809951782227,29.904809951782227,29.035808563232422,19191335,0.0,0.0,GE
2020-05-13 00:00:00-04:00,29.904809951782227,30.004491806030273,27.313058853149414,28.85814094543457,28.01955795288086,47299141,0.0,0.0,GE
2020-05-14 00:00:00-04:00,28.01083755493164,29.406396865844727,27.313058853149414,28.409568786621094,27.58401870727539,28130338,0.0,0.0,GE
2020-05-15 00:00:00-04:00,27.960996627807617,28.210203170776367,27.313058853149414,27.362899780273438,26.567768096923828,25779038,0.0,0.0,GE
2020-05-18 00:00:00-04:00,28.60893440246582,32.3470344543457,28.60893440246582,31.250526428222656,30.342426300048828,51073738,0.0,0.0,GE
2020-05-19 00:00:00-04:00,31.350208282470703,31.748939514160156,30.35338020324707,30.95147705078125,30.05206298828125,21766084,0.0,0.0,GE
2020-05-20 00:00:00-04:00,31.54957389831543,32.247352600097656,31.350208282470703,31.998146057128906,31.068317413330078,18315596,0.0,0.0,GE
2020-05-21 00:00:00-04:00,31.998146057128906,32.64608383178711,31.54957389831543,32.29719543457031,31.358678817749023,19827132,0.0,0.0,GE
2020-05-22 00:00:00-04:00,32.29719543457031,32.29719543457031,31.250526428222656,31.948305130004883,31.019922256469727,13961540,0.0,0.0,GE
2020-05-26 00:00:00-04:00,33.84227752685547,34.58989715576172,33.84227752685547,33.89211654663086,32.90724563598633,25984590,0.0,0.0,GE
2020-05-27 00:00:00-04:00,36.134979248046875,37.03212356567383,35.33751678466797,36.33434295654297,35.278507232666016,29644242,0.0,0.0,GE
2020-05-28 00:00:00-04:00,37.33116912841797,37.33116912841797,33.59306716918945,33.79243469238281,32.81047058105469,27831269,0.0,0.0,GE
2020-05-29 00:00:00-04:00,32.695926666259766,33.493385314941406,32.09782791137695,32.745765686035156,31.79421043395996,25942336,0.0,0.0,GE
2020-06-01 00:00:00-04:00,32.79560852050781,33.991798400878906,32.3470344543457,33.692752838134766,32.71368408203125,15083601,0.0,0.0,GE
2020-06-02 00:00:00-04:00,34.39052963256836,35.78608703613281,34.191165924072266,35.13814926147461,34.117069244384766,22787385,0.0,0.0,GE
2020-06-03 00:00:00-04:00,35.98545455932617,36.98228073120117,35.78608703613281,36.683231353759766,35.617252349853516,24642090,0.0,0.0,GE
2020-06-04 00:00:00-04:00,36.434024810791016,38.627044677734375,35.73624801635742,38.577205657958984,37.45619201660156,25118482,0.0,0.0,GE
2020-06-05 00:00:00-04:00,42.11594009399414,42.6641960144043,39.02577590942383,39.27498245239258,38.13368606567383,33669153,0.0,0.0,GE
2020-06-08 00:00:00-04:00,40.96958923339844,42.71403503417969,40.42133331298828,42.16577911376953,40.94049835205078,31792699,0.0,0.0,GE
2020-06-09 00:00:00-04:00,40.820064544677734,40.91974639892578,39.374664306640625,39.97276306152344,38.81120300292969,23603936,0.0,0.0,GE
2020-06-10 00:00:00-04:00,39.72355651855469,39.77339553833008,37.48069381713867,37.92926788330078,36.82707595825195,23465356,0.0,0.0,GE
2020-06-11 00:00:00-04:00,35.187992095947266,36.633392333984375,34.09148406982422,34.63973617553711,33.633148193359375,24979842,0.0,0.0,GE
2020-06-12 00:00:00-04:00,36.58354949951172,37.03212356567383,35.28767395019531,36.134979248046875,35.084938049316406,20261430,0.0,0.0,GE
2020-06-15 00:00:00-04:00,34.63973617553711,36.633392333984375,34.14132308959961,36.08513641357422,35.03654098510742,20497800,0.0,0.0,GE
2020-06-16 00:00:00-04:00,38.52736282348633,38.577205657958984,36.33434295654297,37.23148727416992,36.14958190917969,19694772,0.0,0.0,GE
2020-06-17 00:00:00-04:00,37.381011962890625,37.53053665161133,35.885772705078125,36.08513641357422,35.03654098510742,15090141,0.0,0.0,GE
2020-06-18 00:00:00-04:00,35.53688049316406,36.48386764526367,34.98862838745117,36.28450012207031,35.2301025390625,15729550,0.0,0.0,GE
2020-06-19 00:00:00-04:00,36.98228073120117,37.131805419921875,35.33751678466797,35.63656234741211,34.601009368896484,17792356,0.0,0.0,GE
2020-06-22 00:00:00-04:00,35.73624801635742,35.78608703613281,34.689579010009766,35.08831024169922,34.06867980957031,15707761,0.0,0.0,GE
2020-06-23 00:00:00-04:00,35.33751678466797,35.53688049316406,34.73942184448242,34.88894271850586,33.875118255615234,16168082,0.0,0.0,GE
2020-06-24 00:00:00-04:00,34.39052963256836,34.39052963256836,32.496559143066406,32.54640197753906,31.600643157958984,29025298,0.0,0.0,GE
2020-06-25 00:00:00-04:00,32.39687728881836,33.39370346069336,31.998146057128906,33.29402160644531,32.326541900634766,14836396,0.0,0.0,GE
2020-06-26 00:00:00-04:00,32.994972229003906,33.14449691772461,32.14767074584961,32.29719543457031,31.40569305419922,17938840,0.049841,0.0,GE
2020-06-29 00:00:00-04:00,32.745765686035156,33.89211654663086,32.39687728881836,33.89211654663086,32.95659255981445,15103383,0.0,0.0,GE
2020-06-30 00:00:00-04:00,33.443546295166016,34.24100875854492,33.194339752197266,34.04164123535156,33.101985931396484,13947676,0.0,0.0,GE
2020-07-01 00:00:00-04:00,34.54005432128906,34.938785552978516,33.443546295166016,33.59306716918945,32.66577911376953,24202957,0.0,0.0,GE
2020-07-02 00:00:00-04:00,34.191165924072266,35.08831024169922,33.941959381103516,33.991798400878906,33.053524017333984,14877567,0.0,0.0,GE
2020-07-06 00:00:00-04:00,34.78926086425781,35.28767395019531,34.34069061279297,34.88894271850586,33.92589569091797,15133900,0.0,0.0,GE
2020-07-07 00:00:00-04:00,34.34069061279297,34.34069061279297,33.64291000366211,33.692752838134766,32.76272201538086,12526487,0.0,0.0,GE
2020-07-08 00:00:00-04:00,33.991798400878906,34.24100875854492,33.493385314941406,34.191165924072266,33.24738311767578,12928884,0.0,0.0,GE
2020-07-09 00:00:00-04:00,34.04164123535156,34.04164123535156,32.79560852050781,32.79560852050781,31.890338897705078,14997186,0.0,0.0,GE
2020-07-10 00:00:00-04:00,32.59624099731445,33.493385314941406,32.54640197753906,33.3438606262207,32.4234619140625,12725057,0.0,0.0,GE
2020-07-13 00:00:00-04:00,33.692752838134766,33.991798400878906,33.09465789794922,33.39370346069336,32.471927642822266,13742084,0.0,0.0,GE
2020-07-14 00:00:00-04:00,33.194339752197266,34.34069061279297,32.745765686035156,34.29084777832031,33.34429168701172,13946091,0.0,0.0,GE
2020-07-15 00:00:00-04:00,35.33751678466797,35.935611724853516,35.03846740722656,35.58672332763672,34.60441589355469,18022606,0.0,0.0,GE
2020-07-16 00:00:00-04:00,35.187992095947266,35.78608703613281,34.83910369873047,35.13814926147461,34.16822052001953,10502384,0.0,0.0,GE
2020-07-17 00:00:00-04:00,35.187992095947266,35.63656234741211,34.78926086425781,35.23783493041992,34.26515579223633,12029771,0.0,0.0,GE
2020-07-20 00:00:00-04:00,34.938785552978516,35.187992095947266,34.191165924072266,34.24100875854492,33.29584884643555,9844356,0.0,0.0,GE
2020-07-21 00:00:00-04:00,34.58989715576172,35.63656234741211,34.39052963256836,35.08831024169922,34.119754791259766,14019625,0.0,0.0,GE
2020-07-22 00:00:00-04:00,34.83910369873047,35.33751678466797,34.39052963256836,35.187992095947266,34.21669006347656,13143364,0.0,0.0,GE
2020-07-23 00:00:00-04:00,35.187992095947266,35.48704147338867,34.73942184448242,35.08831024169922,34.119754791259766,13769391,0.0,0.0,GE
2020-07-24 00:00:00-04:00,34.98862838745117,35.437198638916016,33.991798400878906,34.191165924072266,33.24738311767578,13131567,0.0,0.0,GE
2020-07-27 00:00:00-04:00,34.09148406982422,34.14132308959961,33.3438606262207,33.443546295166016,32.52039337158203,14185812,0.0,0.0,GE
2020-07-28 00:00:00-04:00,33.39370346069336,34.689579010009766,33.3438606262207,34.34069061279297,33.39276885986328,15255125,0.0,0.0,GE
2020-07-29 00:00:00-04:00,34.83910369873047,34.88894271850586,32.496559143066406,32.8454475402832,31.93880271911621,29782982,0.0,0.0,GE
2020-07-30 00:00:00-04:00,32.39687728881836,32.44671630859375,31.20068359375,31.20068359375,30.339445114135742,25586567,0.0,0.0,GE
2020-07-31 00:00:00-04:00,31.150842666625977,31.350208282470703,29.904809951782227,30.253698348999023,29.41860008239746,28609840,0.0,0.0,GE
2020-08-03 00:00:00-04:00,30.602588653564453,30.851795196533203,30.004491806030273,30.45306396484375,29.612462997436523,18011050,0.0,0.0,GE
2020-08-04 00:00:00-04:00,30.403223037719727,30.901636123657227,30.403223037719727,30.602588653564453,29.757858276367188,14253587,0.0,0.0,GE
2020-08-05 00:00:00-04:00,30.752111434936523,31.898462295532227,30.602588653564453,31.898462295532227,31.017961502075195,21286984,0.0,0.0,GE
2020-08-06 00:00:00-04:00,31.54957389831543,31.998146057128906,31.30036735534668,31.54957389831543,30.678701400756836,14027650,0.0,0.0,GE
2020-08-07 00:00:00-04:00,31.350208282470703,32.197509765625,31.150842666625977,31.898462295532227,31.017961502075195,16665861,0.0,0.0,GE
2020-08-10 00:00:00-04:00,32.04798889160156,33.39370346069336,31.79878044128418,33.244178771972656,32.326534271240234,18929062,0.0,0.0,GE
2020-08-11 00:00:00-04:00,34.24100875854492,34.88894271850586,33.3438606262207,33.54322814941406,32.61732482910156,18687596,0.0,0.0,GE
2020-08-12 00:00:00-04:00,34.24100875854492,34.29084777832031,32.79560852050781,33.493385314941406,32.56886672973633,14073295,0.0,0.0,GE
2020-08-13 00:00:00-04:00,32.8454475402832,33.692752838134766,32.8454475402832,32.89529037475586,31.987281799316406,10719714,0.0,0.0,GE
2020-08-14 00:00:00-04:00,32.59624099731445,33.493385314941406,32.247352600097656,33.194339752197266,32.278072357177734,10111524,0.0,0.0,GE
2020-08-17 00:00:00-04:00,33.244178771972656,33.3438606262207,32.14767074584961,32.247352600097656,31.357223510742188,11843460,0.0,0.0,GE
2020-08-18 00:00:00-04:00,32.3470344543457,32.745765686035156,31.948305130004883,32.09782791137695,31.21182632446289,8564375,0.0,0.0,GE
2020-08-19 00:00:00-04:00,32.247352600097656,32.745765686035156,31.649255752563477,31.79878044128418,30.92102813720703,10907008,0.0,0.0,GE
2020-08-20 00:00:00-04:00,31.54957389831543,31.79878044128418,30.95147705078125,31.250526428222656,30.387914657592773,12793394,0.0,0.0,GE
2020-08-21 00:00:00-04:00,31.150842666625977,31.79878044128418,31.05116081237793,31.44989013671875,30.581777572631836,12008403,0.0,0.0,GE
2020-08-24 00:00:00-04:00,31.649255752563477,33.09465789794922,31.400049209594727,33.04481506347656,32.13267517089844,20622516,0.0,0.0,GE
2020-08-25 00:00:00-04:00,33.14449691772461,33.39370346069336,32.29719543457031,32.8454475402832,31.93880271911621,13934033,0.0,0.0,GE
2020-08-26 00:00:00-04:00,32.994972229003906,32.994972229003906,32.09782791137695,32.29719543457031,31.40569305419922,11497281,0.0,0.0,GE
2020-08-27 00:00:00-04:00,32.496559143066406,33.04481506347656,32.14767074584961,32.29719543457031,31.40569305419922,14724301,0.0,0.0,GE
2020-08-28 00:00:00-04:00,32.44671630859375,32.994972229003906,32.247352600097656,32.945133209228516,32.03573989868164,11870004,0.0,0.0,GE
2020-08-31 00:00:00-04:00,32.44671630859375,33.3438606262207,31.20068359375,31.599414825439453,30.72716522216797,28464920,0.0,0.0,GE
2020-09-01 00:00:00-04:00,31.250526428222656,31.898462295532227,30.652429580688477,30.851795196533203,30.000186920166016,18695642,0.0,0.0,GE
2020-09-02 00:00:00-04:00,30.901636123657227,32.14767074584961,30.752111434936523,32.09782791137695,31.21182632446289,16816680,0.0,0.0,GE
2020-09-03 00:00:00-04:00,31.848621368408203,33.14449691772461,31.30036735534668,31.499731063842773,30.63023567199707,18884902,0.0,0.0,GE
2020-09-04 00:00:00-04:00,32.04798889160156,32.695926666259766,31.20068359375,31.998146057128906,31.114896774291992,17992270,0.0,0.0,GE
2020-09-08 00:00:00-04:00,31.499731063842773,31.699098587036133,30.55274772644043,30.602588653564453,29.757858276367188,24206006,0.0,0.0,GE
2020-09-09 00:00:00-04:00,30.901636123657227,30.901636123657227,30.004491806030273,30.7022705078125,29.85479164123535,21878280,0.0,0.0,GE
2020-09-10 00:00:00-04:00,30.752111434936523,30.901636123657227,29.904809951782227,29.904809951782227,29.07933807373047,19526919,0.0,0.0,GE
2020-09-11 00:00:00-04:00,30.104175567626953,30.154016494750977,29.555919647216797,29.655603408813477,28.837013244628906,14429505,0.0,0.0,GE
2020-09-14 00:00:00-04:00,29.85496711730957,30.7022705078125,29.7054443359375,30.652429580688477,29.806324005126953,14847532,0.0,0.0,GE
2020-09-15 00:00:00-04:00,30.752111434936523,31.001319885253906,30.004491806030273,30.403223037719727,29.563997268676758,17325133,0.0,0.0,GE
2020-09-16 00:00:00-04:00,30.403223037719727,33.941959381103516,30.154016494750977,33.64291000366211,32.71426010131836,51360267,0.0,0.0,GE
2020-09-17 00:00:00-04:00,33.941959381103516,35.78608703613281,33.244178771972656,35.13814926147461,34.16822052001953,52374245,0.0,0.0,GE
2020-09-18 00:00:00-04:00,34.490211486816406,35.58672332763672,34.24100875854492,34.29084777832031,33.34429168701172,29148649,0.0,0.0,GE
2020-09-21 00:00:00-04:00,33.04481506347656,33.14449691772461,31.05116081237793,31.649255752563477,30.775630950927734,32651524,0.0,0.0,GE
2020-09-22 00:00:00-04:00,31.898462295532227,32.79560852050781,30.95147705078125,31.150842666625977,30.29097557067871,28269901,0.0,0.0,GE
2020-09-23 00:00:00-04:00,31.30036735534668,31.998146057128906,30.403223037719727,30.45306396484375,29.612462997436523,17785373,0.0,0.0,GE
2020-09-24 00:00:00-04:00,30.403223037719727,30.80195426940918,29.904809951782227,30.203857421875,29.370132446289062,19154738,0.0,0.0,GE
2020-09-25 00:00:00-04:00,30.203857421875,30.752111434936523,30.004491806030273,30.45306396484375,29.661407470703125,16006529,0.049841,0.0,GE
2020-09-28 00:00:00-04:00,31.05116081237793,31.44989013671875,30.80195426940918,30.901636123657227,30.098318099975586,16711586,0.0,0.0,GE
2020-09-29 00:00:00-04:00,30.95147705078125,31.05116081237793,30.203857421875,30.502904891967773,29.709951400756836,14761158,0.0,0.0,GE
2020-09-30 00:00:00-04:00,30.602588653564453,31.350208282470703,30.602588653564453,31.05116081237793,30.243955612182617,19417934,0.0,0.0,GE
2020-10-01 00:00:00-04:00,31.250526428222656,31.350208282470703,30.45306396484375,31.101001739501953,30.292497634887695,15885525,0.0,0.0,GE
2020-10-02 00:00:00-04:00,30.154016494750977,31.898462295532227,30.154016494750977,31.848621368408203,31.02068328857422,18072625,0.0,0.0,GE
2020-10-05 00:00:00-04:00,31.848621368408203,32.14767074584961,31.499731063842773,31.948305130004883,31.117774963378906,11693825,0.0,0.0,GE
2020-10-06 00:00:00-04:00,32.04798889160156,32.79560852050781,30.45306396484375,30.752111434936523,29.952680587768555,34121508,0.0,0.0,GE
2020-10-07 00:00:00-04:00,31.001319885253906,31.898462295532227,30.95147705078125,31.44989013671875,30.6323184967041,16710242,0.0,0.0,GE
2020-10-08 00:00:00-04:00,31.699098587036133,33.244178771972656,31.599414825439453,33.14449691772461,32.282867431640625,20699139,0.0,0.0,GE
2020-10-09 00:00:00-04:00,35.23783493041992,35.23783493041992,33.39370346069336,34.09148406982422,33.20524215698242,34410686,0.0,0.0,GE
2020-10-12 00:00:00-04:00,34.490211486816406,34.490211486816406,33.59306716918945,34.04164123535156,33.15669250488281,17863963,0.0,0.0,GE
2020-10-13 00:00:00-04:00,33.84227752685547,33.991798400878906,33.194339752197266,33.493385314941406,32.62269973754883,15105450,0.0,0.0,GE
2020-10-14 00:00:00-04:00,33.493385314941406,34.34069061279297,33.493385314941406,33.991798400878906,33.108150482177734,19652097,0.0,0.0,GE
2020-10-15 00:00:00-04:00,33.39370346069336,34.29084777832031,32.945133209228516,34.24100875854492,33.35087966918945,17907361,0.0,0.0,GE
2020-10-16 00:00:00-04:00,34.689579010009766,36.633392333984375,34.58989715576172,36.33434295654297,35.38978958129883,33937143,0.0,0.0,GE
2020-10-19 00:00:00-04:00,36.83275604248047,37.23148727416992,36.03529357910156,36.33434295654297,35.38978958129883,26250714,0.0,0.0,GE
2020-10-20 00:00:00-04:00,36.633392333984375,36.98228073120117,36.23466110229492,36.58354949951172,35.63252258300781,19746677,0.0,0.0,GE
2020-10-21 00:00:00-04:00,36.28450012207031,36.932437896728516,36.23466110229492,36.48386764526367,35.535430908203125,14809210,0.0,0.0,GE
2020-10-22 00:00:00-04:00,36.53371047973633,38.627044677734375,36.48386764526367,38.47751998901367,37.477256774902344,19214348,0.0,0.0,GE
2020-10-23 00:00:00-04:00,39.52418899536133,40.02260208129883,37.68006134033203,38.02894973754883,37.040340423583984,26597033,0.0,0.0,GE
2020-10-26 00:00:00-04:00,37.181644439697266,37.68006134033203,36.28450012207031,36.78291320800781,35.82670974731445,20917251,0.0,0.0,GE
2020-10-27 00:00:00-04:00,36.882598876953125,36.882598876953125,35.33751678466797,35.387359619140625,34.46744155883789,19696497,0.0,0.0,GE
2020-10-28 00:00:00-04:00,37.43085479736328,39.17530059814453,36.932437896728516,36.98228073120117,36.020877838134766,50860201,0.0,0.0,GE
2020-10-29 00:00:00-04:00,38.17847442626953,38.577205657958984,36.434024810791016,36.73307418823242,35.77815628051758,24738095,0.0,0.0,GE
2020-10-30 00:00:00-04:00,36.58354949951172,37.58037567138672,36.33434295654297,36.98228073120117,36.020877838134766,20539191,0.0,0.0,GE
2020-11-02 00:00:00-05:00,37.381011962890625,37.77974319458008,36.53371047973633,37.48069381713867,36.506343841552734,21844975,0.0,0.0,GE
2020-11-03 00:00:00-05:00,38.128631591796875,39.47434616088867,37.58037567138672,39.125457763671875,38.10835266113281,19636808,0.0,0.0,GE
2020-11-04 00:00:00-05:00,38.32799530029297,39.97276306152344,37.53053665161133,39.125457763671875,38.10835266113281,25465824,0.0,0.0,GE
2020-11-05 00:00:00-05:00,39.623870849609375,40.12228775024414,39.42450714111328,39.823238372802734,38.78799819946289,17215987,0.0,0.0,GE
2020-11-06 00:00:00-05:00,39.97276306152344,40.570858001708984,39.67371368408203,40.321651458740234,39.2734489440918,16878656,0.0,0.0,GE
2020-11-09 00:00:00-05:00,46.601661682128906,46.90070724487305,42.91340255737305,43.46165466308594,42.33182907104492,38779589,0.0,0.0,GE
2020-11-10 00:00:00-05:00,43.9600715637207,45.35562515258789,43.61117935180664,44.757530212402344,43.594017028808594,33051594,0.0,0.0,GE
2020-11-11 00:00:00-05:00,45.40546798706055,45.4553108215332,44.009910583496094,44.3089599609375,43.1571044921875,17543666,0.0,0.0,GE
2020-11-12 00:00:00-05:00,43.6610221862793,44.20927429199219,43.21244812011719,43.6610221862793,42.5260124206543,15954303,0.0,0.0,GE
2020-11-13 00:00:00-05:00,44.1594352722168,46.103248596191406,44.10959243774414,46.103248596191406,44.90473556518555,26078809,0.0,0.0,GE
2020-11-16 00:00:00-05:00,47.89753723144531,48.04705810546875,46.9505500793457,47.69816970825195,46.458213806152344,23830013,0.0,0.0,GE
2020-11-17 00:00:00-05:00,47.100074768066406,48.545475006103516,46.50197982788086,48.24642562866211,46.99221420288086,18127238,0.0,0.0,GE
2020-11-18 00:00:00-05:00,49.69182586669922,50.09055709838867,48.49563217163086,48.49563217163086,47.23493576049805,29867932,0.0,0.0,GE
2020-11-19 00:00:00-05:00,47.9473762512207,48.64515686035156,47.39912414550781,48.14674377441406,46.895118713378906,17490999,0.0,0.0,GE
2020-11-20 00:00:00-05:00,48.04705810546875,48.99404525756836,47.7978515625,48.64515686035156,47.38056945800781,16078116,0.0,0.0,GE
2020-11-23 00:00:00-05:00,49.14356994628906,51.18706512451172,49.14356994628906,50.19023895263672,48.885494232177734,21708341,0.0,0.0,GE
2020-11-24 00:00:00-05:00,53.38008499145508,54.07786178588867,51.83500289916992,52.08420944213867,50.73023223876953,35369990,0.0,0.0,GE
2020-11-25 00:00:00-05:00,52.482940673828125,52.63246536254883,51.535953521728516,52.33341598510742,50.972957611083984,22044528,0.0,0.0,GE
2020-11-27 00:00:00-05:00,52.58262252807617,52.63246536254883,51.38643264770508,51.83500289916992,50.48750686645508,10865436,0.0,0.0,GE
2020-11-30 00:00:00-05:00,51.785160064697266,51.785160064697266,49.64198303222656,50.738494873046875,49.419498443603516,25100464,0.0,0.0,GE
2020-12-01 00:00:00-05:00,51.486114501953125,52.233734130859375,50.38960266113281,50.58897018432617,49.27386474609375,17408658,0.0,0.0,GE
2020-12-02 00:00:00-05:00,50.240081787109375,52.233734130859375,49.89118957519531,51.984527587890625,50.633140563964844,15496290,0.0,0.0,GE
2020-12-03 00:00:00-05:00,51.83500289916992,53.33024215698242,51.785160064697266,52.83182907104492,51.45840835571289,18348801,0.0,0.0,GE
2020-12-04 00:00:00-05:00,53.18071746826172,54.476593017578125,52.38325881958008,54.227386474609375,52.81768798828125,27090138,0.0,0.0,GE
2020-12-07 00:00:00-05:00,54.27722930908203,55.32389831542969,53.62929153442383,54.12770462036133,52.72060775756836,19542810,0.0,0.0,GE
2020-12-08 00:00:00-05:00,53.92833709716797,54.975006103515625,53.77881622314453,54.62611770629883,53.2060661315918,18735107,0.0,0.0,GE
2020-12-09 00:00:00-05:00,54.82548522949219,57.2677116394043,54.82548522949219,56.76929473876953,55.29351806640625,25307401,0.0,0.0,GE
2020-12-10 00:00:00-05:00,55.224212646484375,57.21786880493164,55.12453079223633,56.420406341552734,54.95370864868164,19195227,0.0,0.0,GE
2020-12-11 00:00:00-05:00,56.22104263305664,56.868980407714844,54.925167083740234,55.62294387817383,54.176963806152344,17853791,0.0,0.0,GE
2020-12-14 00:00:00-05:00,56.171199798583984,56.56993103027344,53.77881622314453,53.978179931640625,52.5749626159668,15913996,0.0,0.0,GE
2020-12-15 00:00:00-05:00,54.57627868652344,55.57310485839844,53.08103561401367,55.37373733520508,53.93423080444336,17377921,0.0,0.0,GE
2020-12-16 00:00:00-05:00,55.473419189453125,55.57310485839844,54.32706832885742,54.476593017578125,53.06041717529297,11800604,0.0,0.0,GE
2020-12-17 00:00:00-05:00,54.52643585205078,54.77564239501953,53.82865524291992,54.227386474609375,52.81768798828125,12528955,0.0,0.0,GE
2020-12-18 00:00:00-05:00,53.728973388671875,55.423580169677734,53.52960968017578,53.87849807739258,52.52614974975586,23023775,0.049841,0.0,GE
2020-12-21 00:00:00-05:00,52.18389129638672,54.177547454833984,51.63563537597656,53.679134368896484,52.331790924072266,17218374,0.0,0.0,GE
2020-12-22 00:00:00-05:00,53.38008499145508,53.62929153442383,52.283573150634766,52.88167190551758,51.55434799194336,17858164,0.0,0.0,GE
2020-12-23 00:00:00-05:00,53.230560302734375,54.725799560546875,52.93151092529297,54.12770462036133,52.76910400390625,12139419,0.0,0.0,GE
2020-12-24 00:00:00-05:00,54.07786178588867,54.07786178588867,52.93151092529297,53.08103561401367,51.74870300292969,6029070,0.0,0.0,GE
2020-12-28 00:00:00-05:00,53.33024215698242,53.728973388671875,52.732147216796875,53.03119659423828,51.700111389160156,10793588,0.0,0.0,GE
2020-12-29 00:00:00-05:00,53.13087844848633,53.679134368896484,52.53278350830078,52.63246536254883,51.31139373779297,10640944,0.0,0.0,GE
2020-12-30 00:00:00-05:00,52.732147216796875,54.07786178588867,52.58262252807617,53.38008499145508,52.040245056152344,10156427,0.0,0.0,GE
2020-12-31 00:00:00-05:00,53.08103561401367,53.978179931640625,52.732147216796875,53.82865524291992,52.477569580078125,9570828,0.0,0.0,GE
2021-01-04 00:00:00-05:00,54.27722930908203,54.32706832885742,51.83500289916992,52.18389129638672,50.87407684326172,16040798,0.0,0.0,GE
2021-01-05 00:00:00-05:00,51.984527587890625,54.227386474609375,51.93468475341797,53.679134368896484,52.331790924072266,16793346,0.0,0.0,GE
2021-01-06 00:00:00-05:00,53.978179931640625,57.915645599365234,53.978179931640625,56.619773864746094,55.19862747192383,26400690,0.0,0.0,GE
2021-01-07 00:00:00-05:00,57.616600036621094,57.66644287109375,56.02167510986328,56.171199798583984,54.76131057739258,15105891,0.0,0.0,GE
2021-01-08 00:00:00-05:00,56.27088165283203,57.01850128173828,55.62294387817383,56.52008819580078,55.10143280029297,14590235,0.0,0.0,GE
2021-01-11 00:00:00-05:00,55.37373733520508,57.46707534790039,55.12453079223633,57.06834411621094,55.63594055175781,13493535,0.0,0.0,GE
2021-01-12 00:00:00-05:00,57.367393493652344,59.361045837402344,56.868980407714844,58.71310806274414,57.23940658569336,18346073,0.0,0.0,GE
2021-01-13 00:00:00-05:00,58.71310806274414,58.9124755859375,57.417232513427734,57.66644287109375,56.21901321411133,10776915,0.0,0.0,GE
2021-01-14 00:00:00-05:00,57.865806579589844,58.46390151977539,57.71628189086914,58.115013122558594,56.656333923339844,11879594,0.0,0.0,GE
2021-01-15 00:00:00-05:00,57.81596374511719,57.81596374511719,56.07151794433594,56.47024917602539,55.052852630615234,14768762,0.0,0.0,GE
2021-01-19 00:00:00-05:00,57.21786880493164,58.06517028808594,56.81913757324219,56.96866226196289,55.538753509521484,12740305,0.0,0.0,GE
2021-01-20 00:00:00-05:00,57.31755065917969,57.31755065917969,56.32072448730469,56.76929473876953,55.34438705444336,11840751,0.0,0.0,GE
2021-01-21 00:00:00-05:00,56.81913757324219,56.96866226196289,55.174373626708984,55.174373626708984,53.78950119018555,13162304,0.0,0.0,GE
2021-01-22 00:00:00-05:00,54.675960540771484,55.72262954711914,54.32706832885742,55.37373733520508,53.983863830566406,10617570,0.0,0.0,GE
2021-01-25 00:00:00-05:00,55.52326202392578,55.57310485839844,53.679134368896484,54.77564239501953,53.40078353881836,18462763,0.0,0.0,GE
2021-01-26 00:00:00-05:00,59.959144592285156,60.955970764160156,55.82231140136719,56.27088165283203,54.858489990234375,42495519,0.0,0.0,GE
2021-01-27 00:00:00-05:00,55.224212646484375,57.616600036621094,53.03119659423828,56.71945571899414,55.29580307006836,29983117,0.0,0.0,GE
2021-01-28 00:00:00-05:00,56.868980407714844,57.168025970458984,55.174373626708984,55.27405548095703,53.886688232421875,18879766,0.0,0.0,GE
2021-01-29 00:00:00-05:00,54.82548522949219,56.02167510986328,53.18071746826172,53.230560302734375,51.89448165893555,21921317,0.0,0.0,GE
2021-02-01 00:00:00-05:00,54.12770462036133,54.82548522949219,53.03119659423828,53.52960968017578,52.1860237121582,13379614,0.0,0.0,GE
2021-02-02 00:00:00-05:00,54.227386474609375,56.56993103027344,54.02802276611328,56.02167510986328,54.61553955078125,16946953,0.0,0.0,GE
2021-02-03 00:00:00-05:00,56.02167510986328,56.32072448730469,55.174373626708984,55.82231140136719,54.42118453979492,10877474,0.0,0.0,GE
2021-02-04 00:00:00-05:00,55.97183609008789,57.31755065917969,55.77246856689453,57.06834411621094,55.63594055175781,13396066,0.0,0.0,GE
2021-02-05 00:00:00-05:00,57.367393493652344,57.56675720214844,56.420406341552734,56.81913757324219,55.39298629760742,10396669,0.0,0.0,GE
2021-02-08 00:00:00-05:00,57.168025970458984,58.06517028808594,56.868980407714844,57.865806579589844,56.41337966918945,8517928,0.0,0.0,GE
2021-02-09 00:00:00-05:00,57.616600036621094,57.81596374511719,56.868980407714844,57.51691436767578,56.07324981689453,10581235,0.0,0.0,GE
2021-02-10 00:00:00-05:00,57.7661247253418,57.7661247253418,56.71945571899414,56.81913757324219,55.39298629760742,9140985,0.0,0.0,GE
2021-02-11 00:00:00-05:00,56.76929473876953,57.168025970458984,55.77246856689453,57.118186950683594,55.68452453613281,10398836,0.0,0.0,GE
2021-02-12 00:00:00-05:00,56.868980407714844,58.51374435424805,56.71945571899414,58.46390151977539,56.9964599609375,11725144,0.0,0.0,GE
2021-02-16 00:00:00-05:00,58.9124755859375,59.70993423461914,58.71310806274414,59.66009521484375,58.162635803222656,12100796,0.0,0.0,GE
2021-02-17 00:00:00-05:00,59.01215744018555,59.5604133605957,58.613426208496094,59.111839294433594,57.628143310546875,8615357,0.0,0.0,GE
2021-02-18 00:00:00-05:00,59.01215744018555,59.111839294433594,57.367393493652344,57.96548843383789,56.51056671142578,9802022,0.0,0.0,GE
2021-02-19 00:00:00-05:00,58.4140625,59.959144592285156,58.21469497680664,59.9093017578125,58.40557861328125,12248665,0.0,0.0,GE
2021-02-22 00:00:00-05:00,60.15850830078125,63.29851150512695,59.959144592285156,62.30168533325195,60.7379264831543,19388781,0.0,0.0,GE
2021-02-23 00:00:00-05:00,62.80009841918945,63.0493049621582,60.706764221191406,62.75025939941406,61.175228118896484,14454364,0.0,0.0,GE
2021-02-24 00:00:00-05:00,63.79692459106445,66.53820037841797,63.0493049621582,65.39185333251953,63.750518798828125,21426186,0.0,0.0,GE
2021-02-25 00:00:00-05:00,65.29216766357422,66.13947296142578,63.09914779663086,63.59756088256836,62.00127029418945,18526244,0.0,0.0,GE
2021-02-26 00:00:00-05:00,63.198829650878906,63.99629211425781,61.85311508178711,62.50105285644531,60.932289123535156,17802448,0.0,0.0,GE
2021-03-01 00:00:00-05:00,64.39501953125,66.23915100097656,63.74708557128906,65.34201049804688,63.701934814453125,15657201,0.0,0.0,GE
2021-03-02 00:00:00-05:00,65.54137420654297,66.03978729248047,64.64422607421875,64.6940689086914,63.07025909423828,15490231,0.0,0.0,GE
2021-03-03 00:00:00-05:00,65.24232482910156,67.88391876220703,65.04296112060547,66.98677062988281,65.30538940429688,23589309,0.0,0.0,GE
2021-03-04 00:00:00-05:00,69.17979431152344,70.42582702636719,65.6908950805664,67.63471221923828,65.93708801269531,33418377,0.0,0.0,GE
2021-03-05 00:00:00-05:00,68.78105926513672,68.83090209960938,65.49153137207031,67.78423309326172,66.131591796875,21061930,0.049841,0.0,GE
2021-03-08 00:00:00-05:00,70.82455444335938,71.47249603271484,68.83090209960938,70.62519073486328,68.90327453613281,28835014,0.0,0.0,GE
2021-03-09 00:00:00-05:00,70.27629852294922,71.87122344970703,68.93058776855469,69.77788543701172,68.07662963867188,22966413,0.0,0.0,GE
2021-03-10 00:00:00-05:00,68.03343963623047,68.48200988769531,64.39501953125,66.03978729248047,64.4296646118164,44186284,0.0,0.0,GE
2021-03-11 00:00:00-05:00,63.24867248535156,64.09597778320312,59.5604133605957,61.15533447265625,59.66429901123047,61355743,0.0,0.0,GE
2021-03-12 00:00:00-05:00,61.00580978393555,62.8997802734375,60.955970764160156,62.700416564941406,61.171714782714844,26996039,0.0,0.0,GE
2021-03-15 00:00:00-04:00,63.49787902832031,66.58804321289062,63.448036193847656,66.53820037841797,64.91590881347656,22351422,0.0,0.0,GE
2021-03-16 00:00:00-04:00,66.43851470947266,66.53820037841797,65.14264678955078,65.54137420654297,63.94342041015625,14938641,0.0,0.0,GE
2021-03-17 00:00:00-04:00,65.79058074951172,67.83407592773438,65.44168853759766,67.83407592773438,66.18021392822266,15895858,0.0,0.0,GE
2021-03-18 00:00:00-04:00,67.73439025878906,68.23280334472656,65.74073791503906,66.03978729248047,64.4296646118164,12792812,0.0,0.0,GE
2021-03-19 00:00:00-04:00,65.79058074951172,66.53820037841797,64.6940689086914,65.89026641845703,64.2837905883789,13737991,0.0,0.0,GE
2021-03-22 00:00:00-04:00,65.59121704101562,65.98994445800781,64.44486236572266,65.44168853759766,63.84617233276367,10591427,0.0,0.0,GE
2021-03-23 00:00:00-04:00,64.59439086914062,65.6908950805664,62.5508918762207,63.09914779663086,61.56072235107422,13172818,0.0,0.0,GE
2021-03-24 00:00:00-04:00,63.59756088256836,64.8934326171875,62.30168533325195,62.30168533325195,60.78270721435547,12454218,0.0,0.0,GE
2021-03-25 00:00:00-04:00,61.80327224731445,64.44486236572266,60.955970764160156,64.04613494873047,62.48462677001953,14725103,0.0,0.0,GE
2021-03-26 00:00:00-04:00,64.54454803466797,65.44168853759766,63.34835433959961,64.74391174316406,63.165374755859375,12143472,0.0,0.0,GE
2021-03-29 00:00:00-04:00,64.39501953125,65.04296112060547,63.697242736816406,64.54454803466797,62.97088623046875,10786807,0.0,0.0,GE
2021-03-30 00:00:00-04:00,64.6940689086914,66.58804321289062,64.29534149169922,66.28899383544922,64.67279815673828,10618713,0.0,0.0,GE
2021-03-31 00:00:00-04:00,66.6877212524414,66.93692779541016,65.44168853759766,65.44168853759766,63.84617233276367,12557044,0.0,0.0,GE
2021-04-01 00:00:00-04:00,65.94010162353516,66.58804321289062,65.54137420654297,66.1893081665039,64.5755386352539,11874438,0.0,0.0,GE
2021-04-05 00:00:00-04:00,67.13629913330078,67.63471221923828,66.63788604736328,67.08645629882812,65.45082092285156,10180082,0.0,0.0,GE
2021-04-06 00:00:00-04:00,67.08645629882812,67.28582000732422,66.63788604736328,66.78740692138672,65.1590576171875,8035938,0.0,0.0,GE
2021-04-07 00:00:00-04:00,66.78740692138672,67.43534851074219,66.08963012695312,66.73756408691406,65.11043548583984,8379669,0.0,0.0,GE
2021-04-08 00:00:00-04:00,66.08963012695312,67.28582000732422,65.24232482910156,67.03661346435547,65.40219116210938,11018763,0.0,0.0,GE
2021-04-09 00:00:00-04:00,67.28582000732422,68.93058776855469,66.88709259033203,67.78423309326172,66.131591796875,12689464,0.0,0.0,GE
2021-04-12 00:00:00-04:00,67.83407592773438,68.18296813964844,67.13629913330078,67.73439025878906,66.08293151855469,8442187,0.0,0.0,GE
2021-04-13 00:00:00-04:00,67.33566284179688,67.48518371582031,66.08963012695312,66.98677062988281,65.35355377197266,10277370,0.0,0.0,GE
2021-04-14 00:00:00-04:00,66.93692779541016,68.73121643066406,66.88709259033203,68.18296813964844,66.52059936523438,12968951,0.0,0.0,GE
2021-04-15 00:00:00-04:00,68.43217468261719,68.53185272216797,66.98677062988281,67.53502655029297,65.88845825195312,10208753,0.0,0.0,GE
2021-04-16 00:00:00-04:00,67.93376159667969,68.18296813964844,66.53820037841797,66.73756408691406,65.11043548583984,10036727,0.0,0.0,GE
2021-04-19 00:00:00-04:00,66.38867950439453,67.13629913330078,65.64105224609375,67.08645629882812,65.45082092285156,9003729,0.0,0.0,GE
2021-04-20 00:00:00-04:00,66.83724975585938,66.83724975585938,64.29534149169922,65.09280395507812,63.50577926635742,12330465,0.0,0.0,GE
2021-04-21 00:00:00-04:00,64.44486236572266,66.6877212524414,63.647403717041016,66.53820037841797,64.91590881347656,9953202,0.0,0.0,GE
2021-04-22 00:00:00-04:00,66.53820037841797,68.18296813964844,66.1893081665039,66.83724975585938,65.20767974853516,10555051,0.0,0.0,GE
2021-04-23 00:00:00-04:00,67.28582000732422,67.83407592773438,66.58804321289062,67.53502655029297,65.88845825195312,9357311,0.0,0.0,GE
2021-04-26 00:00:00-04:00,67.93376159667969,69.77788543701172,67.53502655029297,67.63471221923828,65.9857177734375,18815482,0.0,0.0,GE
2021-04-27 00:00:00-04:00,67.28582000732422,67.48518371582031,64.34518432617188,67.23597717285156,65.59671020507812,30050351,0.0,0.0,GE
2021-04-28 00:00:00-04:00,66.43851470947266,66.53820037841797,65.54137420654297,65.79058074951172,64.18653106689453,13261158,0.0,0.0,GE
2021-04-29 00:00:00-04:00,65.6908950805664,66.23915100097656,65.1924819946289,65.84042358398438,64.23516082763672,11066635,0.0,0.0,GE
2021-04-30 00:00:00-04:00,65.59121704101562,66.53820037841797,65.1924819946289,65.39185333251953,63.79753875732422,10011667,0.0,0.0,GE
2021-05-03 00:00:00-04:00,65.98994445800781,67.43534851074219,65.64105224609375,67.03661346435547,65.40219116210938,12734908,0.0,0.0,GE
2021-05-04 00:00:00-04:00,66.48835754394531,66.73756408691406,65.14264678955078,65.39185333251953,63.79753875732422,15557003,0.0,0.0,GE
2021-05-05 00:00:00-04:00,65.59121704101562,66.23915100097656,65.24232482910156,65.84042358398438,64.23516082763672,11168297,0.0,0.0,GE
2021-05-06 00:00:00-04:00,65.89026641845703,66.33883666992188,64.94327545166016,65.84042358398438,64.23516082763672,12595406,0.0,0.0,GE
2021-05-07 00:00:00-04:00,65.59121704101562,66.48835754394531,65.14264678955078,66.28899383544922,64.67279815673828,10810442,0.0,0.0,GE
2021-05-10 00:00:00-04:00,66.33883666992188,67.68455505371094,66.28899383544922,66.53820037841797,64.91590881347656,13154138,0.0,0.0,GE
2021-05-11 00:00:00-04:00,65.74073791503906,66.23915100097656,64.49470520019531,65.24232482910156,63.65163803100586,13645738,0.0,0.0,GE
2021-05-12 00:00:00-04:00,65.1924819946289,65.44168853759766,63.647403717041016,63.896610260009766,62.338748931884766,14215045,0.0,0.0,GE
2021-05-13 00:00:00-04:00,63.79692459106445,64.99311828613281,63.398197174072266,64.64422607421875,63.068138122558594,13158312,0.0,0.0,GE
2021-05-14 00:00:00-04:00,65.39185333251953,66.28899383544922,64.94327545166016,66.08963012695312,64.47828674316406,10167742,0.0,0.0,GE
2021-05-17 00:00:00-04:00,65.94010162353516,66.48835754394531,65.39185333251953,65.54137420654297,63.94342041015625,15316179,0.0,0.0,GE
2021-05-18 00:00:00-04:00,65.6908950805664,66.13947296142578,64.64422607421875,64.64422607421875,63.068138122558594,9816408,0.0,0.0,GE
2021-05-19 00:00:00-04:00,64.29534149169922,65.29216766357422,63.74708557128906,65.24232482910156,63.65163803100586,11921066,0.0,0.0,GE
2021-05-20 00:00:00-04:00,65.24232482910156,65.34201049804688,64.39501953125,65.09280395507812,63.50577926635742,9324527,0.0,0.0,GE
2021-05-21 00:00:00-04:00,65.34201049804688,66.1893081665039,65.04296112060547,65.94010162353516,64.33240509033203,10697965,0.0,0.0,GE
2021-05-24 00:00:00-04:00,66.23915100097656,66.33883666992188,65.39185333251953,65.6908950805664,64.08929443359375,7827397,0.0,0.0,GE
2021-05-25 00:00:00-04:00,65.79058074951172,66.23915100097656,65.29216766357422,65.39185333251953,63.79753875732422,9496071,0.0,0.0,GE
2021-05-26 00:00:00-04:00,65.39185333251953,66.93692779541016,64.99311828613281,66.78740692138672,65.1590576171875,12092309,0.0,0.0,GE
2021-05-27 00:00:00-04:00,67.78423309326172,71.77154541015625,67.73439025878906,71.52233123779297,69.77855682373047,37035234,0.0,0.0,GE
2021-05-28 00:00:00-04:00,71.2232894897461,71.47249603271484,69.92741394042969,70.07693481445312,68.3683853149414,14560581,0.0,0.0,GE
2021-06-01 00:00:00-04:00,70.92424011230469,71.47249603271484,70.27629852294922,70.52550506591797,68.80603790283203,10087388,0.0,0.0,GE
2021-06-02 00:00:00-04:00,70.67503356933594,70.67503356933594,69.82772827148438,70.2264633178711,68.51427459716797,8012785,0.0,0.0,GE
2021-06-03 00:00:00-04:00,69.7280502319336,71.62201690673828,69.47884368896484,70.2264633178711,68.51427459716797,12672972,0.0,0.0,GE
2021-06-04 00:00:00-04:00,70.57534790039062,70.77471160888672,69.08010864257812,69.57852172851562,67.88212585449219,12855029,0.0,0.0,GE
2021-06-07 00:00:00-04:00,69.77788543701172,70.12677764892578,69.08010864257812,69.32931518554688,67.63900756835938,7493597,0.0,0.0,GE
2021-06-08 00:00:00-04:00,69.62836456298828,69.7280502319336,68.38233184814453,69.27947235107422,67.59037780761719,8852489,0.0,0.0,GE
2021-06-09 00:00:00-04:00,68.63153839111328,68.83090209960938,68.13312530517578,68.43217468261719,66.76374053955078,11189043,0.0,0.0,GE
2021-06-10 00:00:00-04:00,68.83090209960938,69.12995147705078,67.73439025878906,67.93376159667969,66.27747344970703,9999489,0.0,0.0,GE
2021-06-11 00:00:00-04:00,68.03343963623047,68.68138122558594,67.63471221923828,68.23280334472656,66.56922149658203,8500031,0.0,0.0,GE
2021-06-14 00:00:00-04:00,68.68138122558594,68.93058776855469,66.83724975585938,67.13629913330078,65.49944305419922,9114079,0.0,0.0,GE
2021-06-15 00:00:00-04:00,67.03661346435547,67.63471221923828,66.33883666992188,67.48518371582031,65.83982849121094,7629388,0.0,0.0,GE
2021-06-16 00:00:00-04:00,67.28582000732422,68.03343963623047,66.23915100097656,66.98677062988281,65.35355377197266,14070907,0.0,0.0,GE
2021-06-17 00:00:00-04:00,66.83724975585938,67.33566284179688,64.34518432617188,64.79375457763672,63.21403121948242,15451709,0.0,0.0,GE
2021-06-18 00:00:00-04:00,63.99629211425781,64.8934326171875,63.54772186279297,63.697242736816406,62.144248962402344,16465184,0.0,0.0,GE
2021-06-21 00:00:00-04:00,64.24549865722656,65.74073791503906,64.09597778320312,65.74073791503906,64.13790130615234,10825169,0.0,0.0,GE
2021-06-22 00:00:00-04:00,65.39185333251953,65.79058074951172,64.49470520019531,64.94327545166016,63.359886169433594,7678083,0.0,0.0,GE
2021-06-23 00:00:00-04:00,64.8934326171875,65.74073791503906,64.49470520019531,64.54454803466797,62.97088623046875,8763306,0.0,0.0,GE
2021-06-24 00:00:00-04:00,65.09280395507812,65.79058074951172,64.39501953125,65.54137420654297,63.94342041015625,9594524,0.0,0.0,GE
2021-06-25 00:00:00-04:00,65.59121704101562,65.98994445800781,65.29216766357422,65.59121704101562,64.04073333740234,6844839,0.049841,0.0,GE
2021-06-28 00:00:00-04:00,65.59121704101562,65.64105224609375,63.74708557128906,64.24549865722656,62.726829528808594,12396856,0.0,0.0,GE
2021-06-29 00:00:00-04:00,65.09280395507812,65.94010162353516,64.59439086914062,65.24232482910156,63.7000732421875,13883493,0.0,0.0,GE
2021-06-30 00:00:00-04:00,65.54137420654297,67.43534851074219,65.04296112060547,67.08645629882812,65.50062561035156,13754002,0.0,0.0,GE
2021-07-01 00:00:00-04:00,67.68455505371094,67.93376159667969,66.58804321289062,67.1861343383789,65.59793853759766,9368346,0.0,0.0,GE
2021-07-02 00:00:00-04:00,67.48518371582031,67.48518371582031,66.33883666992188,66.58804321289062,65.01399993896484,6653090,0.0,0.0,GE
2021-07-06 00:00:00-04:00,66.1893081665039,66.38867950439453,63.896610260009766,64.39501953125,62.872802734375,14172730,0.0,0.0,GE
2021-07-07 00:00:00-04:00,64.1956558227539,65.1924819946289,63.49787902832031,64.6940689086914,63.16480255126953,12250973,0.0,0.0,GE
2021-07-08 00:00:00-04:00,63.448036193847656,64.49470520019531,62.84994125366211,64.14581298828125,62.62950134277344,10798825,0.0,0.0,GE
2021-07-09 00:00:00-04:00,64.84359741210938,65.74073791503906,64.49470520019531,65.59121704101562,64.04073333740234,8290767,0.0,0.0,GE
2021-07-12 00:00:00-04:00,65.09280395507812,65.49153137207031,64.29534149169922,65.34201049804688,63.79742431640625,11187237,0.0,0.0,GE
2021-07-13 00:00:00-04:00,65.24232482910156,65.24232482910156,64.1956558227539,64.24549865722656,62.726829528808594,7907410,0.0,0.0,GE
2021-07-14 00:00:00-04:00,64.1956558227539,64.6940689086914,63.398197174072266,63.84676742553711,62.337528228759766,8970443,0.0,0.0,GE
2021-07-15 00:00:00-04:00,63.24867248535156,64.39501953125,62.65057373046875,63.59756088256836,62.09420394897461,10310877,0.0,0.0,GE
2021-07-16 00:00:00-04:00,63.79692459106445,64.14581298828125,62.4013671875,62.5508918762207,61.07228088378906,9141767,0.0,0.0,GE
2021-07-19 00:00:00-04:00,60.7566032409668,61.00580978393555,58.9124755859375,59.80961990356445,58.39579772949219,19842400,0.0,0.0,GE
2021-07-20 00:00:00-04:00,59.859458923339844,63.49787902832031,59.7597770690918,63.29851150512695,61.8022346496582,15072405,0.0,0.0,GE
2021-07-21 00:00:00-04:00,63.74708557128906,65.34201049804688,63.647403717041016,65.1924819946289,63.65140914916992,13548149,0.0,0.0,GE
2021-07-22 00:00:00-04:00,65.04296112060547,65.09280395507812,63.29851150512695,63.29851150512695,61.8022346496582,8712244,0.0,0.0,GE
2021-07-23 00:00:00-04:00,63.79692459106445,64.1956558227539,62.949623107910156,63.34835433959961,61.85089111328125,7579911,0.0,0.0,GE
2021-07-26 00:00:00-04:00,63.09914779663086,64.49470520019531,62.949623107910156,64.39501953125,62.872802734375,10800049,0.0,0.0,GE
2021-07-27 00:00:00-04:00,66.43851470947266,67.13629913330078,63.79692459106445,65.1924819946289,63.65140914916992,23964901,0.0,0.0,GE
2021-07-28 00:00:00-04:00,65.54137420654297,67.1861343383789,64.99311828613281,65.44168853759766,63.89476776123047,13757312,0.0,0.0,GE
2021-07-29 00:00:00-04:00,65.74073791503906,66.6877212524414,65.24232482910156,66.23915100097656,64.67334747314453,10889854,0.0,0.0,GE
2021-07-30 00:00:00-04:00,65.59121704101562,65.89026641845703,64.39501953125,64.54454803466797,63.018802642822266,12050777,0.0,0.0,GE
2021-08-02 00:00:00-04:00,65.09280395507812,66.79364013671875,62.569583892822266,62.67549514770508,61.19394302368164,39943542,0.0,0.125,GE
2021-08-03 00:00:00-04:00,62.42628860473633,64.29534149169922,61.124183654785156,64.20811462402344,62.690330505371094,23177543,0.0,0.0,GE
2021-08-04 00:00:00-04:00,63.429344177246094,64.45109558105469,63.2112922668457,64.11466217041016,62.599082946777344,22702917,0.0,0.0,GE
2021-08-05 00:00:00-04:00,64.17073822021484,65.1924819946289,63.87168884277344,64.18319702148438,62.66600036621094,13050690,0.0,0.0,GE
2021-08-06 00:00:00-04:00,64.39501953125,65.5787582397461,64.39501953125,65.11772155761719,63.57844161987305,17637083,0.0,0.0,GE
2021-08-09 00:00:00-04:00,64.51962280273438,64.96196746826172,63.566410064697266,64.61307525634766,63.08573532104492,12768033,0.0,0.0,GE
2021-08-10 00:00:00-04:00,64.67537689208984,66.2453842163086,64.29534149169922,66.08963012695312,64.5273666381836,12930790,0.0,0.0,GE
2021-08-11 00:00:00-04:00,66.17062377929688,66.17062377929688,64.68161010742188,66.06470489501953,64.50301361083984,13330458,0.0,0.0,GE
2021-08-12 00:00:00-04:00,66.15815734863281,66.80609893798828,65.56629180908203,66.36375427246094,64.79500579833984,10270509,0.0,0.0,GE
2021-08-13 00:00:00-04:00,66.3512954711914,66.42605590820312,65.15510559082031,65.36692810058594,63.82175064086914,9020462,0.0,0.0,GE
2021-08-16 00:00:00-04:00,64.93704986572266,64.98065948486328,63.697242736816406,64.3887939453125,62.86673355102539,11101144,0.0,0.0,GE
2021-08-17 00:00:00-04:00,63.88414764404297,64.33895111083984,62.525970458984375,63.31097412109375,61.81440353393555,13125487,0.0,0.0,GE
2021-08-18 00:00:00-04:00,62.974544525146484,64.46355438232422,62.77518081665039,63.18014144897461,61.686649322509766,10427487,0.0,0.0,GE
2021-08-19 00:00:00-04:00,62.30168533325195,62.81256103515625,61.42946243286133,61.94033432006836,60.47615051269531,17344153,0.0,0.0,GE
2021-08-20 00:00:00-04:00,62.04624938964844,62.71910858154297,61.740970611572266,62.33283615112305,60.859378814697266,10203095,0.0,0.0,GE
2021-08-23 00:00:00-04:00,62.67549514770508,63.223751068115234,62.46989822387695,62.90601348876953,61.41900634765625,9642436,0.0,0.0,GE
2021-08-24 00:00:00-04:00,63.105377197265625,64.48847198486328,62.96208572387695,64.33895111083984,62.818077087402344,11007246,0.0,0.0,GE
2021-08-25 00:00:00-04:00,64.39501953125,65.49776458740234,63.890380859375,65.22986602783203,63.68791961669922,12627427,0.0,0.0,GE
2021-08-26 00:00:00-04:00,65.08033752441406,65.18002319335938,64.07105255126953,64.40748596191406,62.88497543334961,13107992,0.0,0.0,GE
2021-08-27 00:00:00-04:00,64.73145294189453,66.13323974609375,64.73145294189453,66.09585571289062,64.53345489501953,12473178,0.0,0.0,GE
2021-08-30 00:00:00-04:00,66.2453842163086,66.32637786865234,65.29216766357422,65.53514099121094,63.98596954345703,11469513,0.0,0.0,GE
2021-08-31 00:00:00-04:00,65.37938690185547,66.26407623291016,65.08033752441406,65.67221069335938,64.11981201171875,17641256,0.0,0.0,GE
2021-09-01 00:00:00-04:00,65.64105224609375,65.70958709716797,64.33271789550781,64.58192443847656,63.05531311035156,12789542,0.0,0.0,GE
2021-09-02 00:00:00-04:00,64.79375457763672,66.2516098022461,64.78129577636719,66.20177459716797,64.63687133789062,13633178,0.0,0.0,GE
2021-09-03 00:00:00-04:00,66.03978729248047,66.88709259033203,64.84359741210938,65.26101684570312,63.71833801269531,12225833,0.0,0.0,GE
2021-09-07 00:00:00-04:00,65.10526275634766,65.37938690185547,63.7408561706543,64.35140991210938,62.830230712890625,17639170,0.0,0.0,GE
2021-09-08 00:00:00-04:00,64.13958740234375,65.2485580444336,62.5633544921875,63.9090690612793,62.39834976196289,19263203,0.0,0.0,GE
2021-09-09 00:00:00-04:00,63.77200698852539,65.36692810058594,63.61625289916992,64.35140991210938,62.830230712890625,15066205,0.0,0.0,GE
2021-09-10 00:00:00-04:00,64.35140991210938,64.76260375976562,63.4106559753418,63.54772186279297,62.04554748535156,15350467,0.0,0.0,GE
2021-09-13 00:00:00-04:00,63.95268249511719,65.32955169677734,63.5601806640625,65.08033752441406,63.541934967041016,20038302,0.0,0.0,GE
2021-09-14 00:00:00-04:00,65.13018035888672,65.13641357421875,62.345298767089844,62.53843307495117,61.060115814208984,25717763,0.0,0.0,GE
2021-09-15 00:00:00-04:00,62.79386901855469,63.840538024902344,62.7315673828125,63.647403717041016,62.14287185668945,13007192,0.0,0.0,GE
2021-09-16 00:00:00-04:00,63.79069519042969,63.983829498291016,62.81256103515625,63.13652801513672,61.644065856933594,9601506,0.0,0.0,GE
2021-09-17 00:00:00-04:00,63.01815414428711,63.46049880981445,62.3826789855957,62.594505310058594,61.114871978759766,17203387,0.0,0.0,GE
2021-09-20 00:00:00-04:00,61.36716079711914,62.22069549560547,60.60084915161133,62.183311462402344,60.7133903503418,16217539,0.0,0.0,GE
2021-09-21 00:00:00-04:00,62.239383697509766,62.29545593261719,59.940452575683594,60.320491790771484,58.89460754394531,25342171,0.0,0.0,GE
2021-09-22 00:00:00-04:00,60.85005569458008,61.69736099243164,60.84382629394531,61.39208221435547,59.940860748291016,18002884,0.0,0.0,GE
2021-09-23 00:00:00-04:00,62.00886917114258,64.84359741210938,62.00263977050781,64.14581298828125,62.62950134277344,18620844,0.0,0.0,GE
2021-09-24 00:00:00-04:00,63.95891189575195,64.9183578491211,63.921531677246094,64.66915130615234,63.189571380615234,10528608,0.049841,0.0,GE
2021-09-27 00:00:00-04:00,65.13641357421875,66.2453842163086,65.03672790527344,65.63482666015625,64.1331558227539,12971559,0.0,0.0,GE
2021-09-28 00:00:00-04:00,65.59744262695312,66.50704956054688,65.2485580444336,65.87157440185547,64.3644790649414,20146646,0.0,0.0,GE
2021-09-29 00:00:00-04:00,66.03978729248047,66.66280364990234,65.60990142822266,66.2142333984375,64.69931030273438,11876404,0.0,0.0,GE
2021-09-30 00:00:00-04:00,66.26407623291016,66.7188720703125,64.13958740234375,64.1894302368164,62.7208251953125,14356273,0.0,0.0,GE
2021-10-01 00:00:00-04:00,64.90589904785156,66.28276062011719,64.5881576538086,65.92764282226562,64.41927337646484,12992425,0.0,0.0,GE
2021-10-04 00:00:00-04:00,65.66597747802734,66.712646484375,65.16756439208984,65.3544692993164,63.85919952392578,12288913,0.0,0.0,GE
2021-10-05 00:00:00-04:00,65.45414733886719,66.03978729248047,64.63800048828125,65.3544692993164,63.85919952392578,9208740,0.0,0.0,GE
2021-10-06 00:00:00-04:00,64.59439086914062,65.055419921875,63.58510208129883,64.99935150146484,63.51219940185547,11257962,0.0,0.0,GE
2021-10-07 00:00:00-04:00,65.31708526611328,66.36998748779297,64.99935150146484,65.73451232910156,64.2305679321289,10684302,0.0,0.0,GE
2021-10-08 00:00:00-04:00,65.64728546142578,66.17684936523438,65.20494842529297,65.24232482910156,63.749610900878906,6859525,0.0,0.0,GE
2021-10-11 00:00:00-04:00,65.31708526611328,65.89026641845703,64.77506256103516,64.84359741210938,63.36001968383789,6615872,0.0,0.0,GE
2021-10-12 00:00:00-04:00,64.51962280273438,64.81867218017578,63.27359390258789,63.99629211425781,62.532100677490234,13722903,0.0,0.0,GE
2021-10-13 00:00:00-04:00,63.67232131958008,64.29534149169922,63.03684616088867,63.77200698852539,62.31294631958008,12065484,0.0,0.0,GE
2021-10-14 00:00:00-04:00,64.2579574584961,64.57569885253906,63.778236389160156,64.00875091552734,62.54426956176758,9853826,0.0,0.0,GE
2021-10-15 00:00:00-04:00,64.57569885253906,65.97748565673828,64.28910827636719,65.04918670654297,63.560909271240234,9069257,0.0,0.0,GE
2021-10-18 00:00:00-04:00,64.59439086914062,65.14887237548828,64.1956558227539,64.86851501464844,63.38436508178711,6653913,0.0,0.0,GE
2021-10-19 00:00:00-04:00,65.15510559082031,65.39807891845703,64.53208923339844,65.2485580444336,63.75572204589844,6767714,0.0,0.0,GE
2021-10-20 00:00:00-04:00,65.26101684570312,66.05224609375,64.71276092529297,66.03978729248047,64.52882385253906,9803748,0.0,0.0,GE
2021-10-21 00:00:00-04:00,65.89026641845703,66.28276062011719,64.17696380615234,64.26419067382812,62.79387283325195,11588129,0.0,0.0,GE
2021-10-22 00:00:00-04:00,64.20188903808594,65.11148834228516,63.890380859375,64.82490539550781,63.341758728027344,8595273,0.0,0.0,GE
2021-10-25 00:00:00-04:00,64.56946563720703,66.03355407714844,64.37633514404297,65.60367584228516,64.10271453857422,10427005,0.0,0.0,GE
2021-10-26 00:00:00-04:00,65.89026641845703,69.13618469238281,65.5538330078125,66.93692779541016,65.40544891357422,18781193,0.0,0.0,GE
2021-10-27 00:00:00-04:00,67.2110595703125,67.46026611328125,64.60061645507812,64.70030212402344,63.22000503540039,14420637,0.0,0.0,GE
2021-10-28 00:00:00-04:00,64.41371154785156,65.65351867675781,64.23303985595703,65.5787582397461,64.07836151123047,9487384,0.0,0.0,GE
2021-10-29 00:00:00-04:00,65.3856201171875,65.56629180908203,64.86851501464844,65.33577728271484,63.8409309387207,9018536,0.0,0.0,GE
2021-11-01 00:00:00-04:00,65.89026641845703,66.5195083618164,65.59121704101562,66.1830825805664,64.66886901855469,7844250,0.0,0.0,GE
2021-11-02 00:00:00-04:00,66.2516098022461,66.7500228881836,65.60367584228516,66.46966552734375,64.94889831542969,7192101,0.0,0.0,GE
2021-11-03 00:00:00-04:00,66.13947296142578,66.2516098022461,65.30462646484375,66.0210952758789,64.51058197021484,6599661,0.0,0.0,GE
2021-11-04 00:00:00-04:00,65.95879364013672,66.28899383544922,64.97442626953125,65.547607421875,64.04792022705078,7505094,0.0,0.0,GE
2021-11-05 00:00:00-04:00,66.61919403076172,68.31379699707031,66.56935119628906,67.74685668945312,66.19683837890625,12202399,0.0,0.0,GE
2021-11-08 00:00:00-05:00,68.15804290771484,68.72499084472656,67.48518371582031,67.5474853515625,66.0020523071289,8305554,0.0,0.0,GE
2021-11-09 00:00:00-05:00,71.47872161865234,72.37586975097656,68.83090209960938,69.3355484008789,67.74919891357422,40325875,0.0,0.0,GE
2021-11-10 00:00:00-05:00,70.08939361572266,70.2015380859375,67.35435485839844,67.88391876220703,66.33079528808594,13952431,0.0,0.0,GE
2021-11-11 00:00:00-05:00,67.62847900390625,68.28264617919922,66.52574157714844,66.66280364990234,65.13760375976562,8848557,0.0,0.0,GE
2021-11-12 00:00:00-05:00,66.9120101928711,67.2422103881836,66.32637786865234,67.03038024902344,65.49677276611328,12240118,0.0,0.0,GE
2021-11-15 00:00:00-05:00,67.30451202392578,67.70323944091797,66.16439056396484,66.45720672607422,64.93671417236328,9831034,0.0,0.0,GE
2021-11-16 00:00:00-05:00,66.13323974609375,66.17062377929688,64.05859375,64.3887939453125,62.915618896484375,19257424,0.0,0.0,GE
2021-11-17 00:00:00-05:00,64.60684967041016,64.718994140625,63.186370849609375,63.54148864746094,62.087703704833984,13334471,0.0,0.0,GE
2021-11-18 00:00:00-05:00,63.19260025024414,63.42311477661133,61.79081344604492,62.71910858154297,61.28413391113281,13692888,0.0,0.0,GE
2021-11-19 00:00:00-05:00,62.17708206176758,62.762718200683594,61.86557388305664,62.276763916015625,60.85190963745117,10598911,0.0,0.0,GE
2021-11-22 00:00:00-05:00,62.594505310058594,63.529029846191406,62.476131439208984,62.949623107910156,61.50937271118164,9962170,0.0,0.0,GE
2021-11-23 00:00:00-05:00,63.4106559753418,63.67855453491211,63.01815414428711,63.59756088256836,62.14249038696289,9648856,0.0,0.0,GE
2021-11-24 00:00:00-05:00,63.46049880981445,63.74708557128906,63.11783981323242,63.69101333618164,62.23380661010742,8943739,0.0,0.0,GE
2021-11-26 00:00:00-05:00,60.22080993652344,61.11795425415039,59.50434112548828,60.955970764160156,59.56134796142578,13815999,0.0,0.0,GE
2021-11-29 00:00:00-05:00,61.846885681152344,62.569583892822266,60.32672119140625,61.30485916137695,59.902244567871094,15692352,0.0,0.0,GE
2021-11-30 00:00:00-05:00,60.20834732055664,60.70053482055664,58.85640335083008,59.18037033081055,57.82635498046875,18313148,0.0,0.0,GE
2021-12-01 00:00:00-05:00,60.152278900146484,60.364105224609375,57.9031867980957,57.94056701660156,56.61492919921875,13895451,0.0,0.0,GE
2021-12-02 00:00:00-05:00,58.68818664550781,59.67255401611328,57.82219314575195,59.32989501953125,57.97246170043945,9782400,0.0,0.0,GE
2021-12-03 00:00:00-05:00,59.26759338378906,59.404659271240234,57.14933776855469,57.79727554321289,56.474910736083984,12973646,0.0,0.0,GE
2021-12-06 00:00:00-05:00,58.470130920410156,60.364105224609375,58.090091705322266,59.81584930419922,58.447303771972656,10721861,0.0,0.0,GE
2021-12-07 00:00:00-05:00,60.18342971801758,61.26124954223633,59.996524810791016,60.77529525756836,59.384796142578125,8104115,0.0,0.0,GE
2021-12-08 00:00:00-05:00,60.77529525756836,61.64128875732422,60.42017364501953,61.230098724365234,59.82919692993164,7635106,0.0,0.0,GE
2021-12-09 00:00:00-05:00,60.912357330322266,61.17402648925781,60.43263626098633,60.949737548828125,59.55525207519531,6527432,0.0,0.0,GE
2021-12-10 00:00:00-05:00,61.111724853515625,61.404541015625,60.0899772644043,60.401485443115234,59.01953125,6863859,0.0,0.0,GE
2021-12-13 00:00:00-05:00,59.79092788696289,60.0588264465332,57.828426361083984,58.02156066894531,56.69406509399414,11843339,0.0,0.0,GE
2021-12-14 00:00:00-05:00,57.784812927246094,58.60096740722656,57.143104553222656,57.38608169555664,56.073123931884766,11654259,0.0,0.0,GE
2021-12-15 00:00:00-05:00,57.45461654663086,57.5729866027832,56.183658599853516,57.367393493652344,56.05487060546875,12350388,0.0,0.0,GE
2021-12-16 00:00:00-05:00,57.64152145385742,58.77540969848633,57.44215393066406,57.64775085449219,56.32881164550781,11440140,0.0,0.0,GE
2021-12-17 00:00:00-05:00,57.59790802001953,57.98418045043945,56.14004898071289,56.974891662597656,55.671348571777344,14550168,0.0,0.0,GE
2021-12-20 00:00:00-05:00,56.07151794433594,56.133819580078125,54.931396484375,56.05905532836914,54.824424743652344,9651745,0.049841,0.0,GE
2021-12-21 00:00:00-05:00,56.52008819580078,58.35799026489258,56.52008819580078,57.97794723510742,56.701053619384766,12227117,0.0,0.0,GE
2021-12-22 00:00:00-05:00,57.89072799682617,58.382911682128906,57.417232513427734,57.98418045043945,56.70714569091797,7485993,0.0,0.0,GE
2021-12-23 00:00:00-05:00,58.127471923828125,58.9000129699707,58.127471923828125,58.56358337402344,57.27379608154297,6236589,0.0,0.0,GE
2021-12-27 00:00:00-05:00,58.33306884765625,58.98100662231445,58.220924377441406,58.94985580444336,57.651554107666016,5503703,0.0,0.0,GE
2021-12-28 00:00:00-05:00,58.83148193359375,59.859458923339844,58.71310806274414,59.37350845336914,58.06588363647461,6503676,0.0,0.0,GE
2021-12-29 00:00:00-05:00,59.18660354614258,59.48564910888672,58.837711334228516,59.05576705932617,57.75513458251953,5602577,0.0,0.0,GE
2021-12-30 00:00:00-05:00,58.97477722167969,59.797157287597656,58.89378356933594,58.999698638916016,57.70029067993164,5247049,0.0,0.0,GE
2021-12-31 00:00:00-05:00,58.875091552734375,59.167911529541016,58.50128173828125,58.85640335083008,57.56017303466797,6092452,0.0,0.0,GE
2022-01-03 00:00:00-05:00,59.323665618896484,60.706764221191406,59.030845642089844,59.959144592285156,58.63862228393555,7415209,0.0,0.0,GE
2022-01-04 00:00:00-05:00,61.54160690307617,62.33283615112305,61.111724853515625,61.909183502197266,60.54570388793945,12237390,0.0,0.0,GE
2022-01-05 00:00:00-05:00,62.13347244262695,63.41688537597656,61.859344482421875,61.909183502197266,60.54570388793945,9461542,0.0,0.0,GE
2022-01-06 00:00:00-05:00,62.5820426940918,62.974544525146484,61.94033432006836,62.27053451538086,60.89909744262695,6864983,0.0,0.0,GE
2022-01-07 00:00:00-05:00,62.17708206176758,63.697242736816406,62.15839385986328,63.17390823364258,61.78257751464844,10029103,0.0,0.0,GE
2022-01-10 00:00:00-05:00,63.37327575683594,63.54772186279297,61.64128875732422,61.94033432006836,60.57617950439453,9259300,0.0,0.0,GE
2022-01-11 00:00:00-05:00,62.48236083984375,63.778236389160156,62.28299331665039,63.41688537597656,62.02021026611328,9107137,0.0,0.0,GE
2022-01-12 00:00:00-05:00,63.19260025024414,63.933990478515625,63.16144943237305,63.697242736816406,62.29439163208008,7316816,0.0,0.0,GE
2022-01-13 00:00:00-05:00,63.7283935546875,64.57569885253906,63.42311477661133,63.83430862426758,62.42844009399414,7034320,0.0,0.0,GE
2022-01-14 00:00:00-05:00,63.33589553833008,64.33895111083984,62.868629455566406,64.27041625976562,62.854949951171875,7030789,0.0,0.0,GE
2022-01-18 00:00:00-05:00,63.896610260009766,64.62554168701172,63.647403717041016,64.10220336914062,62.6904296875,13499795,0.0,0.0,GE
2022-01-19 00:00:00-05:00,63.97760009765625,64.16450500488281,62.594505310058594,62.687957763671875,61.307334899902344,9147425,0.0,0.0,GE
2022-01-20 00:00:00-05:00,62.44498062133789,63.41688537597656,61.03696060180664,61.21140670776367,59.863304138183594,9045502,0.0,0.0,GE
2022-01-21 00:00:00-05:00,60.86874771118164,61.27370834350586,59.72239685058594,59.996524810791016,58.67517852783203,12964978,0.0,0.0,GE
2022-01-24 00:00:00-05:00,58.9311637878418,60.706764221191406,57.498226165771484,60.376564025878906,59.046844482421875,15847565,0.0,0.0,GE
2022-01-25 00:00:00-05:00,56.76929473876953,57.54183578491211,55.01239013671875,56.763065338134766,55.5129280090332,33629909,0.0,0.0,GE
2022-01-26 00:00:00-05:00,57.012271881103516,57.261478424072266,54.856632232666016,55.647865295410156,54.42229080200195,17073695,0.0,0.0,GE
2022-01-27 00:00:00-05:00,56.07151794433594,57.17425537109375,54.86909484863281,56.00921630859375,54.77568817138672,12527109,0.0,0.0,GE
2022-01-28 00:00:00-05:00,55.635406494140625,57.417232513427734,55.35504913330078,57.379852294921875,56.11613082885742,10398756,0.0,0.0,GE
2022-01-31 00:00:00-05:00,57.0745735168457,58.9124755859375,56.713226318359375,58.862632751464844,57.566253662109375,11238219,0.0,0.0,GE
2022-02-01 00:00:00-05:00,59.18660354614258,61.317317962646484,59.030845642089844,61.02450180053711,59.68050765991211,13080224,0.0,0.0,GE
2022-02-02 00:00:00-05:00,60.85005569458008,61.4170036315918,59.9093017578125,61.08057403564453,59.7353515625,8926564,0.0,0.0,GE
2022-02-03 00:00:00-05:00,60.52608871459961,61.778350830078125,60.152278900146484,61.2550163269043,59.90594482421875,9972924,0.0,0.0,GE
2022-02-04 00:00:00-05:00,60.86874771118164,62.33283615112305,60.83136749267578,61.684898376464844,60.32636260986328,10278374,0.0,0.0,GE
2022-02-07 00:00:00-05:00,61.909183502197266,62.66926574707031,61.36716079711914,62.239383697509766,60.8686408996582,7039456,0.0,0.0,GE
2022-02-08 00:00:00-05:00,62.28922653198242,62.61319351196289,61.44815444946289,61.871803283691406,60.5091438293457,8279712,0.0,0.0,GE
2022-02-09 00:00:00-05:00,62.45743942260742,62.594505310058594,61.7534294128418,61.83442306518555,60.472591400146484,10632457,0.0,0.0,GE
2022-02-10 00:00:00-05:00,61.29862976074219,62.725337982177734,61.0556526184082,61.54783630371094,60.19232177734375,8848717,0.0,0.0,GE
2022-02-11 00:00:00-05:00,61.69112777709961,62.44498062133789,59.915531158447266,60.32672119140625,58.99809646606445,11966771,0.0,0.0,GE
2022-02-14 00:00:00-05:00,60.25196075439453,60.68184280395508,59.535491943359375,60.18342971801758,58.857967376708984,11172731,0.0,0.0,GE
2022-02-15 00:00:00-05:00,61.04942321777344,63.16144943237305,61.02450180053711,62.87486267089844,61.4901237487793,10741924,0.0,0.0,GE
2022-02-16 00:00:00-05:00,62.357757568359375,63.49164962768555,62.233154296875,63.18014144897461,61.788673400878906,7850670,0.0,0.0,GE
2022-02-17 00:00:00-05:00,62.51974105834961,62.569583892822266,60.98088836669922,61.34223937988281,59.99125289916992,6229366,0.0,0.0,GE
2022-02-18 00:00:00-05:00,61.317317962646484,61.65998077392578,57.2677116394043,57.747432708740234,56.47561264038086,25110235,0.0,0.0,GE
2022-02-22 00:00:00-05:00,57.71628189086914,59.323665618896484,57.548065185546875,58.65703582763672,57.36519241333008,12349746,0.0,0.0,GE
2022-02-23 00:00:00-05:00,58.4327507019043,59.09938049316406,57.510684967041016,57.722511291503906,56.45124435424805,11839969,0.0,0.0,GE
2022-02-24 00:00:00-05:00,56.4390983581543,57.996639251708984,54.638580322265625,57.65398025512695,56.384212493896484,18285861,0.0,0.0,GE
2022-02-25 00:00:00-05:00,58.196006774902344,60.69430160522461,57.97794723510742,60.04013442993164,58.71782684326172,11191511,0.0,0.0,GE
2022-02-28 00:00:00-05:00,59.037078857421875,59.69747543334961,58.64457702636719,59.50434112548828,58.1938362121582,10142743,0.0,0.0,GE
2022-03-01 00:00:00-05:00,59.16168212890625,59.84700012207031,57.2365608215332,57.52314758300781,56.25627899169922,10806289,0.0,0.0,GE
2022-03-02 00:00:00-05:00,58.22715759277344,59.155452728271484,57.99040985107422,58.663265228271484,57.37127685546875,7131107,0.0,0.0,GE
2022-03-03 00:00:00-05:00,59.14921951293945,59.37350845336914,57.305091857910156,57.59790802001953,56.329383850097656,7420184,0.0,0.0,GE
2022-03-04 00:00:00-05:00,56.208580017089844,56.37056350708008,54.52643585205078,55.53572463989258,54.312625885009766,13545059,0.0,0.0,GE
2022-03-07 00:00:00-05:00,55.24290466308594,55.5793342590332,53.137107849121094,53.193180084228516,52.06839370727539,11428423,0.049841,0.0,GE
2022-03-08 00:00:00-05:00,54.22115707397461,56.35187530517578,53.29909133911133,54.91893768310547,53.75766372680664,11006283,0.0,0.0,GE
2022-03-09 00:00:00-05:00,56.98112106323242,57.9343376159668,56.7568359375,56.85028839111328,55.6481819152832,10394261,0.0,0.0,GE
2022-03-10 00:00:00-05:00,54.68218994140625,57.06834411621094,54.48282241821289,56.90013122558594,55.696964263916016,13026132,0.0,0.0,GE
2022-03-11 00:00:00-05:00,57.81596374511719,58.326839447021484,57.1057243347168,57.49199676513672,56.276309967041016,11342229,0.0,0.0,GE
2022-03-14 00:00:00-04:00,57.591678619384766,58.55735397338867,57.28017044067383,57.59790802001953,56.37998580932617,9700540,0.0,0.0,GE
2022-03-15 00:00:00-04:00,58.09632110595703,58.28945541381836,56.85651779174805,57.535606384277344,56.31899642944336,8189827,0.0,0.0,GE
2022-03-16 00:00:00-04:00,58.2333869934082,59.46072769165039,57.77858352661133,58.999698638916016,57.75212860107422,8954332,0.0,0.0,GE
2022-03-17 00:00:00-04:00,58.68818664550781,59.54172134399414,58.13370132446289,59.51679992675781,58.258296966552734,6982315,0.0,0.0,GE
2022-03-18 00:00:00-04:00,59.55418014526367,59.75354766845703,58.9124755859375,59.55418014526367,58.294883728027344,11872231,0.0,0.0,GE
2022-03-21 00:00:00-04:00,58.84394073486328,59.63517379760742,58.34552764892578,59.074459075927734,57.8253173828125,8799280,0.0,0.0,GE
2022-03-22 00:00:00-04:00,59.336124420166016,59.952911376953125,58.93739318847656,59.124298095703125,57.87410354614258,7730288,0.0,0.0,GE
2022-03-23 00:00:00-04:00,58.92493438720703,58.97477722167969,58.25830841064453,58.376678466796875,57.14229202270508,7854202,0.0,0.0,GE
2022-03-24 00:00:00-04:00,58.80656051635742,58.825252532958984,58.34552764892578,58.63834762573242,57.398433685302734,8561245,0.0,0.0,GE
2022-03-25 00:00:00-04:00,58.837711334228516,59.130531311035156,58.196006774902344,58.576045989990234,57.33743667602539,9227359,0.0,0.0,GE
2022-03-28 00:00:00-04:00,58.31437683105469,58.339298248291016,56.52008819580078,57.31755065917969,56.105552673339844,12069336,0.0,0.0,GE
2022-03-29 00:00:00-04:00,57.95302963256836,59.167911529541016,57.95302963256836,58.96854782104492,57.72163772583008,13794811,0.0,0.0,GE
2022-03-30 00:00:00-04:00,58.326839447021484,59.27382278442383,58.127471923828125,58.92493438720703,57.678955078125,9042452,0.0,0.0,GE
2022-03-31 00:00:00-04:00,58.40782928466797,58.532432556152344,56.98735046386719,57.00604248046875,55.80063247680664,13203013,0.0,0.0,GE
2022-04-01 00:00:00-04:00,57.379852294921875,57.66644287109375,56.763065338134766,57.62282943725586,56.40438461303711,9054811,0.0,0.0,GE
2022-04-04 00:00:00-04:00,57.42969512939453,57.51691436767578,56.632232666015625,57.33000946044922,56.11774826049805,8249536,0.0,0.0,GE
2022-04-05 00:00:00-04:00,57.1057243347168,57.52937698364258,56.015445709228516,56.133819580078125,54.94685745239258,10787509,0.0,0.0,GE
2022-04-06 00:00:00-04:00,55.67901611328125,56.17742919921875,54.713340759277344,56.015445709228516,54.83098602294922,10556215,0.0,0.0,GE
2022-04-07 00:00:00-04:00,55.959373474121094,56.121360778808594,54.25853729248047,55.73508834838867,54.556556701660156,11391666,0.0,0.0,GE
2022-04-08 00:00:00-04:00,55.753780364990234,56.23973083496094,55.211753845214844,55.9095344543457,54.72731018066406,6447980,0.0,0.0,GE
2022-04-11 00:00:00-04:00,55.78493118286133,57.06211471557617,55.46718978881836,55.86592102050781,54.68462371826172,8655143,0.0,0.0,GE
2022-04-12 00:00:00-04:00,56.07151794433594,56.9063606262207,55.635406494140625,56.07151794433594,54.8858642578125,7240254,0.0,0.0,GE
2022-04-13 00:00:00-04:00,56.171199798583984,56.974891662597656,56.06528854370117,56.538780212402344,55.34324645996094,6362268,0.0,0.0,GE
2022-04-14 00:00:00-04:00,56.71945571899414,57.41100311279297,56.464019775390625,56.588619232177734,55.39204406738281,6146543,0.0,0.0,GE
2022-04-18 00:00:00-04:00,56.67584228515625,57.00604248046875,56.00921630859375,56.32072448730469,55.12980651855469,6291965,0.0,0.0,GE
2022-04-19 00:00:00-04:00,56.56993103027344,57.47953414916992,56.56993103027344,57.2552490234375,56.04457092285156,7394824,0.0,0.0,GE
2022-04-20 00:00:00-04:00,57.629058837890625,58.00910186767578,56.85028839111328,56.94374084472656,55.739646911621094,6424385,0.0,0.0,GE
2022-04-21 00:00:00-04:00,57.90941619873047,58.42652130126953,56.962432861328125,57.143104553222656,55.93479919433594,7225326,0.0,0.0,GE
2022-04-22 00:00:00-04:00,56.62600326538086,56.881439208984375,55.436038970947266,55.49211120605469,54.31871795654297,7967682,0.0,0.0,GE
2022-04-25 00:00:00-04:00,55.136993408203125,56.07151794433594,53.940799713134766,55.99675369262695,54.81269454956055,11080599,0.0,0.0,GE
2022-04-26 00:00:00-04:00,52.9252815246582,53.099727630615234,48.85075378417969,50.208927154541016,49.147247314453125,46154289,0.0,0.0,GE
2022-04-27 00:00:00-04:00,49.84135055541992,50.9316291809082,48.51432418823242,48.72615051269531,47.69581985473633,20213257,0.0,0.0,GE
2022-04-28 00:00:00-04:00,48.83829116821289,49.03142547607422,47.255828857421875,48.427101135253906,47.40309143066406,19277327,0.0,0.0,GE
2022-04-29 00:00:00-04:00,48.2775764465332,48.676307678222656,46.32130432128906,46.44590759277344,45.46379089355469,16677077,0.0,0.0,GE
2022-05-02 00:00:00-04:00,46.15932083129883,47.24336624145508,45.23725509643555,47.06892395019531,46.07364273071289,18536095,0.0,0.0,GE
2022-05-03 00:00:00-04:00,47.87884521484375,48.76353073120117,47.336822509765625,48.383487701416016,47.36039733886719,12595004,0.0,0.0,GE
2022-05-04 00:00:00-04:00,48.713687896728516,50.32107162475586,48.1093635559082,50.10924530029297,49.0496711730957,12019739,0.0,0.0,GE
2022-05-05 00:00:00-04:00,49.455078125,49.89118957519531,48.321189880371094,48.962894439697266,47.92756271362305,11491503,0.0,0.0,GE
2022-05-06 00:00:00-04:00,48.80091094970703,48.83829116821289,47.467655181884766,48.738609313964844,47.7080192565918,8609237,0.0,0.0,GE
2022-05-09 00:00:00-04:00,47.835235595703125,47.9473762512207,45.193641662597656,45.46154022216797,44.5002326965332,11266308,0.0,0.0,GE
2022-05-10 00:00:00-04:00,46.103248596191406,46.53936004638672,44.32141876220703,45.67336654663086,44.70758819580078,10974181,0.0,0.0,GE
2022-05-11 00:00:00-04:00,45.9537239074707,46.464595794677734,44.894596099853516,45.13134002685547,44.17702865600586,12465152,0.0,0.0,GE
2022-05-12 00:00:00-04:00,44.695228576660156,46.23408126831055,44.340110778808594,45.6546745300293,44.689292907714844,13844409,0.0,0.0,GE
2022-05-13 00:00:00-04:00,46.34622573852539,47.330589294433594,46.19670104980469,46.757415771484375,45.76871109008789,8309406,0.0,0.0,GE
2022-05-16 00:00:00-04:00,46.296382904052734,46.97547149658203,45.93503189086914,46.49574661254883,45.512569427490234,10451563,0.0,0.0,GE
2022-05-17 00:00:00-04:00,47.4801139831543,48.096900939941406,47.218448638916016,47.598487854003906,46.592002868652344,7218585,0.0,0.0,GE
2022-05-18 00:00:00-04:00,47.1312255859375,47.673248291015625,46.61412048339844,46.850868225097656,45.860191345214844,11337253,0.0,0.0,GE
2022-05-19 00:00:00-04:00,46.72626495361328,47.68571090698242,46.38360595703125,47.18729782104492,46.18951416015625,9992827,0.0,0.0,GE
2022-05-20 00:00:00-04:00,47.41781234741211,47.623409271240234,45.64844512939453,46.88201904296875,45.89069366455078,11782667,0.0,0.0,GE
2022-05-23 00:00:00-04:00,47.36174011230469,47.598487854003906,46.73249435424805,47.01285171508789,46.01875686645508,8467508,0.0,0.0,GE
2022-05-24 00:00:00-04:00,46.558048248291016,46.64527130126953,44.894596099853516,46.427215576171875,45.445491790771484,9837776,0.0,0.0,GE
2022-05-25 00:00:00-04:00,45.773048400878906,46.470829010009766,45.24348449707031,46.433448791503906,45.451595306396484,11389740,0.0,0.0,GE
2022-05-26 00:00:00-04:00,46.86332702636719,48.41463851928711,46.53936004638672,47.9785270690918,46.96400833129883,7528368,0.0,0.0,GE
2022-05-27 00:00:00-04:00,48.15297317504883,49.081268310546875,47.966068267822266,49.068809509277344,48.03124237060547,7819853,0.0,0.0,GE
2022-05-31 00:00:00-04:00,48.56416320800781,49.24325180053711,48.4457893371582,48.7759895324707,47.74460983276367,8332038,0.0,0.0,GE
2022-06-01 00:00:00-04:00,49.26817321777344,49.49245834350586,47.7791633605957,48.296268463134766,47.27503204345703,9514991,0.0,0.0,GE
2022-06-02 00:00:00-04:00,48.6077766418457,49.006507873535156,48.07821273803711,48.595314025878906,47.567745208740234,9897164,0.0,0.0,GE
2022-06-03 00:00:00-04:00,47.8103141784668,48.06575012207031,47.14368438720703,47.953609466552734,46.93961715698242,8463013,0.0,0.0,GE
2022-06-06 00:00:00-04:00,48.53924560546875,48.7759895324707,47.829002380371094,47.97229766845703,46.957908630371094,7614722,0.0,0.0,GE
2022-06-07 00:00:00-04:00,47.91622543334961,48.68876647949219,47.45519256591797,48.595314025878906,47.567745208740234,8227386,0.0,0.0,GE
2022-06-08 00:00:00-04:00,47.7791633605957,48.76976013183594,47.673248291015625,48.07197952270508,47.05549240112305,5418794,0.0,0.0,GE
2022-06-09 00:00:00-04:00,47.90376663208008,48.003448486328125,46.57051086425781,46.589202880859375,45.604061126708984,8114548,0.0,0.0,GE
2022-06-10 00:00:00-04:00,45.49269104003906,45.57991409301758,44.07221221923828,44.37749099731445,43.43911361694336,15384656,0.0,0.0,GE
2022-06-13 00:00:00-04:00,43.28097915649414,43.61117935180664,41.82935333251953,42.19070053100586,41.2985725402832,15183217,0.0,0.0,GE
2022-06-14 00:00:00-04:00,42.3339958190918,42.932090759277344,42.072330474853516,42.396297454833984,41.499820709228516,8634919,0.0,0.0,GE
2022-06-15 00:00:00-04:00,42.96324157714844,43.62363815307617,42.240543365478516,43.05046463012695,42.14015579223633,10576600,0.0,0.0,GE
2022-06-16 00:00:00-04:00,41.76081848144531,41.89165496826172,40.40264129638672,40.6767692565918,39.816646575927734,14550650,0.0,0.0,GE
2022-06-17 00:00:00-04:00,40.61446762084961,41.57391357421875,40.20950698852539,41.11911392211914,40.2496452331543,14449368,0.0,0.0,GE
2022-06-21 00:00:00-04:00,42.028717041015625,42.40252685546875,40.938438415527344,40.96335983276367,40.0971794128418,12972362,0.0,0.0,GE
2022-06-22 00:00:00-04:00,39.98522186279297,40.745304107666016,39.9789924621582,40.20950698852539,39.35927200317383,15573094,0.0,0.0,GE
2022-06-23 00:00:00-04:00,40.10359573364258,40.545936584472656,39.299903869628906,39.916690826416016,39.07265090942383,10841280,0.0,0.0,GE
2022-06-24 00:00:00-04:00,40.284271240234375,42.34645462036133,40.13474655151367,41.791969299316406,40.90826416015625,16044991,0.0,0.0,GE
2022-06-27 00:00:00-04:00,42.03494644165039,42.3028450012207,41.20633316040039,41.56145477294922,40.73119354248047,10911904,0.049841,0.0,GE
2022-06-28 00:00:00-04:00,42.02248764038086,42.645503997802734,40.72038269042969,41.044349670410156,40.224422454833984,11313819,0.0,0.0,GE
2022-06-29 00:00:00-04:00,40.950897216796875,41.11911392211914,39.42450714111328,39.6799430847168,38.88728332519531,11088303,0.0,0.0,GE
2022-06-30 00:00:00-04:00,38.969703674316406,39.72355651855469,38.47751998901367,39.667484283447266,38.87506866455078,13967359,0.0,0.0,GE
2022-07-01 00:00:00-04:00,39.55533981323242,40.20950698852539,38.757877349853516,39.586490631103516,38.79568862915039,10997455,0.0,0.0,GE
2022-07-05 00:00:00-04:00,38.3217658996582,38.69557571411133,37.337398529052734,38.64573669433594,37.87373352050781,12889860,0.0,0.0,GE
2022-07-06 00:00:00-04:00,38.3529167175293,38.8513298034668,37.8358154296875,38.35914611816406,37.59286880493164,7852596,0.0,0.0,GE
2022-07-07 00:00:00-04:00,38.9821662902832,39.3310546875,38.589664459228516,39.25006103515625,38.46597671508789,10110160,0.0,0.0,GE
2022-07-08 00:00:00-04:00,39.17530059814453,40.109825134277344,38.75164794921875,39.40581512451172,38.618629455566406,9940822,0.0,0.0,GE
2022-07-11 00:00:00-04:00,38.87002182006836,39.0133171081543,38.26569747924805,38.57097244262695,37.80046081542969,7662393,0.0,0.0,GE
2022-07-12 00:00:00-04:00,38.0040283203125,40.203277587890625,38.0040283203125,39.26252365112305,38.47819900512695,11678496,0.0,0.0,GE
2022-07-13 00:00:00-04:00,38.65819549560547,39.06315612792969,38.13486099243164,38.63327407836914,37.861515045166016,6961770,0.0,0.0,GE
2022-07-14 00:00:00-04:00,38.0040283203125,38.10371017456055,37.381011962890625,38.06010055541992,37.29978942871094,8179393,0.0,0.0,GE
2022-07-15 00:00:00-04:00,38.67688751220703,39.243831634521484,37.997798919677734,39.162841796875,38.38050079345703,9391720,0.0,0.0,GE
2022-07-18 00:00:00-04:00,40.11605453491211,40.55839920043945,39.455657958984375,39.67371368408203,38.88117218017578,10607899,0.0,0.0,GE
2022-07-19 00:00:00-04:00,40.18458557128906,41.61752700805664,40.17212677001953,41.58014678955078,40.74951934814453,10070675,0.0,0.0,GE
2022-07-20 00:00:00-04:00,41.3060188293457,42.53959274291992,41.150264739990234,42.29661560058594,41.4516716003418,11004036,0.0,0.0,GE
2022-07-21 00:00:00-04:00,42.17824172973633,42.57697296142578,41.8044319152832,42.44614028930664,41.59821701049805,9551106,0.0,0.0,GE
2022-07-22 00:00:00-04:00,42.61435317993164,42.83863830566406,42.265464782714844,42.4835205078125,41.63484573364258,9009387,0.0,0.0,GE
2022-07-25 00:00:00-04:00,41.97887420654297,42.94455337524414,41.76081848144531,42.58943176269531,41.73863220214844,9468604,0.0,0.0,GE
2022-07-26 00:00:00-04:00,43.41181564331055,45.71074676513672,43.08161544799805,44.551937103271484,43.66195297241211,28957643,0.0,0.0,GE
2022-07-27 00:00:00-04:00,44.857215881347656,45.106422424316406,43.67348098754883,44.59554672241211,43.70468521118164,11570152,0.0,0.0,GE
2022-07-28 00:00:00-04:00,46.44590759277344,46.663963317871094,45.42416000366211,45.56745147705078,44.657169342041016,18063717,0.0,0.0,GE
2022-07-29 00:00:00-04:00,45.48023223876953,46.427215576171875,45.1251106262207,46.047176361083984,45.1273193359375,12729511,0.0,0.0,GE
2022-08-01 00:00:00-04:00,45.667137145996094,47.56733703613281,45.28709411621094,47.22467803955078,46.28129196166992,14685317,0.0,0.0,GE
2022-08-02 00:00:00-04:00,46.875789642333984,47.38043212890625,46.3026123046875,46.32753372192383,45.40206527709961,9290599,0.0,0.0,GE
2022-08-03 00:00:00-04:00,46.676422119140625,46.913169860839844,46.140628814697266,46.56428146362305,45.63408660888672,9678390,0.0,0.0,GE
2022-08-04 00:00:00-04:00,46.40852737426758,46.508209228515625,45.82912063598633,45.89765167236328,44.980770111083984,6942669,0.0,0.0,GE
2022-08-05 00:00:00-04:00,45.74812698364258,46.75118637084961,45.604835510253906,46.32753372192383,45.40206527709961,7447953,0.0,0.0,GE
2022-08-08 00:00:00-04:00,47.27452087402344,47.835235595703125,46.639041900634766,46.83840560913086,45.90273666381836,9833442,0.0,0.0,GE
2022-08-09 00:00:00-04:00,46.95677947998047,47.40535354614258,46.64527130126953,46.68265151977539,45.750099182128906,7581496,0.0,0.0,GE
2022-08-10 00:00:00-04:00,47.4801139831543,48.47071075439453,47.293209075927734,48.05952072143555,47.09945297241211,16331500,0.0,0.0,GE
2022-08-11 00:00:00-04:00,48.595314025878906,49.34916687011719,48.57039260864258,49.156028747558594,48.17406463623047,14557872,0.0,0.0,GE
2022-08-12 00:00:00-04:00,49.39900588989258,49.82265853881836,48.9442024230957,49.79773712158203,48.80295181274414,8273452,0.0,0.0,GE
2022-08-15 00:00:00-04:00,49.411468505859375,49.93479919433594,49.26817321777344,49.72297668457031,48.72968292236328,5467107,0.0,0.0,GE
2022-08-16 00:00:00-04:00,49.41769790649414,50.65127182006836,49.3055534362793,50.50797653198242,49.499000549316406,9268610,0.0,0.0,GE
2022-08-17 00:00:00-04:00,49.87873077392578,50.078094482421875,49.38031768798828,49.791507720947266,48.79685974121094,6485057,0.0,0.0,GE
2022-08-18 00:00:00-04:00,49.698055267333984,49.7728157043457,49.22456359863281,49.34916687011719,48.363346099853516,6421014,0.0,0.0,GE
2022-08-19 00:00:00-04:00,48.906822204589844,48.962894439697266,48.1405143737793,48.42087173461914,47.45358657836914,5801930,0.0,0.0,GE
2022-08-22 00:00:00-04:00,47.430274963378906,47.45519256591797,46.32753372192383,46.589202880859375,45.658512115478516,8143279,0.0,0.0,GE
2022-08-23 00:00:00-04:00,46.720035552978516,48.159202575683594,46.676422119140625,47.411582946777344,46.46445846557617,7642490,0.0,0.0,GE
2022-08-24 00:00:00-04:00,47.44273376464844,48.14674377441406,47.27452087402344,47.8103141784668,46.85523223876953,7649392,0.0,0.0,GE
2022-08-25 00:00:00-04:00,48.20281219482422,49.64198303222656,48.16543197631836,48.68253707885742,47.71002960205078,8349212,0.0,0.0,GE
2022-08-26 00:00:00-04:00,48.83829116821289,48.98158645629883,46.85709762573242,46.89447784423828,45.95768737792969,8628819,0.0,0.0,GE
2022-08-29 00:00:00-04:00,46.626583099365234,47.872615814208984,46.27769088745117,47.38043212890625,46.433937072753906,7868808,0.0,0.0,GE
2022-08-30 00:00:00-04:00,47.82277297973633,48.084442138671875,46.308841705322266,46.80725860595703,45.87221145629883,6886330,0.0,0.0,GE
2022-08-31 00:00:00-04:00,46.9817008972168,47.218448638916016,45.70451736450195,45.754356384277344,44.84034729003906,10274200,0.0,0.0,GE
2022-09-01 00:00:00-04:00,45.635986328125,45.635986328125,44.50209426879883,45.53007125854492,44.62052917480469,8002191,0.0,0.0,GE
2022-09-02 00:00:00-04:00,45.972412109375,46.32753372192383,44.92574691772461,45.1251106262207,44.22366714477539,6479760,0.0,0.0,GE
2022-09-06 00:00:00-04:00,45.16872024536133,45.255943298339844,44.32141876220703,44.9568977355957,44.05881881713867,6472859,0.0,0.0,GE
2022-09-07 00:00:00-04:00,44.7949104309082,45.941261291503906,44.682769775390625,45.84157943725586,44.92582702636719,5494394,0.0,0.0,GE
2022-09-08 00:00:00-04:00,45.193641662597656,46.1530876159668,44.90705490112305,45.95995330810547,45.041831970214844,5810597,0.0,0.0,GE
2022-09-09 00:00:00-04:00,46.433448791503906,46.70757293701172,45.90388107299805,46.12816619873047,45.20668411254883,10795534,0.0,0.0,GE
2022-09-12 00:00:00-04:00,46.35868453979492,47.65456008911133,46.26523208618164,46.925628662109375,45.98821258544922,11661482,0.0,0.0,GE
2022-09-13 00:00:00-04:00,45.642215728759766,46.01602554321289,43.99745178222656,44.13451385498047,43.25286102294922,11574005,0.0,0.0,GE
2022-09-14 00:00:00-04:00,44.04729080200195,44.234195709228516,42.78879928588867,43.6298713684082,42.758296966552734,9968109,0.0,0.0,GE
2022-09-15 00:00:00-04:00,43.474117279052734,44.103363037109375,42.8324089050293,42.932090759277344,42.07445526123047,7908775,0.0,0.0,GE
2022-09-16 00:00:00-04:00,40.745304107666016,41.492923736572266,40.608238220214844,41.36208724975586,40.53581619262695,22966955,0.0,0.0,GE
2022-09-19 00:00:00-04:00,40.86367416381836,42.04740905761719,40.782684326171875,41.77328109741211,40.93880081176758,8045047,0.0,0.0,GE
2022-09-20 00:00:00-04:00,41.399471282958984,41.86673355102539,41.08173370361328,41.4866943359375,40.65792465209961,8379870,0.0,0.0,GE
2022-09-21 00:00:00-04:00,41.75458908081055,41.78573989868164,40.59577941894531,40.63315963745117,39.82145309448242,10164733,0.0,0.0,GE
2022-09-22 00:00:00-04:00,40.496097564697266,40.938438415527344,40.19704818725586,40.72038269042969,39.906925201416016,11345279,0.0,0.0,GE
2022-09-23 00:00:00-04:00,40.215736389160156,40.545936584472656,39.59272003173828,40.215736389160156,39.41237258911133,13124524,0.0,0.0,GE
2022-09-26 00:00:00-04:00,40.203277587890625,41.21879577636719,40.00391387939453,40.09113311767578,39.33900833129883,16780605,0.049841,0.0,GE
2022-09-27 00:00:00-04:00,40.40264129638672,40.689231872558594,39.56780242919922,40.165897369384766,39.41237258911133,12596770,0.0,0.0,GE
2022-09-28 00:00:00-04:00,40.489864349365234,40.533477783203125,39.991451263427734,40.15966796875,39.40625762939453,10686228,0.0,0.0,GE
2022-09-29 00:00:00-04:00,39.72978591918945,39.941612243652344,38.577205657958984,39.08184814453125,38.348655700683594,14124337,0.0,0.0,GE
2022-09-30 00:00:00-04:00,39.02577590942383,39.43073654174805,38.552284240722656,38.57097244262695,37.84736633300781,12709126,0.0,0.0,GE
2022-10-03 00:00:00-04:00,39.10053634643555,40.109825134277344,38.720497131347656,39.623870849609375,38.88050842285156,8721754,0.0,0.0,GE
2022-10-04 00:00:00-04:00,40.42133331298828,42.14086151123047,40.415103912353516,42.07855987548828,41.289154052734375,12441557,0.0,0.0,GE
2022-10-05 00:00:00-04:00,41.54899215698242,42.49597930908203,41.150264739990234,42.016258239746094,41.22801971435547,9327837,0.0,0.0,GE
2022-10-06 00:00:00-04:00,41.57391357421875,42.04117965698242,40.988277435302734,41.25617599487305,40.482200622558594,7953396,0.0,0.0,GE
2022-10-07 00:00:00-04:00,40.876136779785156,40.98204803466797,39.93538284301758,40.22196960449219,39.46739196777344,6856315,0.0,0.0,GE
2022-10-10 00:00:00-04:00,40.52724838256836,40.88236618041992,39.91046142578125,40.48363494873047,39.724143981933594,5764210,0.0,0.0,GE
2022-10-11 00:00:00-04:00,40.1783561706543,40.6580810546875,39.299903869628906,39.873077392578125,39.12504196166992,8500412,0.0,0.0,GE
2022-10-12 00:00:00-04:00,39.6799430847168,40.75776290893555,39.28744125366211,40.334110260009766,39.57742691040039,8598323,0.0,0.0,GE
2022-10-13 00:00:00-04:00,39.6799430847168,42.58943176269531,39.36843490600586,42.32776641845703,41.53367614746094,12818915,0.0,0.0,GE
2022-10-14 00:00:00-04:00,42.55205154418945,42.85110092163086,41.860504150390625,42.09724807739258,41.307491302490234,9106174,0.0,0.0,GE
2022-10-17 00:00:00-04:00,42.95701217651367,43.72955322265625,42.6330451965332,42.75764846801758,41.95549392700195,8251944,0.0,0.0,GE
2022-10-18 00:00:00-04:00,43.72955322265625,44.32141876220703,43.567569732666016,44.04729080200195,43.220951080322266,9806637,0.0,0.0,GE
2022-10-19 00:00:00-04:00,43.779396057128906,44.221736907958984,43.199989318847656,43.94137954711914,43.117027282714844,8408280,0.0,0.0,GE
2022-10-20 00:00:00-04:00,44.08467483520508,44.61423873901367,43.50526809692383,43.592491149902344,42.77467346191406,9609852,0.0,0.0,GE
2022-10-21 00:00:00-04:00,43.61117935180664,45.417930603027344,43.45542526245117,45.36808776855469,44.516963958740234,10352529,0.0,0.0,GE
2022-10-24 00:00:00-04:00,45.48023223876953,46.3026123046875,45.336936950683594,45.70451736450195,44.84708023071289,10913990,0.0,0.0,GE
2022-10-25 00:00:00-04:00,46.72626495361328,46.88201904296875,44.28403854370117,45.48023223876953,44.62700271606445,15445168,0.0,0.0,GE
2022-10-26 00:00:00-04:00,45.66090774536133,47.741783142089844,45.598602294921875,47.01285171508789,46.1308708190918,12975572,0.0,0.0,GE
2022-10-27 00:00:00-04:00,47.53618621826172,48.36479949951172,47.2807502746582,47.349281311035156,46.46098709106445,10105505,0.0,0.0,GE
2022-10-28 00:00:00-04:00,47.7791633605957,48.82583236694336,47.71063232421875,48.80091094970703,47.88538360595703,8648081,0.0,0.0,GE
2022-10-31 00:00:00-04:00,48.458251953125,49.13111114501953,48.3087272644043,48.4769401550293,47.56748580932617,10585428,0.0,0.0,GE
2022-11-01 00:00:00-04:00,48.9442024230957,49.89741897583008,48.252655029296875,48.72615051269531,47.81202697753906,9174391,0.0,0.0,GE
2022-11-02 00:00:00-04:00,48.65138626098633,49.62952423095703,48.14674377441406,48.22150421142578,47.31684875488281,10230221,0.0,0.0,GE
2022-11-03 00:00:00-04:00,47.89130783081055,49.081268310546875,47.70439910888672,48.832061767578125,47.91594696044922,13947456,0.0,0.0,GE
2022-11-04 00:00:00-04:00,49.83511734008789,50.564048767089844,49.486228942871094,50.50797653198242,49.5604248046875,11558435,0.0,0.0,GE
2022-11-07 00:00:00-05:00,50.53289794921875,52.233734130859375,50.50797653198242,51.996986389160156,51.02150344848633,12864178,0.0,0.0,GE
2022-11-08 00:00:00-05:00,52.20881271362305,52.7757568359375,51.49234390258789,52.33341598510742,51.351619720458984,10052376,0.0,0.0,GE
2022-11-09 00:00:00-05:00,51.84746170043945,52.825599670410156,51.64809799194336,51.80385208129883,50.83198547363281,7961743,0.0,0.0,GE
2022-11-10 00:00:00-05:00,53.099727630615234,53.37385559082031,52.4268684387207,53.193180084228516,52.195247650146484,13786304,0.0,0.0,GE
2022-11-11 00:00:00-05:00,53.442386627197266,54.06540298461914,53.04988479614258,53.772586822509766,52.76378631591797,12490513,0.0,0.0,GE
2022-11-14 00:00:00-05:00,53.56698989868164,54.264766693115234,53.37385559082031,53.47353744506836,52.4703483581543,7906367,0.0,0.0,GE
2022-11-15 00:00:00-05:00,53.91587829589844,54.58873748779297,53.716514587402344,54.28968811035156,53.27119064331055,7913108,0.0,0.0,GE
2022-11-16 00:00:00-05:00,54.096553802490234,54.15885543823242,52.73837661743164,52.89413070678711,51.90181350708008,7629328,0.0,0.0,GE
2022-11-17 00:00:00-05:00,52.17766189575195,53.4361572265625,51.84123229980469,53.19940948486328,52.20136642456055,7466411,0.0,0.0,GE
2022-11-18 00:00:00-05:00,53.884727478027344,54.29591751098633,52.862979888916016,53.2554817199707,52.256378173828125,6555521,0.0,0.0,GE
2022-11-21 00:00:00-05:00,53.02496337890625,53.57944869995117,52.7882194519043,53.51091766357422,52.50702667236328,5247691,0.0,0.0,GE
2022-11-22 00:00:00-05:00,53.766353607177734,54.570045471191406,53.57944869995117,54.389373779296875,53.36901092529297,6797569,0.0,0.0,GE
2022-11-23 00:00:00-05:00,54.22115707397461,54.80056381225586,54.16508483886719,54.74449157714844,53.717464447021484,5867738,0.0,0.0,GE
2022-11-25 00:00:00-05:00,54.638580322265625,55.06222915649414,54.42052459716797,54.91270446777344,53.88251495361328,3040207,0.0,0.0,GE
2022-11-28 00:00:00-05:00,54.32706832885742,54.55135726928711,53.056114196777344,53.24925231933594,52.250274658203125,6876058,0.0,0.0,GE
2022-11-29 00:00:00-05:00,53.4236946105957,53.52960968017578,52.93151092529297,53.36762237548828,52.366416931152344,7205262,0.0,0.0,GE
2022-11-30 00:00:00-05:00,53.35516357421875,53.79750442504883,51.828773498535156,53.560760498046875,52.555938720703125,11654259,0.0,0.0,GE
2022-12-01 00:00:00-05:00,53.71028137207031,53.95949172973633,52.87544250488281,53.11841583251953,52.121891021728516,6806718,0.0,0.0,GE
2022-12-02 00:00:00-05:00,52.68853759765625,54.17131423950195,52.58885192871094,54.12770462036133,53.112247467041016,7191459,0.0,0.0,GE
2022-12-05 00:00:00-05:00,53.479766845703125,53.610599517822266,52.719688415527344,52.744606018066406,51.755096435546875,7568656,0.0,0.0,GE
2022-12-06 00:00:00-05:00,53.95949172973633,54.264766693115234,52.6262321472168,53.13087844848633,52.134117126464844,9444207,0.0,0.0,GE
2022-12-07 00:00:00-05:00,52.9564323425293,53.62929153442383,52.84429168701172,52.9564323425293,51.962947845458984,7801715,0.0,0.0,GE
2022-12-08 00:00:00-05:00,53.33024215698242,53.69782257080078,51.51726531982422,52.102901458740234,51.12543869018555,10334231,0.0,0.0,GE
2022-12-09 00:00:00-05:00,52.0966682434082,52.20881271362305,50.669960021972656,50.74472427368164,49.79273223876953,8899117,0.0,0.0,GE
2022-12-12 00:00:00-05:00,50.91293716430664,51.87238311767578,50.483055114746094,51.84123229980469,50.86866760253906,7480054,0.0,0.0,GE
2022-12-13 00:00:00-05:00,52.68853759765625,52.89413070678711,51.04376983642578,51.63563537597656,50.666934967041016,12391318,0.0,0.0,GE
2022-12-14 00:00:00-05:00,51.324127197265625,51.92222595214844,50.67618942260742,50.75718307495117,49.85307312011719,12271899,0.049841,0.0,GE
2022-12-15 00:00:00-05:00,49.88496017456055,50.59519958496094,48.906822204589844,49.09996032714844,48.22538375854492,15598294,0.0,0.0,GE
2022-12-16 00:00:00-05:00,48.464481353759766,48.81336975097656,47.7791633605957,48.37725830078125,47.515541076660156,15978540,0.0,0.0,GE
2022-12-19 00:00:00-05:00,48.1280517578125,48.81336975097656,48.096900939941406,48.632694244384766,47.76642990112305,7061125,0.0,0.0,GE
2022-12-20 00:00:00-05:00,48.620235443115234,50.33976364135742,48.501861572265625,50.04694366455078,49.15549087524414,11196647,0.0,0.0,GE
2022-12-21 00:00:00-05:00,50.48928451538086,52.077980041503906,50.445674896240234,51.697940826416016,50.77708053588867,12127441,0.0,0.0,GE
2022-12-22 00:00:00-05:00,51.199527740478516,51.52972412109375,50.01579284667969,50.944087982177734,50.03665542602539,9730074,0.0,0.0,GE
2022-12-23 00:00:00-05:00,50.906707763671875,51.330360412597656,50.43944549560547,50.95655059814453,50.04889678955078,5286213,0.0,0.0,GE
2022-12-27 00:00:00-05:00,51.08738327026367,51.76647186279297,51.025081634521484,51.6107177734375,50.69140625,6804792,0.0,0.0,GE
2022-12-28 00:00:00-05:00,51.70417022705078,51.81631088256836,50.65127182006836,51.06869125366211,50.159034729003906,6210907,0.0,0.0,GE
2022-12-29 00:00:00-05:00,51.24313735961914,52.27734375,51.08738327026367,52.17766189575195,51.248252868652344,7088733,0.0,0.0,GE
2022-12-30 00:00:00-05:00,51.654327392578125,52.352108001708984,51.57333755493164,52.20258331298828,51.272727966308594,6625342,0.0,0.0,GE
2023-01-03 00:00:00-05:00,52.364566802978516,53.01250457763672,52.04682922363281,52.943973541259766,52.00092315673828,10280781,0.0,0.0,GE
2023-01-04 00:00:00-05:00,54.59696578979492,56.02553939819336,53.27214813232422,56.02553939819336,55.027584075927734,21031104,0.0,1.281,GE
2023-01-05 00:00:00-05:00,55.78611373901367,57.10295486450195,55.06783676147461,56.895450592041016,55.88200378417969,16001061,0.0,0.0,GE
2023-01-06 00:00:00-05:00,57.47007369995117,57.725460052490234,56.46448516845703,57.414207458496094,56.391517639160156,13018044,0.0,0.0,GE
2023-01-09 00:00:00-05:00,57.46208953857422,58.98643112182617,57.43016815185547,57.99680709838867,56.963748931884766,9488844,0.0,0.0,GE
2023-01-10 00:00:00-05:00,57.621707916259766,60.151634216308594,57.621707916259766,60.07182693481445,59.001808166503906,11597142,0.0,0.0,GE
2023-01-11 00:00:00-05:00,60.510772705078125,62.011173248291016,60.26336669921875,62.00319290161133,60.898765563964844,12729603,0.0,0.0,GE
2023-01-12 00:00:00-05:00,62.15482711791992,63.21628189086914,61.683956146240234,62.93695068359375,61.815895080566406,14407871,0.0,0.0,GE
2023-01-13 00:00:00-05:00,62.873104095458984,64.32562255859375,62.64963912963867,64.00638580322266,62.866275787353516,13843395,0.0,0.0,GE
2023-01-17 00:00:00-05:00,63.782920837402344,64.37350463867188,63.65522766113281,64.23783111572266,63.09360122680664,10640727,0.0,0.0,GE
2023-01-18 00:00:00-05:00,64.59696960449219,64.78850555419922,63.16041564941406,63.26416778564453,62.13727951049805,9816378,0.0,0.0,GE
2023-01-19 00:00:00-05:00,62.20271301269531,62.84916305541992,61.189144134521484,61.340782165527344,60.24816131591797,13045860,0.0,0.0,GE
2023-01-20 00:00:00-05:00,61.92338562011719,62.05107879638672,60.39105987548828,61.99521255493164,60.89093017578125,10351409,0.0,0.0,GE
2023-01-23 00:00:00-05:00,61.93934631347656,63.862728118896484,61.883480072021484,63.6632080078125,62.52920913696289,13729748,0.0,0.0,GE
2023-01-24 00:00:00-05:00,62.2505989074707,64.52513885498047,61.827613830566406,64.40542602539062,63.25822448730469,16767395,0.0,0.0,GE
2023-01-25 00:00:00-05:00,63.67118835449219,64.92417907714844,63.39186096191406,64.47725677490234,63.328758239746094,10652380,0.0,0.0,GE
2023-01-26 00:00:00-05:00,65.0279312133789,65.10774230957031,63.94253921508789,64.75658416748047,63.60310363769531,8158534,0.0,0.0,GE
2023-01-27 00:00:00-05:00,64.64485168457031,67.0311279296875,64.5650405883789,66.4245834350586,65.24141693115234,9760244,0.0,0.0,GE
2023-01-30 00:00:00-05:00,65.77014923095703,66.04149627685547,64.38148498535156,64.5091781616211,63.360111236572266,7175806,0.0,0.0,GE
2023-01-31 00:00:00-05:00,64.2059097290039,64.57302856445312,63.42378234863281,64.22985076904297,63.08576583862305,8625026,0.0,0.0,GE
2023-02-01 00:00:00-05:00,64.06224822998047,65.81803894042969,63.8547477722168,65.69832611083984,64.52806854248047,9112192,0.0,0.0,GE
2023-02-02 00:00:00-05:00,65.59457397460938,67.06304931640625,65.36312866210938,66.99121856689453,65.79795837402344,10391129,0.0,0.0,GE
2023-02-03 00:00:00-05:00,66.6480484008789,66.79170227050781,65.29927825927734,65.4110107421875,64.24588775634766,7240085,0.0,0.0,GE
2023-02-06 00:00:00-05:00,65.01995086669922,65.7940902709961,64.83639526367188,65.7222671508789,64.55160522460938,5425114,0.0,0.0,GE
2023-02-07 00:00:00-05:00,65.42697143554688,65.73822784423828,64.2777328491211,65.53072357177734,64.36346435546875,5891982,0.0,0.0,GE
2023-02-08 00:00:00-05:00,65.1955337524414,65.92179107666016,64.88427734375,65.4110107421875,64.24588775634766,4269472,0.0,0.0,GE
2023-02-09 00:00:00-05:00,65.71428680419922,65.94573211669922,64.19792175292969,64.47725677490234,63.328758239746094,4838334,0.0,0.0,GE
2023-02-10 00:00:00-05:00,64.49321746826172,64.92417907714844,64.16600036621094,64.87629699707031,63.7206916809082,4373095,0.0,0.0,GE
2023-02-13 00:00:00-05:00,64.8044662475586,66.17717742919922,64.70870208740234,65.98563385009766,64.81028747558594,5114245,0.0,0.0,GE
2023-02-14 00:00:00-05:00,65.54668426513672,66.88746643066406,65.4110107421875,66.67198944091797,65.48439025878906,6726731,0.0,0.0,GE
2023-02-15 00:00:00-05:00,65.92977142333984,67.66959381103516,65.7940902709961,67.65363311767578,66.44854736328125,7305617,0.0,0.0,GE
2023-02-16 00:00:00-05:00,66.72785186767578,67.4700698852539,66.22505950927734,67.07901000976562,65.8841781616211,5645893,0.0,0.0,GE
2023-02-17 00:00:00-05:00,66.7118911743164,66.89545440673828,65.62649536132812,66.27294158935547,65.09246826171875,5543523,0.0,0.0,GE
2023-02-21 00:00:00-05:00,65.55467224121094,66.54429626464844,65.29129791259766,65.65043640136719,64.48104095458984,5101965,0.0,0.0,GE
2023-02-22 00:00:00-05:00,65.57063293457031,67.30247497558594,65.52274322509766,66.39265441894531,65.21004486083984,10829053,0.0,0.0,GE
2023-02-23 00:00:00-05:00,66.632080078125,67.36631774902344,65.36312866210938,66.1931381225586,65.01408386230469,10120732,0.0,0.0,GE
2023-02-24 00:00:00-05:00,65.25139617919922,66.863525390625,65.16360473632812,66.67996978759766,65.49224853515625,8704340,0.0,0.0,GE
2023-02-27 00:00:00-05:00,67.03910827636719,67.72545623779297,66.632080078125,66.91141510009766,65.71956634521484,8007297,0.0,0.0,GE
2023-02-28 00:00:00-05:00,66.73583221435547,68.35594940185547,66.60813903808594,67.60574340820312,66.40152740478516,11441143,0.0,0.0,GE
2023-03-01 00:00:00-05:00,67.56584167480469,68.12450408935547,66.83958435058594,67.15084075927734,65.95471954345703,7512988,0.0,0.0,GE
2023-03-02 00:00:00-05:00,66.7198715209961,68.41979217529297,66.54429626464844,68.41181182861328,67.19325256347656,8546337,0.0,0.0,GE
2023-03-03 00:00:00-05:00,68.55546569824219,69.46528625488281,67.95690155029297,68.93854522705078,67.7105941772461,9618780,0.0,0.0,GE
2023-03-06 00:00:00-05:00,69.14604949951172,70.0877914428711,69.0103759765625,69.48124694824219,68.30689239501953,8084105,0.063847,0.0,GE
2023-03-07 00:00:00-05:00,69.40143585205078,69.89624786376953,68.71508026123047,68.94652557373047,67.78120422363281,8643445,0.0,0.0,GE
2023-03-08 00:00:00-05:00,69.24980163574219,69.76057434082031,68.6911392211914,69.41739654541016,68.24410247802734,7598067,0.0,0.0,GE
2023-03-09 00:00:00-05:00,71.79569244384766,75.77014923095703,71.64405059814453,73.07262420654297,71.83756256103516,35826152,0.0,0.0,GE
2023-03-10 00:00:00-05:00,73.3439712524414,75.1795654296875,72.45809936523438,72.62569427490234,71.39817810058594,23152683,0.0,0.0,GE
2023-03-13 00:00:00-04:00,71.58818817138672,72.41021728515625,69.96009826660156,71.00558471679688,69.80545043945312,14201502,0.0,0.0,GE
2023-03-14 00:00:00-04:00,72.7613754272461,74.28571319580078,71.98722839355469,72.7613754272461,71.53157043457031,14218418,0.0,0.0,GE
2023-03-15 00:00:00-04:00,71.02154541015625,71.63607025146484,68.99441528320312,71.63607025146484,70.42528533935547,15107797,0.0,0.0,GE
2023-03-16 00:00:00-04:00,71.34876251220703,73.50359344482422,70.68635559082031,73.39984130859375,72.15925598144531,10183883,0.0,0.0,GE
2023-03-17 00:00:00-04:00,73.25618743896484,73.2881088256836,71.3088607788086,72.0590591430664,70.84112548828125,12765689,0.0,0.0,GE
2023-03-20 00:00:00-04:00,72.33040618896484,72.80925750732422,71.35674285888672,71.76376342773438,70.55082702636719,8705343,0.0,0.0,GE
2023-03-21 00:00:00-04:00,72.60973358154297,74.25379180908203,72.5937728881836,73.56743621826172,72.3239974975586,8553980,0.0,0.0,GE
2023-03-22 00:00:00-04:00,73.8148422241211,73.90263366699219,71.46847534179688,71.50039672851562,70.29190826416016,8784783,0.0,0.0,GE
2023-03-23 00:00:00-04:00,72.33040618896484,74.18196105957031,72.25060272216797,73.09656524658203,71.86109924316406,10834691,0.0,0.0,GE
2023-03-24 00:00:00-04:00,72.28252410888672,73.70310974121094,72.08300018310547,72.92098999023438,71.68849182128906,8342975,0.0,0.0,GE
2023-03-27 00:00:00-04:00,73.64724731445312,74.7326431274414,73.5115737915039,74.46927642822266,73.21060180664062,7524516,0.0,0.0,GE
2023-03-28 00:00:00-04:00,74.49321746826172,74.81244659423828,73.87071228027344,74.3335952758789,73.07721710205078,5023152,0.0,0.0,GE
2023-03-29 00:00:00-04:00,74.99600982666016,75.35514831542969,74.75658416748047,75.06784057617188,73.79904174804688,6162254,0.0,0.0,GE
2023-03-30 00:00:00-04:00,74.98004913330078,75.2673568725586,74.66879272460938,75.05985260009766,73.79119873046875,6623107,0.0,0.0,GE
2023-03-31 00:00:00-04:00,75.44293975830078,76.35275268554688,75.2673568725586,76.29689025878906,75.00733184814453,9247391,0.0,0.0,GE
2023-04-03 00:00:00-04:00,76.4166030883789,77.36631774902344,76.1053466796875,77.35035705566406,76.04299926757812,6199468,0.0,0.0,GE
2023-04-04 00:00:00-04:00,77.38228607177734,78.1085433959961,75.55467224121094,75.85794067382812,74.57579040527344,8554983,0.0,0.0,GE
2023-04-05 00:00:00-04:00,75.80207824707031,76.07342529296875,74.74860382080078,75.21947479248047,73.94812774658203,10642230,0.0,0.0,GE
2023-04-06 00:00:00-04:00,75.11572265625,75.33120727539062,74.65283203125,74.70072174072266,73.4381332397461,8025340,0.0,0.0,GE
2023-04-10 00:00:00-04:00,74.88427734375,75.81005859375,74.70870208740234,75.30726623535156,74.03443908691406,7499832,0.0,0.0,GE
2023-04-11 00:00:00-04:00,75.42697143554688,75.7861099243164,74.92417907714844,74.94812774658203,73.68135070800781,6663078,0.0,0.0,GE
2023-04-12 00:00:00-04:00,75.22745513916016,75.55467224121094,74.86831665039062,75.09976196289062,73.83043670654297,8768118,0.0,0.0,GE
2023-04-13 00:00:00-04:00,75.32322692871094,75.57063293457031,74.59696960449219,75.2593765258789,73.98734283447266,11044694,0.0,0.0,GE
2023-04-14 00:00:00-04:00,74.90821838378906,76.32881164550781,74.86831665039062,76.16919708251953,74.88179779052734,7211767,0.0,0.0,GE
2023-04-17 00:00:00-04:00,76.31285095214844,77.29449462890625,76.20111846923828,77.23064422607422,75.92530059814453,7676003,0.0,0.0,GE
2023-04-18 00:00:00-04:00,77.4142074584961,78.6272964477539,77.30247497558594,78.58738708496094,77.25912475585938,8909832,0.0,0.0,GE
2023-04-19 00:00:00-04:00,78.67517852783203,79.25778198242188,78.5474853515625,79.03431701660156,77.698486328125,7038101,0.0,0.0,GE
2023-04-20 00:00:00-04:00,79.24980163574219,80.18355560302734,79.05825805664062,79.6169204711914,78.27123260498047,8661237,0.0,0.0,GE
2023-04-21 00:00:00-04:00,79.79249572753906,79.87230682373047,79.11412811279297,79.41739654541016,78.07508850097656,5112741,0.0,0.0,GE
2023-04-24 00:00:00-04:00,79.4732666015625,80.42298126220703,79.4732666015625,79.92816925048828,78.5772476196289,7833505,0.0,0.0,GE
2023-04-25 00:00:00-04:00,81.3647232055664,81.41261291503906,77.8531494140625,78.56344604492188,77.2355728149414,11649768,0.0,0.0,GE
2023-04-26 00:00:00-04:00,78.3958511352539,78.57142639160156,76.68795013427734,76.78372192382812,75.4859390258789,8032357,0.0,0.0,GE
2023-04-27 00:00:00-04:00,77.43016815185547,78.36392974853516,77.094970703125,78.26017761230469,76.93742370605469,9348633,0.0,0.0,GE
2023-04-28 00:00:00-04:00,77.51795959472656,79.58499908447266,77.31843566894531,78.98643493652344,77.65142059326172,6279159,0.0,0.0,GE
2023-05-01 00:00:00-04:00,79.40143585205078,81.40463256835938,79.3056640625,80.75019836425781,79.38536834716797,7408237,0.0,0.0,GE
2023-05-02 00:00:00-04:00,80.2952880859375,81.42857360839844,79.96009826660156,81.01356506347656,79.64427947998047,7485046,0.0,0.0,GE
2023-05-03 00:00:00-04:00,81.3088607788086,82.16281127929688,80.85395050048828,81.2210693359375,79.8482666015625,5917543,0.0,0.0,GE
2023-05-04 00:00:00-04:00,80.99760437011719,81.20510864257812,77.74142456054688,79.26576232910156,77.92603302001953,9055431,0.0,0.0,GE
2023-05-05 00:00:00-04:00,80.27134704589844,81.21308898925781,79.60894012451172,80.0,78.64784240722656,6302841,0.0,0.0,GE
2023-05-08 00:00:00-04:00,79.98403930664062,80.6943359375,79.98403930664062,80.5427017211914,79.181396484375,4282128,0.0,0.0,GE
2023-05-09 00:00:00-04:00,80.42298126220703,81.32482147216797,80.42298126220703,80.6065444946289,79.24414825439453,6520737,0.0,0.0,GE
2023-05-10 00:00:00-04:00,80.9896240234375,81.1412582397461,78.57940673828125,79.44133758544922,78.09864044189453,5053224,0.0,0.0,GE
2023-05-11 00:00:00-04:00,79.3296127319336,79.79249572753906,78.8667221069336,79.41739654541016,78.07508850097656,5117628,0.0,0.0,GE
2023-05-12 00:00:00-04:00,79.4732666015625,79.80845642089844,77.98084259033203,78.85076141357422,77.51803588867188,4332874,0.0,0.0,GE
2023-05-15 00:00:00-04:00,79.12210845947266,81.65203857421875,79.02633666992188,81.40463256835938,80.02875518798828,7973716,0.0,0.0,GE
2023-05-16 00:00:00-04:00,80.79010772705078,81.58818817138672,80.51875305175781,80.71029663085938,79.34614562988281,5523851,0.0,0.0,GE
2023-05-17 00:00:00-04:00,81.3008804321289,82.66560363769531,81.04549407958984,82.57781219482422,81.18209075927734,6871703,0.0,0.0,GE
2023-05-18 00:00:00-04:00,82.11492156982422,83.22425842285156,81.18914794921875,83.00878143310547,81.60577392578125,5772320,0.0,0.0,GE
2023-05-19 00:00:00-04:00,83.41580200195312,84.42138671875,82.87310791015625,83.20829772949219,81.80191802978516,7230687,0.0,0.0,GE
2023-05-22 00:00:00-04:00,83.08060455322266,84.54907989501953,83.08060455322266,83.43974304199219,82.0294418334961,4996087,0.0,0.0,GE
2023-05-23 00:00:00-04:00,82.88906860351562,83.11253356933594,80.83000946044922,81.16520690917969,79.79335021972656,5738239,0.0,0.0,GE
2023-05-24 00:00:00-04:00,80.83000946044922,80.98164367675781,79.73663330078125,80.59058380126953,79.22845458984375,6275400,0.0,0.0,GE
2023-05-25 00:00:00-04:00,80.92578125,81.47645568847656,80.23942565917969,81.02154541015625,79.65213775634766,6737506,0.0,0.0,GE
2023-05-26 00:00:00-04:00,81.0774154663086,82.96089172363281,81.05347442626953,81.99520874023438,80.60933685302734,6796523,0.0,0.0,GE
2023-05-30 00:00:00-04:00,82.21867370605469,82.25857543945312,80.33519744873047,81.72386169433594,80.34258270263672,7098370,0.0,0.0,GE
2023-05-31 00:00:00-04:00,80.86193084716797,81.27693176269531,79.57701873779297,81.02952575683594,79.65997314453125,13358734,0.0,0.0,GE
2023-06-01 00:00:00-04:00,80.77413940429688,83.93455505371094,80.66240692138672,83.53551483154297,82.12359619140625,7797043,0.0,0.0,GE
2023-06-02 00:00:00-04:00,84.19792175292969,85.16360473632812,83.4317626953125,84.43734741210938,83.01017761230469,7477278,0.0,0.0,GE
2023-06-05 00:00:00-04:00,84.43734741210938,84.43734741210938,83.08060455322266,83.08060455322266,81.67638397216797,5108732,0.0,0.0,GE
2023-06-06 00:00:00-04:00,83.26416778564453,84.68475341796875,83.08060455322266,84.16600036621094,82.74344635009766,7794036,0.0,0.0,GE
2023-06-07 00:00:00-04:00,85.10774230957031,85.65841674804688,84.30965423583984,84.66081237792969,83.22987365722656,9121088,0.0,0.0,GE
2023-06-08 00:00:00-04:00,84.46927642822266,85.57063293457031,84.30167388916016,84.65283203125,83.22203826904297,4477596,0.0,0.0,GE
2023-06-09 00:00:00-04:00,84.82841491699219,85.0359115600586,83.86273193359375,84.83639526367188,83.40250396728516,4365076,0.0,0.0,GE
2023-06-12 00:00:00-04:00,84.84437561035156,85.30726623535156,84.31763458251953,84.78052520751953,83.34758758544922,4677449,0.0,0.0,GE
2023-06-13 00:00:00-04:00,84.62091064453125,85.51476287841797,84.44532775878906,85.18755340576172,83.74771881103516,5411582,0.0,0.0,GE
2023-06-14 00:00:00-04:00,85.17158508300781,85.23543548583984,82.9688720703125,83.55945587158203,82.14715576171875,6429268,0.0,0.0,GE
2023-06-15 00:00:00-04:00,83.3519515991211,84.30965423583984,82.9928207397461,84.1260986328125,82.70420837402344,8733159,0.0,0.0,GE
2023-06-16 00:00:00-04:00,84.55706024169922,86.91141510009766,84.54907989501953,84.82841491699219,83.3946533203125,13731752,0.0,0.0,GE
2023-06-20 00:00:00-04:00,84.66081237792969,84.76456451416016,82.5299301147461,83.01676177978516,81.6136245727539,8068443,0.0,0.0,GE
2023-06-21 00:00:00-04:00,82.71348571777344,84.34956359863281,82.66560363769531,83.83878326416016,82.42176055908203,5983576,0.0,0.0,GE
2023-06-22 00:00:00-04:00,83.52753448486328,84.42936706542969,83.5115737915039,83.65522766113281,82.2413101196289,5292046,0.0,0.0,GE
2023-06-23 00:00:00-04:00,82.27454376220703,83.29608917236328,81.9154052734375,82.8252182006836,81.42530822753906,7532911,0.0,0.0,GE
2023-06-26 00:00:00-04:00,82.62569427490234,83.88667297363281,82.49002075195312,83.35993957519531,81.95101165771484,5326378,0.0,0.0,GE
2023-06-27 00:00:00-04:00,83.50359344482422,83.96647644042969,83.2881088256836,83.73503875732422,82.31976318359375,5973427,0.0,0.0,GE
2023-06-28 00:00:00-04:00,84.03032684326172,85.69034576416016,83.77494049072266,85.4349594116211,83.99093627929688,6009012,0.0,0.0,GE
2023-06-29 00:00:00-04:00,84.77254486083984,86.05746459960938,84.62889099121094,85.98563385009766,84.5323257446289,4070746,0.0,0.0,GE
2023-06-30 00:00:00-04:00,86.98323822021484,87.99681091308594,86.67198944091797,87.66959381103516,86.18780517578125,9250648,0.0,0.0,GE
2023-07-03 00:00:00-04:00,87.03910827636719,87.25458526611328,85.6424560546875,86.4166030883789,84.95599365234375,3723916,0.0,0.0,GE
2023-07-05 00:00:00-04:00,86.36871337890625,86.98323822021484,86.00159454345703,86.7118911743164,85.24628448486328,4588235,0.0,0.0,GE
2023-07-06 00:00:00-04:00,86.20111846923828,86.79170227050781,85.28331756591797,85.69034576416016,84.24201202392578,4594375,0.0,0.0,GE
2023-07-07 00:00:00-04:00,85.50678253173828,86.88746643066406,85.34716796875,86.40862274169922,84.9481430053711,4843847,0.0,0.0,GE
2023-07-10 00:00:00-04:00,86.52034759521484,88.37191009521484,86.4884262084961,88.21228790283203,86.78546142578125,5805400,0.063847,0.0,GE
2023-07-11 00:00:00-04:00,88.37191009521484,89.0103759765625,87.97286224365234,88.76296997070312,87.32723999023438,4746113,0.0,0.0,GE
2023-07-12 00:00:00-04:00,88.81883239746094,89.36153411865234,88.49960327148438,88.74700927734375,87.31153106689453,5403938,0.0,0.0,GE
2023-07-13 00:00:00-04:00,88.78691101074219,89.2418212890625,88.44373321533203,88.81085205078125,87.37434387207031,3477075,0.0,0.0,GE
2023-07-14 00:00:00-04:00,88.58738708496094,88.76296997070312,87.81324768066406,88.01277160644531,86.58917236328125,3405529,0.0,0.0,GE
2023-07-17 00:00:00-04:00,88.12450408935547,89.50518798828125,87.90901947021484,88.6991195678711,87.26441955566406,4557412,0.0,0.0,GE
2023-07-18 00:00:00-04:00,88.50758361816406,89.24980163574219,88.20430755615234,88.6352767944336,87.20160675048828,4476718,0.0,0.0,GE
2023-07-19 00:00:00-04:00,88.05267333984375,88.43575286865234,86.85554504394531,87.7015151977539,86.282958984375,5604920,0.0,0.0,GE
2023-07-20 00:00:00-04:00,87.82122802734375,89.25778198242188,87.75738525390625,88.7789306640625,87.34293365478516,5158852,0.0,0.0,GE
2023-07-21 00:00:00-04:00,88.93854522705078,89.28970336914062,87.6456527709961,88.05267333984375,86.62842559814453,10277106,0.0,0.0,GE
2023-07-24 00:00:00-04:00,88.1085433959961,88.57142639160156,87.83718872070312,87.98883056640625,86.56562042236328,6687261,0.0,0.0,GE
2023-07-25 00:00:00-04:00,91.38068389892578,94.14205932617188,90.68635559082031,93.50359344482422,91.9911880493164,21329067,0.0,0.0,GE
2023-07-26 00:00:00-04:00,93.48763275146484,93.68714904785156,90.5427017211914,91.55626678466797,90.07535552978516,9449750,0.0,0.0,GE
2023-07-27 00:00:00-04:00,92.22665405273438,93.5833969116211,91.72386169433594,92.11492156982422,90.62499237060547,7752311,0.0,0.0,GE
2023-07-28 00:00:00-04:00,92.20271301269531,92.45809936523438,90.99760437011719,91.29290008544922,89.81624603271484,5600785,0.0,0.0,GE
2023-07-31 00:00:00-04:00,91.33280181884766,91.58020782470703,90.7581787109375,91.17318725585938,89.69847106933594,5169252,0.0,0.0,GE
2023-08-01 00:00:00-04:00,90.73423767089844,91.1412582397461,89.60095977783203,90.35913848876953,88.89759063720703,6595040,0.0,0.0,GE
2023-08-02 00:00:00-04:00,90.15961456298828,90.58260345458984,89.3296127319336,89.36153411865234,87.91612243652344,5377375,0.0,0.0,GE
2023-08-03 00:00:00-04:00,89.24980163574219,90.3192367553711,89.02633666992188,89.67278289794922,88.22233581542969,4347409,0.0,0.0,GE
2023-08-04 00:00:00-04:00,90.03990173339844,90.87789154052734,89.22586059570312,90.2314453125,88.77196502685547,6118274,0.0,0.0,GE
2023-08-07 00:00:00-04:00,90.6145248413086,91.76376342773438,90.6145248413086,91.56424713134766,90.08319091796875,4140914,0.0,0.0,GE
2023-08-08 00:00:00-04:00,91.29290008544922,91.64405059814453,90.27932739257812,90.62250518798828,89.15667724609375,4735463,0.0,0.0,GE
2023-08-09 00:00:00-04:00,90.9018325805664,90.92578125,89.36951446533203,89.52114868164062,88.07315826416016,3900213,0.0,0.0,GE
2023-08-10 00:00:00-04:00,89.74461364746094,91.81165313720703,89.74461364746094,90.63846588134766,89.17239379882812,5853515,0.0,0.0,GE
2023-08-11 00:00:00-04:00,90.6145248413086,92.09098052978516,90.5427017211914,91.46049499511719,89.98112487792969,4463437,0.0,0.0,GE
2023-08-14 00:00:00-04:00,91.38068389892578,92.45809936523438,91.1412582397461,92.21867370605469,90.72704315185547,4916020,0.0,0.0,GE
2023-08-15 00:00:00-04:00,91.50039672851562,91.50837707519531,90.55866241455078,90.86193084716797,89.39224243164062,4276614,0.0,0.0,GE
2023-08-16 00:00:00-04:00,90.76615905761719,92.05107879638672,90.55866241455078,90.63846588134766,89.17239379882812,4614924,0.0,0.0,GE
2023-08-17 00:00:00-04:00,90.96568298339844,91.29290008544922,88.53950500488281,88.55546569824219,87.12309265136719,5734981,0.0,0.0,GE
2023-08-18 00:00:00-04:00,88.02873229980469,89.3296127319336,87.80526733398438,89.21788024902344,87.77478790283203,5651281,0.0,0.0,GE
2023-08-21 00:00:00-04:00,89.41739654541016,89.7685546875,88.60335540771484,89.40143585205078,87.95536804199219,3686075,0.0,0.0,GE
2023-08-22 00:00:00-04:00,89.50518798828125,90.22346496582031,88.4596939086914,89.11412811279297,87.6727066040039,3308421,0.0,0.0,GE
2023-08-23 00:00:00-04:00,88.98643493652344,90.79010772705078,88.98643493652344,90.55866241455078,89.09387969970703,3568043,0.0,0.0,GE
2023-08-24 00:00:00-04:00,90.34317779541016,90.94972229003906,88.60335540771484,88.61931610107422,87.18590545654297,4211960,0.0,0.0,GE
2023-08-25 00:00:00-04:00,88.94652557373047,89.6807632446289,87.96488189697266,89.36153411865234,87.91612243652344,3903596,0.0,0.0,GE
2023-08-28 00:00:00-04:00,89.82442474365234,91.20510864257812,89.50518798828125,90.94972229003906,89.47860717773438,3524313,0.0,0.0,GE
2023-08-29 00:00:00-04:00,90.71827697753906,92.31444549560547,90.11971282958984,92.04309844970703,90.55430603027344,5833091,0.0,0.0,GE
2023-08-30 00:00:00-04:00,91.66001892089844,92.24261474609375,90.94174194335938,91.22904968261719,89.75342559814453,6086573,0.0,0.0,GE
2023-08-31 00:00:00-04:00,91.44453430175781,91.73184204101562,90.83000946044922,91.34876251220703,89.8712158203125,5218620,0.0,0.0,GE
2023-09-01 00:00:00-04:00,91.79569244384766,92.1468505859375,90.6065444946289,91.17318725585938,89.69847106933594,4435119,0.0,0.0,GE
2023-09-05 00:00:00-04:00,90.73423767089844,91.1332778930664,89.63288116455078,90.0877914428711,88.630615234375,4406550,0.0,0.0,GE
2023-09-06 00:00:00-04:00,90.06385040283203,91.03751373291016,89.3296127319336,89.92816925048828,88.47357177734375,5018014,0.0,0.0,GE
2023-09-07 00:00:00-04:00,89.56105041503906,90.30326843261719,88.91460418701172,89.21788024902344,87.77478790283203,4139035,0.0,0.0,GE
2023-09-08 00:00:00-04:00,88.98643493652344,89.40941619873047,88.76296997070312,89.1620101928711,87.7198257446289,3170967,0.0,0.0,GE
2023-09-11 00:00:00-04:00,89.58499908447266,91.2210693359375,89.48124694824219,91.18914794921875,89.71418762207031,5272499,0.0,0.0,GE
2023-09-12 00:00:00-04:00,91.18116760253906,93.23224639892578,90.98164367675781,91.77973175048828,90.29520416259766,5275255,0.0,0.0,GE
2023-09-13 00:00:00-04:00,91.5323257446289,92.0670394897461,89.89624786376953,90.66240692138672,89.1959457397461,3508651,0.0,0.0,GE
2023-09-14 00:00:00-04:00,91.27693176269531,93.54349517822266,91.23703002929688,92.2984848022461,90.80555725097656,6637768,0.0,0.0,GE
2023-09-15 00:00:00-04:00,92.11492156982422,92.50598907470703,91.1412582397461,92.17079162597656,90.67993927001953,8437076,0.0,0.0,GE
2023-09-18 00:00:00-04:00,92.40223693847656,93.71907043457031,91.71588134765625,93.03272247314453,91.52792358398438,4700880,0.0,0.0,GE
2023-09-19 00:00:00-04:00,92.5937728881836,93.12051391601562,91.95530700683594,92.74541473388672,91.2452621459961,3882045,0.0,0.0,GE
2023-09-20 00:00:00-04:00,93.00080108642578,93.91061401367188,91.63607025146484,91.66001892089844,90.17742919921875,5134919,0.0,0.0,GE
2023-09-21 00:00:00-04:00,90.94174194335938,91.25299072265625,89.43335723876953,90.17557525634766,88.71697235107422,5760292,0.0,0.0,GE
2023-09-22 00:00:00-04:00,90.10375213623047,90.34317779541016,88.64325714111328,88.78691101074219,87.35078430175781,6249463,0.0,0.0,GE
2023-09-25 00:00:00-04:00,88.36392974853516,89.35355377197266,88.29209899902344,89.1620101928711,87.7829360961914,4741101,0.063847,0.0,GE
2023-09-26 00:00:00-04:00,88.58738708496094,89.33759307861328,87.58978271484375,87.73343658447266,86.37646484375,6022043,0.0,0.0,GE
2023-09-27 00:00:00-04:00,88.29209899902344,89.07421875,87.90901947021484,88.49960327148438,87.13078308105469,5912656,0.0,0.0,GE
2023-09-28 00:00:00-04:00,88.6352767944336,90.17557525634766,88.45171356201172,89.65682220458984,88.27011108398438,5518337,0.0,0.0,GE
2023-09-29 00:00:00-04:00,89.88826751708984,89.98403930664062,87.71747589111328,88.2282485961914,86.8636474609375,4924165,0.0,0.0,GE
2023-10-02 00:00:00-04:00,88.14844512939453,88.74700927734375,86.27294158935547,86.82362365722656,85.48072814941406,5389278,0.0,0.0,GE
2023-10-03 00:00:00-04:00,86.44054412841797,87.78132629394531,85.42697143554688,86.00159454345703,84.6714096069336,8624900,0.0,0.0,GE
2023-10-04 00:00:00-04:00,86.16919708251953,87.15882110595703,85.68236541748047,86.87150573730469,85.52787017822266,4876551,0.0,0.0,GE
2023-10-05 00:00:00-04:00,86.4884262084961,87.11093139648438,85.53870391845703,86.76775360107422,85.42573547363281,4819539,0.0,0.0,GE
2023-10-06 00:00:00-04:00,86.47246551513672,89.3056640625,86.15322875976562,88.96248626708984,87.58650970458984,5284026,0.0,0.0,GE
2023-10-09 00:00:00-04:00,88.59536743164062,88.6991195678711,87.42218780517578,87.99681091308594,86.6357650756836,5418473,0.0,0.0,GE
2023-10-10 00:00:00-04:00,88.75498962402344,90.17557525634766,88.4676742553711,88.97047424316406,87.59437561035156,5707039,0.0,0.0,GE
2023-10-11 00:00:00-04:00,89.3854751586914,90.50279235839844,89.23384094238281,90.39105987548828,88.99299621582031,3580573,0.0,0.0,GE
2023-10-12 00:00:00-04:00,90.58260345458984,90.77413940429688,88.3958511352539,88.85076141357422,87.47650146484375,3861746,0.0,0.0,GE
2023-10-13 00:00:00-04:00,88.82681274414062,88.96248626708984,86.7198715209961,87.29449462890625,85.94432067871094,4578337,0.0,0.0,GE
2023-10-16 00:00:00-04:00,87.7015151977539,88.52354431152344,86.1851577758789,87.10295104980469,85.75572967529297,5616698,0.0,0.0,GE
2023-10-17 00:00:00-04:00,86.79170227050781,88.33998107910156,86.24102020263672,87.80526733398438,86.44718933105469,4916647,0.0,0.0,GE
2023-10-18 00:00:00-04:00,87.0071792602539,87.45410919189453,85.7222671508789,85.84996032714844,84.52212524414062,6080433,0.0,0.0,GE
2023-10-19 00:00:00-04:00,85.92977142333984,87.07102966308594,85.13168334960938,85.35514831542969,84.03495788574219,5035055,0.0,0.0,GE
2023-10-20 00:00:00-04:00,85.15562438964844,85.58659362792969,84.22187042236328,84.66081237792969,83.35137176513672,9714760,0.0,0.0,GE
2023-10-23 00:00:00-04:00,84.98004913330078,86.43256378173828,84.75658416748047,85.14764404296875,83.83068084716797,7300229,0.0,0.0,GE
2023-10-24 00:00:00-04:00,88.6272964477539,91.69194030761719,86.44852447509766,90.67837524414062,89.27586364746094,15904078,0.0,0.0,GE
2023-10-25 00:00:00-04:00,91.24501037597656,91.24501037597656,88.65921783447266,88.74700927734375,87.3743667602539,8224191,0.0,0.0,GE
2023-10-26 00:00:00-04:00,89.20191192626953,89.64086151123047,85.37110900878906,86.83160400390625,85.48857879638672,9738191,0.0,0.0,GE
2023-10-27 00:00:00-04:00,87.1827621459961,87.66161346435547,84.38148498535156,84.87629699707031,83.56352233886719,6677237,0.0,0.0,GE
2023-10-30 00:00:00-04:00,85.81005859375,88.1723861694336,85.7302474975586,87.6376724243164,86.28218078613281,5611435,0.0,0.0,GE
2023-10-31 00:00:00-04:00,87.39824676513672,87.58978271484375,86.26496124267578,86.69593048095703,85.35501861572266,6349452,0.0,0.0,GE
2023-11-01 00:00:00-04:00,86.43256378173828,86.45650482177734,84.46129608154297,85.59457397460938,84.27069854736328,12703791,0.0,0.0,GE
2023-11-02 00:00:00-04:00,86.89545440673828,87.1747817993164,85.68236541748047,86.0175552368164,84.6871337890625,9398127,0.0,0.0,GE
2023-11-03 00:00:00-04:00,86.632080078125,87.35035705566406,86.26496124267578,86.92737579345703,85.58287811279297,6941620,0.0,0.0,GE
2023-11-06 00:00:00-05:00,87.22266387939453,89.28970336914062,86.62409973144531,89.20989227294922,87.83008575439453,6131806,0.0,0.0,GE
2023-11-07 00:00:00-05:00,88.87470245361328,90.12769317626953,88.47565460205078,89.22586059570312,87.84581756591797,5237415,0.0,0.0,GE
2023-11-08 00:00:00-05:00,89.54508972167969,91.02154541015625,89.37749481201172,90.86193084716797,89.45658111572266,6065021,0.0,0.0,GE
2023-11-09 00:00:00-05:00,91.26097106933594,91.5961685180664,90.12769317626953,90.25538635253906,88.85941314697266,5786605,0.0,0.0,GE
2023-11-10 00:00:00-05:00,90.76615905761719,92.22665405273438,90.33519744873047,91.99520874023438,90.57232666015625,4382618,0.0,0.0,GE
2023-11-13 00:00:00-05:00,91.8914566040039,93.02474212646484,91.54828643798828,92.19473266601562,90.76876831054688,5753776,0.0,0.0,GE
2023-11-14 00:00:00-05:00,92.97685241699219,93.82282257080078,92.23463439941406,93.5754165649414,92.1280746459961,6007634,0.0,0.0,GE
2023-11-15 00:00:00-05:00,93.3439712524414,93.77494049072266,92.3543472290039,92.8172378540039,91.38165283203125,5245309,0.0,0.0,GE
2023-11-16 00:00:00-05:00,93.0486831665039,94.94014739990234,92.8252182006836,94.92417907714844,93.45600128173828,5825072,0.0,0.0,GE
2023-11-17 00:00:00-05:00,95.23543548583984,95.83399963378906,94.92417907714844,95.71428680419922,94.23387908935547,5186418,0.0,0.0,GE
2023-11-20 00:00:00-05:00,95.71428680419922,96.36073303222656,95.48284149169922,95.82601928710938,94.3438720703125,5190678,0.0,0.0,GE
2023-11-21 00:00:00-05:00,95.61053466796875,95.96967315673828,95.00399017333984,95.68236541748047,94.20246124267578,3506019,0.0,0.0,GE
2023-11-22 00:00:00-05:00,95.69034576416016,96.16121673583984,95.2593765258789,95.45092010498047,93.97457122802734,3773785,0.0,0.0,GE
2023-11-24 00:00:00-05:00,95.75418853759766,96.04948425292969,95.51476287841797,95.74620819091797,94.26531219482422,1981995,0.0,0.0,GE
2023-11-27 00:00:00-05:00,95.53072357177734,96.0255355834961,95.22745513916016,95.74620819091797,94.26531219482422,3984415,0.0,0.0,GE
2023-11-28 00:00:00-05:00,95.74620819091797,95.85794067382812,94.62091064453125,94.85235595703125,93.38528442382812,4378107,0.0,0.0,GE
2023-11-29 00:00:00-05:00,95.38706970214844,95.53072357177734,94.53311920166016,94.86033630371094,93.39313507080078,3792831,0.0,0.0,GE
2023-11-30 00:00:00-05:00,95.01197052001953,97.2386245727539,94.89225769042969,97.20670318603516,95.70323181152344,10174611,0.0,0.0,GE
2023-12-01 00:00:00-05:00,97.12689208984375,98.36392974853516,96.9433364868164,97.76536560058594,96.25324249267578,5668572,0.0,0.0,GE
2023-12-04 00:00:00-05:00,97.21468353271484,97.69353485107422,96.69593048095703,96.99121856689453,95.49105834960938,4747116,0.0,0.0,GE
2023-12-05 00:00:00-05:00,96.57621765136719,96.7118911743164,95.76216888427734,95.9537124633789,94.46961212158203,3688206,0.0,0.0,GE
2023-12-06 00:00:00-05:00,96.632080078125,97.82920837402344,95.53072357177734,95.61851501464844,94.13960266113281,3964241,0.0,0.0,GE
2023-12-07 00:00:00-05:00,95.37110900878906,95.7861099243164,94.30965423583984,95.35514831542969,93.88028717041016,5064626,0.0,0.0,GE
2023-12-08 00:00:00-05:00,95.05187225341797,96.4245834350586,94.95610809326172,96.24102020263672,94.7524642944336,4925418,0.0,0.0,GE
2023-12-11 00:00:00-05:00,96.24102020263672,96.49640655517578,95.48284149169922,95.99361419677734,94.50888061523438,4643869,0.0,0.0,GE
2023-12-12 00:00:00-05:00,96.56025695800781,97.74939727783203,96.2569808959961,97.62171173095703,96.11180877685547,4664543,0.0,0.0,GE
2023-12-13 00:00:00-05:00,97.4700698852539,97.65363311767578,96.1851577758789,96.7118911743164,95.216064453125,5506309,0.0,0.0,GE
2023-12-14 00:00:00-05:00,96.67198944091797,97.68555450439453,95.69034576416016,96.84756469726562,95.34963989257812,10454155,0.0,0.0,GE
2023-12-15 00:00:00-05:00,97.69353485107422,98.6991195678711,97.23064422607422,98.34796142578125,96.82683563232422,13586279,0.0,0.0,GE
2023-12-18 00:00:00-05:00,98.6991195678711,98.83479309082031,98.24421691894531,98.67517852783203,97.14898681640625,5206215,0.0,0.0,GE
2023-12-19 00:00:00-05:00,98.72306823730469,100.5427017211914,98.72306823730469,100.51077270507812,98.95618438720703,5957138,0.0,0.0,GE
2023-12-20 00:00:00-05:00,100.10375213623047,100.73423767089844,98.33998107910156,98.4596939086914,96.93683624267578,6231921,0.0,0.0,GE
2023-12-21 00:00:00-05:00,99.14604949951172,101.39664459228516,99.11412811279297,101.33280181884766,99.76548767089844,5185165,0.0,0.0,GE
2023-12-22 00:00:00-05:00,101.66799926757812,102.17877197265625,100.70231628417969,101.10933685302734,99.54548645019531,4030650,0.0,0.0,GE
2023-12-26 00:00:00-05:00,101.19712829589844,101.92338562011719,101.0694351196289,101.73184204101562,100.15836334228516,2480063,0.0,0.0,GE
2023-12-27 00:00:00-05:00,101.27693176269531,102.48204040527344,101.23703002929688,102.31444549560547,100.79521942138672,3314310,0.063847,0.0,GE
2023-12-28 00:00:00-05:00,102.15483093261719,103.11253356933594,102.00318908691406,102.41021728515625,100.88956451416016,3965494,0.0,0.0,GE
2023-12-29 00:00:00-05:00,102.34636688232422,102.53791046142578,101.32482147216797,101.85953521728516,100.34705352783203,4441133,0.0,0.0,GE
2024-01-02 00:00:00-05:00,101.3647232055664,102.27454376220703,99.95211791992188,100.51875305175781,99.02617645263672,5189425,0.0,0.0,GE
2024-01-03 00:00:00-05:00,99.8563461303711,99.93614959716797,98.68315887451172,99.0103759765625,97.54020690917969,4531850,0.0,0.0,GE
2024-01-04 00:00:00-05:00,99.20191192626953,100.3750991821289,99.0981674194336,99.48922729492188,98.01194763183594,4364199,0.0,0.0,GE
2024-01-05 00:00:00-05:00,99.6807632446289,100.83000946044922,99.54508972167969,100.79010772705078,99.29351806640625,4190157,0.0,0.0,GE
2024-01-08 00:00:00-05:00,100.73423767089844,102.49800872802734,99.13008880615234,102.37828826904297,100.85810089111328,6920068,0.0,0.0,GE
2024-01-09 00:00:00-05:00,101.57222747802734,102.77733612060547,101.31684112548828,102.77733612060547,101.2512435913086,4815028,0.0,0.0,GE
2024-01-10 00:00:00-05:00,102.71348571777344,103.88667297363281,102.56185150146484,103.5115737915039,101.97456359863281,4571320,0.0,0.0,GE
2024-01-11 00:00:00-05:00,103.84677124023438,103.91061401367188,102.00318908691406,103.61532592773438,102.07676696777344,5014005,0.0,0.0,GE
2024-01-12 00:00:00-05:00,104.22985076904297,104.38946533203125,103.09656524658203,103.5833969116211,102.04531860351562,5640380,0.0,0.0,GE
2024-01-16 00:00:00-05:00,103.11253356933594,103.63128662109375,101.54828643798828,102.1308822631836,100.61437225341797,6314619,0.0,0.0,GE
2024-01-17 00:00:00-05:00,101.69194030761719,102.69752502441406,100.71029663085938,101.26097106933594,99.75738525390625,5031171,0.0,0.0,GE
2024-01-18 00:00:00-05:00,101.516357421875,102.68954467773438,101.17318725585938,102.5937728881836,101.07038879394531,6508082,0.0,0.0,GE
2024-01-19 00:00:00-05:00,102.71348571777344,103.79090118408203,101.70790100097656,103.599365234375,102.06104278564453,6154611,0.0,0.0,GE
2024-01-22 00:00:00-05:00,103.9744644165039,105.56265258789062,103.95850372314453,104.7326431274414,103.17749786376953,10052443,0.0,0.0,GE
2024-01-23 00:00:00-05:00,101.85953521728516,105.25139617919922,100.95770263671875,103.71109008789062,102.1711196899414,13333800,0.0,0.0,GE
2024-01-24 00:00:00-05:00,103.96647644042969,104.06224822998047,100.91779327392578,103.69512939453125,102.1553955078125,10785198,0.0,0.0,GE
2024-01-25 00:00:00-05:00,104.26177215576172,105.74620819091797,103.50359344482422,103.69512939453125,102.1553955078125,6086573,0.0,0.0,GE
2024-01-26 00:00:00-05:00,104.17398071289062,105.53870391845703,104.06224822998047,104.70072174072266,103.14604949951172,4696495,0.0,0.0,GE
2024-01-29 00:00:00-05:00,104.86831665039062,105.45890045166016,103.50359344482422,104.62889099121094,103.0752944946289,6126544,0.0,0.0,GE
2024-01-30 00:00:00-05:00,104.93215942382812,107.16680145263672,104.72466278076172,106.88746643066406,105.30033111572266,7871346,0.0,0.0,GE
2024-01-31 00:00:00-05:00,106.75977325439453,107.31843566894531,105.44293975830078,105.68236541748047,104.11312866210938,6253472,0.0,0.0,GE
2024-02-01 00:00:00-05:00,106.16919708251953,108.1085433959961,105.7222671508789,108.06863403320312,106.4639663696289,6190572,0.0,0.0,GE
2024-02-02 00:00:00-05:00,108.0845947265625,109.66480255126953,107.77334594726562,108.97047424316406,107.35240173339844,6103864,0.0,0.0,GE
2024-02-05 00:00:00-05:00,108.52354431152344,110.64644622802734,108.33998107910156,109.90422821044922,108.27229309082031,7158013,0.0,0.0,GE
2024-02-06 00:00:00-05:00,109.88028717041016,110.44692993164062,109.00239562988281,109.80047607421875,108.17008972167969,6026178,0.0,0.0,GE
2024-02-07 00:00:00-05:00,110.63048553466797,110.79808807373047,110.0798110961914,110.53471374511719,108.89342498779297,5807655,0.0,0.0,GE
2024-02-08 00:00:00-05:00,110.65442657470703,111.31684112548828,110.33519744873047,110.97366333007812,109.32584381103516,4327110,0.0,0.0,GE
2024-02-09 00:00:00-05:00,110.94174194335938,111.27693176269531,110.30326843261719,111.1572265625,109.5066909790039,4324604,0.0,0.0,GE
2024-02-12 00:00:00-05:00,111.3647232055664,112.38627624511719,110.85395050048828,111.86751556396484,110.20642852783203,4516313,0.0,0.0,GE
2024-02-13 00:00:00-05:00,111.5961685180664,113.16041564941406,110.68635559082031,113.14445495605469,111.46440887451172,9054930,0.0,0.0,GE
2024-02-14 00:00:00-05:00,114.1260986328125,117.2386245727539,113.60734558105469,116.91939544677734,115.18331146240234,13116028,0.0,0.0,GE
2024-02-15 00:00:00-05:00,117.31843566894531,118.82681274414062,117.15084075927734,118.41181182861328,116.653564453125,8627532,0.0,0.0,GE
2024-02-16 00:00:00-05:00,118.87470245361328,120.0,118.52354431152344,119.04229736328125,117.27468872070312,8616756,0.0,0.0,GE
2024-02-20 00:00:00-05:00,118.9305648803711,119.98403930664062,117.97286224365234,118.61133575439453,116.8501205444336,7166032,0.0,0.0,GE
2024-02-21 00:00:00-05:00,118.49162292480469,119.22586059570312,117.84516906738281,118.97047424316406,117.20391082763672,5302571,0.0,0.0,GE
2024-02-22 00:00:00-05:00,119.59297943115234,121.50837707519531,119.59297943115234,121.04549407958984,119.24813842773438,5753024,0.0,0.0,GE
2024-02-23 00:00:00-05:00,121.3088607788086,122.74541473388672,121.23703002929688,122.37030792236328,120.55327606201172,7066168,0.0,0.0,GE
2024-02-26 00:00:00-05:00,122.63368225097656,123.84677124023438,122.55387115478516,123.5195541381836,121.68544006347656,7705449,0.0,0.0,GE
2024-02-27 00:00:00-05:00,123.69512939453125,123.71109008789062,122.18675231933594,122.89704895019531,121.07219696044922,7300354,0.0,0.0,GE
2024-02-28 00:00:00-05:00,123.03272247314453,125.22745513916016,122.7613754272461,124.18994140625,122.34588623046875,7633025,0.0,0.0,GE
2024-02-29 00:00:00-05:00,124.49321746826172,125.44293975830078,123.78292083740234,125.21149444580078,123.35226440429688,8177329,0.0,0.0,GE
2024-03-01 00:00:00-05:00,125.29927825927734,127.15084075927734,125.1955337524414,126.61611938476562,124.73604583740234,8698201,0.0,0.0,GE
2024-03-04 00:00:00-05:00,127.19074249267578,129.10614013671875,126.56025695800781,128.49960327148438,126.59156036376953,8402242,0.0,0.0,GE
2024-03-05 00:00:00-05:00,128.90663146972656,129.409423828125,124.9640884399414,125.98563385009766,124.11491394042969,8003663,0.0,0.0,GE
2024-03-06 00:00:00-05:00,126.97525787353516,128.4756622314453,126.47246551513672,127.29449462890625,125.40435791015625,8198755,0.0,0.0,GE
2024-03-07 00:00:00-05:00,129.32162475585938,133.0646514892578,128.946533203125,132.88108825683594,130.90797424316406,14393838,0.0,0.0,GE
2024-03-08 00:00:00-05:00,135.2833251953125,140.31124877929688,133.55946350097656,134.04629516601562,132.05587768554688,21242234,0.0,0.0,GE
2024-03-11 00:00:00-04:00,133.35195922851562,134.4134063720703,130.0718231201172,132.92897033691406,130.9551544189453,9338609,0.0,0.0,GE
2024-03-12 00:00:00-04:00,133.63926696777344,133.91859436035156,130.8300018310547,133.64724731445312,131.6627655029297,6928589,0.0,0.0,GE
2024-03-13 00:00:00-04:00,132.0909881591797,136.5123748779297,132.0909881591797,135.8020782470703,133.78561401367188,8462887,0.0,0.0,GE
2024-03-14 00:00:00-04:00,135.8739013671875,136.27294921875,132.18675231933594,133.0806121826172,131.1045379638672,9460777,0.0,0.0,GE
2024-03-15 00:00:00-04:00,132.2027130126953,136.07342529296875,131.59617614746094,134.78851318359375,132.7870635986328,13263757,0.0,0.0,GE
2024-03-18 00:00:00-04:00,134.84437561035156,136.27294921875,134.54110717773438,135.60255432128906,133.5890350341797,6228788,0.0,0.0,GE
2024-03-19 00:00:00-04:00,135.5227508544922,138.81085205078125,134.8762969970703,138.43576049804688,136.3802032470703,9360787,0.0,0.0,GE
2024-03-20 00:00:00-04:00,137.75738525390625,139.48922729492188,137.27853393554688,138.81085205078125,136.7497100830078,7229434,0.0,0.0,GE
2024-03-21 00:00:00-04:00,139.3615264892578,141.30087280273438,138.1404571533203,140.97366333007812,138.88040161132812,7890893,0.0,0.0,GE
2024-03-22 00:00:00-04:00,140.7023162841797,141.66001892089844,139.72865295410156,139.78451538085938,137.7089080810547,6842132,0.0,0.0,GE
2024-03-25 00:00:00-04:00,139.39346313476562,140.0718231201172,137.90103149414062,138.45970153808594,136.40374755859375,6288181,0.0,0.0,GE
2024-03-26 00:00:00-04:00,138.45970153808594,139.7047119140625,137.58978271484375,138.50758361816406,136.450927734375,5056983,0.0,0.0,GE
2024-03-27 00:00:00-04:00,139.68077087402344,143.94253540039062,139.409423828125,143.75099182128906,141.61648559570312,12606433,0.0,0.0,GE
2024-03-28 00:00:00-04:00,143.61532592773438,143.63128662109375,139.1300811767578,140.08778381347656,138.0076904296875,12122274,0.0,0.0,GE
2024-04-01 00:00:00-04:00,140.14366149902344,140.48683166503906,138.11651611328125,139.95211791992188,137.8740234375,7399592,0.0,0.0,GE
2024-04-02 00:00:00-04:00,140.52999877929688,144.50999450683594,133.99000549316406,136.47000122070312,134.44361877441406,20490400,0.0,1.253,GE
2024-04-03 00:00:00-04:00,138.14999389648438,147.94000244140625,138.00999450683594,145.6199951171875,143.4577178955078,16208500,0.0,0.0,GE
2024-04-04 00:00:00-04:00,146.64999389648438,151.99000549316406,146.2100067138672,147.38999938964844,145.2014617919922,11880200,0.0,0.0,GE
2024-04-05 00:00:00-04:00,148.52999877929688,156.47000122070312,148.52999877929688,156.3000030517578,153.97915649414062,14777900,0.0,0.0,GE
2024-04-08 00:00:00-04:00,157.47000122070312,157.9499969482422,153.6999969482422,156.52000427246094,154.1958770751953,9588800,0.0,0.0,GE
2024-04-09 00:00:00-04:00,156.1300048828125,157.8699951171875,150.92999267578125,154.49000549316406,152.19601440429688,8807300,0.0,0.0,GE
2024-04-10 00:00:00-04:00,151.88999938964844,157.7899932861328,151.64999389648438,156.61000061035156,154.28456115722656,8075400,0.0,0.0,GE
2024-04-11 00:00:00-04:00,157.07000732421875,158.44000244140625,154.75,157.67999267578125,155.33865356445312,6063200,0.0,0.0,GE
2024-04-12 00:00:00-04:00,155.89999389648438,156.97999572753906,153.02999877929688,154.6300048828125,152.60494995117188,6851300,0.28,0.0,GE
2024-04-15 00:00:00-04:00,157.1999969482422,158.69000244140625,152.69000244140625,153.6999969482422,151.6871337890625,6423700,0.0,0.0,GE
2024-04-16 00:00:00-04:00,152.6999969482422,157.02000427246094,152.0,156.75999450683594,154.70703125,6187200,0.0,0.0,GE
2024-04-17 00:00:00-04:00,158.0,158.67999267578125,153.6300048828125,155.6699981689453,153.63133239746094,6519900,0.0,0.0,GE
2024-04-18 00:00:00-04:00,156.67999267578125,158.0,152.8800048828125,152.94000244140625,150.9370574951172,6186600,0.0,0.0,GE
2024-04-19 00:00:00-04:00,153.4499969482422,153.52999877929688,146.77999877929688,148.05999755859375,146.1209716796875,9566100,0.0,0.0,GE
2024-04-22 00:00:00-04:00,148.8300018310547,151.91000366210938,148.8300018310547,150.19000244140625,148.2230987548828,7322800,0.0,0.0,GE
2024-04-23 00:00:00-04:00,157.8300018310547,163.64999389648438,152.82000732421875,162.6199951171875,160.49029541015625,19250900,0.0,0.0,GE
2024-04-24 00:00:00-04:00,161.8699951171875,162.33999633789062,155.55999755859375,159.19000244140625,157.105224609375,10416000,0.0,0.0,GE
2024-04-25 00:00:00-04:00,158.08999633789062,161.47999572753906,157.1199951171875,161.25999450683594,159.1481170654297,5908200,0.0,0.0,GE
2024-04-26 00:00:00-04:00,161.00999450683594,163.3699951171875,160.30999755859375,162.35000610351562,160.22386169433594,5898000,0.0,0.0,GE
2024-04-29 00:00:00-04:00,163.0,166.07000732421875,163.0,164.49000549316406,162.3358154296875,5371700,0.0,0.0,GE
2024-04-30 00:00:00-04:00,163.55999755859375,166.25999450683594,161.5800018310547,161.82000732421875,159.70079040527344,6723600,0.0,0.0,GE
2024-05-01 00:00:00-04:00,162.57000732421875,163.3000030517578,158.82000732421875,159.6999969482422,157.6085205078125,4775800,0.0,0.0,GE
2024-05-02 00:00:00-04:00,161.38999938964844,162.82000732421875,159.4199981689453,162.63999938964844,160.51002502441406,5030400,0.0,0.0,GE
2024-05-03 00:00:00-04:00,165.3000030517578,165.3000030517578,162.00999450683594,164.11000061035156,161.9607696533203,3968600,0.0,0.0,GE
2024-05-06 00:00:00-04:00,165.1199951171875,167.97999572753906,165.02999877929688,167.97000122070312,165.77023315429688,4831600,0.0,0.0,GE
2024-05-07 00:00:00-04:00,167.80999755859375,170.8000030517578,167.22000122070312,168.77999877929688,166.5696563720703,4781800,0.0,0.0,GE
2024-05-08 00:00:00-04:00,168.10000610351562,170.19000244140625,168.10000610351562,168.86000061035156,166.64859008789062,4878200,0.0,0.0,GE
2024-05-09 00:00:00-04:00,168.75999450683594,169.33999633789062,167.1300048828125,167.5,165.306396484375,4968800,0.0,0.0,GE
2024-05-10 00:00:00-04:00,167.91000366210938,168.74000549316406,163.11000061035156,163.3800048828125,161.24034118652344,5711300,0.0,0.0,GE
2024-05-13 00:00:00-04:00,163.0800018310547,163.11000061035156,158.86000061035156,159.5,157.4111328125,7768600,0.0,0.0,GE
2024-05-14 00:00:00-04:00,158.63999938964844,160.82000732421875,158.02999877929688,160.0,157.90460205078125,6103500,0.0,0.0,GE
2024-05-15 00:00:00-04:00,160.0,163.74000549316406,159.22999572753906,163.47000122070312,161.32916259765625,7133300,0.0,0.0,GE
2024-05-16 00:00:00-04:00,163.0,163.9199981689453,161.08999633789062,161.1199951171875,159.0099334716797,4283200,0.0,0.0,GE
2024-05-17 00:00:00-04:00,161.82000732421875,161.8800048828125,159.10000610351562,159.88999938964844,157.79605102539062,5946300,0.0,0.0,GE
2024-05-20 00:00:00-04:00,159.9199981689453,161.4199981689453,158.82000732421875,159.27999877929688,157.1940460205078,5586800,0.0,0.0,GE
2024-05-21 00:00:00-04:00,157.94000244140625,161.22000122070312,157.36000061035156,161.0,158.89151000976562,5071300,0.0,0.0,GE
2024-05-22 00:00:00-04:00,160.49000549316406,161.74000549316406,159.72999572753906,160.80999755859375,158.70399475097656,4432200,0.0,0.0,GE
2024-05-23 00:00:00-04:00,161.99000549316406,166.27000427246094,161.75,165.25999450683594,163.09573364257812,7411500,0.0,0.0,GE
2024-05-24 00:00:00-04:00,165.8300018310547,169.14999389648438,163.85000610351562,167.3300018310547,165.13861083984375,5500300,0.0,0.0,GE
2024-05-28 00:00:00-04:00,167.0,168.64999389648438,165.30999755859375,168.55999755859375,166.35250854492188,5749700,0.0,0.0,GE
2024-05-29 00:00:00-04:00,166.60000610351562,167.42999267578125,163.38999938964844,163.60000610351562,161.4574737548828,4820800,0.0,0.0,GE
2024-05-30 00:00:00-04:00,163.47999572753906,165.02000427246094,163.19000244140625,164.1999969482422,162.0496063232422,4384400,0.0,0.0,GE
2024-05-31 00:00:00-04:00,164.2899932861328,165.35000610351562,160.07000732421875,165.13999938964844,162.97727966308594,11704800,0.0,0.0,GE
2024-06-03 00:00:00-04:00,166.1199951171875,166.7899932861328,159.02999877929688,161.4600067138672,159.3455047607422,5220500,0.0,0.0,GE
2024-06-04 00:00:00-04:00,161.0,161.97999572753906,158.35000610351562,161.3800048828125,159.26654052734375,5598600,0.0,0.0,GE
2024-06-05 00:00:00-04:00,161.8300018310547,162.94000244140625,160.52000427246094,162.5500030517578,160.42124938964844,4279900,0.0,0.0,GE
2024-06-06 00:00:00-04:00,162.3000030517578,163.1699981689453,159.75999450683594,160.6199951171875,158.51646423339844,3867300,0.0,0.0,GE
2024-06-07 00:00:00-04:00,160.6999969482422,163.8000030517578,160.10000610351562,161.9199981689453,159.7994842529297,3341800,0.0,0.0,GE
2024-06-10 00:00:00-04:00,162.0,163.89999389648438,161.55999755859375,162.83999633789062,160.70742797851562,4385200,0.0,0.0,GE
2024-06-11 00:00:00-04:00,162.02999877929688,162.25999450683594,159.61000061035156,160.36000061035156,158.25990295410156,5106400,0.0,0.0,GE
2024-06-12 00:00:00-04:00,161.25999450683594,162.94000244140625,159.17999267578125,161.0500030517578,158.9408721923828,5790700,0.0,0.0,GE
2024-06-13 00:00:00-04:00,160.58999633789062,160.6300048828125,154.17999267578125,155.69000244140625,153.6510772705078,8080900,0.0,0.0,GE
2024-06-14 00:00:00-04:00,154.22000122070312,156.60000610351562,153.22000122070312,155.8800048828125,153.8385772705078,6247400,0.0,0.0,GE
2024-06-17 00:00:00-04:00,156.13999938964844,167.5,155.4499969482422,163.22999572753906,161.0923309326172,9564800,0.0,0.0,GE
2024-06-18 00:00:00-04:00,163.39999389648438,165.19000244140625,162.36000061035156,164.97000122070312,162.80953979492188,5105300,0.0,0.0,GE
2024-06-20 00:00:00-04:00,164.97000122070312,166.3000030517578,163.0500030517578,165.0,162.83914184570312,4957200,0.0,0.0,GE
2024-06-21 00:00:00-04:00,164.5,164.9199981689453,161.3000030517578,164.24000549316406,162.0890655517578,17195200,0.0,0.0,GE
2024-06-24 00:00:00-04:00,164.10000610351562,164.75999450683594,159.1999969482422,160.5399932861328,158.43753051757812,5519000,0.0,0.0,GE
2024-06-25 00:00:00-04:00,159.5800018310547,163.64999389648438,158.4199981689453,159.72999572753906,157.63816833496094,6825500,0.0,0.0,GE
2024-06-26 00:00:00-04:00,158.57000732421875,161.02000427246094,157.52000427246094,160.63999938964844,158.53622436523438,3998000,0.0,0.0,GE
2024-06-27 00:00:00-04:00,160.8000030517578,161.85000610351562,159.60000610351562,160.5,158.39805603027344,3339700,0.0,0.0,GE
2024-06-28 00:00:00-04:00,160.25999450683594,161.6199951171875,157.89999389648438,158.97000122070312,156.88812255859375,8641200,0.0,0.0,GE
2024-07-01 00:00:00-04:00,160.6699981689453,161.39999389648438,156.0500030517578,158.97000122070312,156.88812255859375,4435100,0.0,0.0,GE
2024-07-02 00:00:00-04:00,158.82000732421875,162.94000244140625,158.25,161.4499969482422,159.33563232421875,5247300,0.0,0.0,GE
2024-07-03 00:00:00-04:00,161.8800048828125,164.49000549316406,161.5399932861328,163.0,160.86529541015625,2577300,0.0,0.0,GE
2024-07-05 00:00:00-04:00,163.24000549316406,163.24000549316406,159.66000366210938,160.5,158.39805603027344,4668300,0.0,0.0,GE
2024-07-08 00:00:00-04:00,160.8000030517578,163.77999877929688,160.64999389648438,163.52999877929688,161.38839721679688,3453300,0.0,0.0,GE
2024-07-09 00:00:00-04:00,163.97999572753906,165.5800018310547,163.02999877929688,163.1300048828125,160.99365234375,3829900,0.0,0.0,GE
2024-07-10 00:00:00-04:00,163.14999389648438,165.99000549316406,162.5399932861328,165.6999969482422,163.5299530029297,3904600,0.0,0.0,GE
2024-07-11 00:00:00-04:00,165.19000244140625,165.67999267578125,161.7899932861328,161.9199981689453,160.06996154785156,4553800,0.28,0.0,GE
2024-07-12 00:00:00-04:00,161.8800048828125,162.3000030517578,158.8000030517578,159.00999450683594,157.19317626953125,5983400,0.0,0.0,GE
2024-07-15 00:00:00-04:00,160.60000610351562,160.75,158.60000610351562,159.55999755859375,157.73692321777344,5383300,0.0,0.0,GE
2024-07-16 00:00:00-04:00,159.8800048828125,163.8699951171875,159.64999389648438,162.85000610351562,160.98934936523438,6500700,0.0,0.0,GE
2024-07-17 00:00:00-04:00,161.64999389648438,161.9499969482422,156.50999450683594,156.66000366210938,154.87005615234375,6041200,0.0,0.0,GE
2024-07-18 00:00:00-04:00,157.3699951171875,160.44000244140625,156.4199981689453,158.7899932861328,156.9757080078125,5274800,0.0,0.0,GE
2024-07-19 00:00:00-04:00,159.66000366210938,160.44000244140625,157.6199951171875,159.1300048828125,157.3118438720703,5459800,0.0,0.0,GE
2024-07-22 00:00:00-04:00,159.97000122070312,162.94000244140625,159.77000427246094,162.75999450683594,160.9003448486328,6350500,0.0,0.0,GE
2024-07-23 00:00:00-04:00,166.0,177.1999969482422,164.6199951171875,172.0,170.03477478027344,16428000,0.0,0.0,GE
2024-07-24 00:00:00-04:00,171.5,172.8699951171875,162.0500030517578,162.3000030517578,160.4456329345703,7335200,0.0,0.0,GE
2024-07-25 00:00:00-04:00,163.3000030517578,168.1999969482422,161.9199981689453,164.6699981689453,162.7885284423828,8791500,0.0,0.0,GE
2024-07-26 00:00:00-04:00,167.25,172.6199951171875,166.11000061035156,169.80999755859375,167.8697967529297,7297700,0.0,0.0,GE
2024-07-29 00:00:00-04:00,171.25,172.72999572753906,168.39999389648438,169.8699951171875,167.9291229248047,4886600,0.0,0.0,GE
2024-07-30 00:00:00-04:00,170.47999572753906,174.72999572753906,167.27000427246094,167.47999572753906,165.56643676757812,5329500,0.0,0.0,GE
2024-07-31 00:00:00-04:00,170.8699951171875,171.75,167.9600067138672,170.1999969482422,168.2553253173828,5568800,0.0,0.0,GE
2024-08-01 00:00:00-04:00,170.75,174.6999969482422,168.22000122070312,169.75,167.81051635742188,6112900,0.0,0.0,GE
2024-08-02 00:00:00-04:00,165.57000732421875,167.42999267578125,158.36000061035156,160.27999877929688,158.44869995117188,8210700,0.0,0.0,GE
2024-08-05 00:00:00-04:00,152.49000549316406,159.89999389648438,150.1999969482422,158.36000061035156,156.55062866210938,7064800,0.0,0.0,GE
2024-08-06 00:00:00-04:00,159.92999267578125,165.4499969482422,159.75999450683594,162.27000427246094,160.4159393310547,5056700,0.0,0.0,GE
2024-08-07 00:00:00-04:00,164.4199981689453,166.27000427246094,161.57000732421875,162.1300048828125,160.27755737304688,4307500,0.0,0.0,GE
2024-08-08 00:00:00-04:00,164.47999572753906,166.3300018310547,163.55999755859375,165.61000061035156,163.71780395507812,3842700,0.0,0.0,GE
2024-08-09 00:00:00-04:00,165.4499969482422,167.8800048828125,164.57000732421875,167.1300048828125,165.22042846679688,2770100,0.0,0.0,GE
2024-08-12 00:00:00-04:00,167.6300048828125,168.77999877929688,164.6199951171875,166.8699951171875,164.96339416503906,3173700,0.0,0.0,GE
2024-08-13 00:00:00-04:00,167.75999450683594,168.6300048828125,166.25,167.9600067138672,166.0409393310547,2942400,0.0,0.0,GE
2024-08-14 00:00:00-04:00,168.5,169.17999267578125,165.6199951171875,167.9499969482422,166.03106689453125,4456000,0.0,0.0,GE
2024-08-15 00:00:00-04:00,168.75,170.75,168.22000122070312,169.94000244140625,167.99832153320312,4162500,0.0,0.0,GE
2024-08-16 00:00:00-04:00,170.0500030517578,170.3300018310547,168.86000061035156,169.4199981689453,167.48426818847656,3305600,0.0,0.0,GE
2024-08-19 00:00:00-04:00,169.61000061035156,171.0,168.02000427246094,170.92999267578125,168.9770050048828,4506000,0.0,0.0,GE
2024-08-20 00:00:00-04:00,170.91000366210938,170.91000366210938,169.19000244140625,169.99000549316406,168.04776000976562,2573900,0.0,0.0,GE
2024-08-21 00:00:00-04:00,170.10000610351562,172.19000244140625,169.85000610351562,171.1999969482422,169.24392700195312,4102900,0.0,0.0,GE
2024-08-22 00:00:00-04:00,171.74000549316406,171.97999572753906,168.77000427246094,169.67999267578125,167.7412872314453,2996600,0.0,0.0,GE
2024-08-23 00:00:00-04:00,170.0,171.3800048828125,168.85000610351562,171.22000122070312,169.26370239257812,4058000,0.0,0.0,GE
2024-08-26 00:00:00-04:00,170.5399932861328,171.92999267578125,169.5800018310547,171.22000122070312,169.26370239257812,3707300,0.0,0.0,GE
2024-08-27 00:00:00-04:00,170.6999969482422,171.5,169.60000610351562,170.99000549316406,169.03631591796875,3206000,0.0,0.0,GE
2024-08-28 00:00:00-04:00,171.1999969482422,173.1699981689453,170.2899932861328,171.8699951171875,169.90626525878906,4578700,0.0,0.0,GE
2024-08-29 00:00:00-04:00,172.6199951171875,175.97000122070312,172.49000549316406,173.5800018310547,171.5967254638672,4262500,0.0,0.0,GE
2024-08-30 00:00:00-04:00,173.9600067138672,174.82000732421875,171.77000427246094,174.6199951171875,172.62484741210938,5295600,0.0,0.0,GE
2024-09-03 00:00:00-04:00,174.19000244140625,174.75,163.60000610351562,164.2100067138672,162.3338165283203,6099600,0.0,0.0,GE
2024-09-04 00:00:00-04:00,163.5,166.6199951171875,163.39999389648438,166.36000061035156,164.45921325683594,4112400,0.0,0.0,GE
2024-09-05 00:00:00-04:00,164.77999877929688,166.0,162.50999450683594,163.85000610351562,161.97792053222656,3144200,0.0,0.0,GE
2024-09-06 00:00:00-04:00,164.50999450683594,166.0399932861328,160.58999633789062,161.22999572753906,159.38784790039062,3954900,0.0,0.0,GE
2024-09-09 00:00:00-04:00,163.49000549316406,166.3800048828125,162.91000366210938,165.35000610351562,163.46078491210938,3716000,0.0,0.0,GE
2024-09-10 00:00:00-04:00,167.4499969482422,167.72999572753906,164.25,166.97999572753906,165.07212829589844,3473200,0.0,0.0,GE
2024-09-11 00:00:00-04:00,166.24000549316406,166.72999572753906,162.22999572753906,166.35000610351562,164.44932556152344,4258000,0.0,0.0,GE
2024-09-12 00:00:00-04:00,166.50999450683594,170.97000122070312,166.22999572753906,169.6999969482422,167.76107788085938,5148500,0.0,0.0,GE
2024-09-13 00:00:00-04:00,169.41000366210938,179.32000732421875,169.2100067138672,178.27999877929688,176.24302673339844,7360800,0.0,0.0,GE
2024-09-16 00:00:00-04:00,178.72000122070312,181.52000427246094,176.25999450683594,181.44000244140625,179.366943359375,6844600,0.0,0.0,GE
2024-09-17 00:00:00-04:00,181.50999450683594,182.42999267578125,178.99000549316406,180.3300018310547,178.2696075439453,5936900,0.0,0.0,GE
2024-09-18 00:00:00-04:00,181.1999969482422,185.77000427246094,180.42999267578125,183.5500030517578,181.45281982421875,5686500,0.0,0.0,GE
2024-09-19 00:00:00-04:00,187.64999389648438,187.99000549316406,184.27999877929688,186.16000366210938,184.03298950195312,5021500,0.0,0.0,GE
2024-09-20 00:00:00-04:00,185.0,187.83999633789062,184.32000732421875,187.42999267578125,185.2884521484375,9895700,0.0,0.0,GE
2024-09-23 00:00:00-04:00,187.80999755859375,189.77999877929688,187.39999389648438,188.6699981689453,186.5143280029297,3972500,0.0,0.0,GE
2024-09-24 00:00:00-04:00,188.6699981689453,189.8000030517578,187.0,189.66000366210938,187.4929962158203,3648900,0.0,0.0,GE
2024-09-25 00:00:00-04:00,189.8300018310547,190.8800048828125,188.1999969482422,189.3300018310547,187.16677856445312,3214800,0.0,0.0,GE
2024-09-26 00:00:00-04:00,189.39999389648438,189.5500030517578,184.52999877929688,184.58999633789062,182.751220703125,4781500,0.28,0.0,GE
2024-09-27 00:00:00-04:00,184.1699981689453,186.19000244140625,183.1300048828125,185.3800048828125,183.53335571289062,4452800,0.0,0.0,GE
2024-09-30 00:00:00-04:00,185.0800018310547,188.7100067138672,183.08999633789062,188.5800018310547,186.7014617919922,5628400,0.0,0.0,GE
2024-10-01 00:00:00-04:00,187.49000549316406,188.22000122070312,184.9199981689453,186.3000030517578,184.4441680908203,3794000,0.0,0.0,GE
2024-10-02 00:00:00-04:00,185.57000732421875,188.1999969482422,184.72999572753906,186.44000244140625,184.58277893066406,2879800,0.0,0.0,GE
2024-10-03 00:00:00-04:00,186.5,186.7100067138672,183.6999969482422,183.88999938964844,182.05816650390625,3999500,0.0,0.0,GE
2024-10-04 00:00:00-04:00,186.5800018310547,187.16000366210938,184.86000061035156,187.0800018310547,185.21640014648438,3978300,0.0,0.0,GE
2024-10-07 00:00:00-04:00,185.94000244140625,187.22999572753906,184.8000030517578,185.9600067138672,184.10755920410156,2514200,0.0,0.0,GE
2024-10-08 00:00:00-04:00,187.6199951171875,189.8800048828125,186.55999755859375,187.47000122070312,185.60250854492188,3627200,0.0,0.0,GE
2024-10-09 00:00:00-04:00,186.6300048828125,189.4199981689453,186.5,189.27999877929688,187.3944854736328,2312600,0.0,0.0,GE
2024-10-10 00:00:00-04:00,188.14999389648438,189.75,187.38999938964844,188.1199951171875,186.2460479736328,2300900,0.0,0.0,GE
2024-10-11 00:00:00-04:00,189.41000366210938,191.77000427246094,189.05999755859375,191.16000366210938,189.25576782226562,2983900,0.0,0.0,GE
2024-10-14 00:00:00-04:00,191.97999572753906,193.92999267578125,191.66000366210938,192.6300048828125,190.71112060546875,3132900,0.0,0.0,GE
2024-10-15 00:00:00-04:00,193.85000610351562,194.3300018310547,189.75999450683594,190.57000732421875,188.67164611816406,3824300,0.0,0.0,GE
2024-10-16 00:00:00-04:00,190.5,192.22000122070312,189.9199981689453,192.17999267578125,190.2655792236328,2912800,0.0,0.0,GE
2024-10-17 00:00:00-04:00,194.08999633789062,194.8000030517578,192.1999969482422,192.6199951171875,190.7012176513672,2633300,0.0,0.0,GE
2024-10-18 00:00:00-04:00,193.10000610351562,193.44000244140625,191.13999938964844,192.61000061035156,190.6913299560547,3075900,0.0,0.0,GE
2024-10-21 00:00:00-04:00,192.91000366210938,194.38999938964844,192.02000427246094,194.22999572753906,192.295166015625,4728800,0.0,0.0,GE
2024-10-22 00:00:00-04:00,184.5,185.0,175.75,176.66000366210938,174.9002227783203,15636200,0.0,0.0,GE
2024-10-23 00:00:00-04:00,179.6999969482422,184.97999572753906,179.6199951171875,181.69000244140625,179.88009643554688,9788600,0.0,0.0,GE
2024-10-24 00:00:00-04:00,181.89999389648438,182.2100067138672,179.6300048828125,179.74000549316406,177.9495086669922,4366800,0.0,0.0,GE
2024-10-25 00:00:00-04:00,180.0,181.4199981689453,178.3000030517578,179.10000610351562,177.31590270996094,3974900,0.0,0.0,GE
2024-10-28 00:00:00-04:00,179.97999572753906,180.5800018310547,175.2100067138672,175.36000061035156,173.61314392089844,5687400,0.0,0.0,GE
2024-10-29 00:00:00-04:00,174.55999755859375,174.89999389648438,172.77000427246094,174.0500030517578,172.31619262695312,5219300,0.0,0.0,GE
2024-10-30 00:00:00-04:00,172.97999572753906,176.52999877929688,172.50999450683594,174.63999938964844,172.9003143310547,3694000,0.0,0.0,GE
2024-10-31 00:00:00-04:00,172.0,173.6199951171875,170.42999267578125,171.77999877929688,170.06881713867188,5177100,0.0,0.0,GE
2024-11-01 00:00:00-04:00,172.75999450683594,175.27000427246094,171.58999633789062,171.6999969482422,169.9896240234375,3984900,0.0,0.0,GE
2024-11-04 00:00:00-05:00,172.3000030517578,174.67999267578125,171.4499969482422,171.75999450683594,170.04898071289062,4197400,0.0,0.0,GE
2024-11-05 00:00:00-05:00,172.36000061035156,175.47000122070312,171.77000427246094,175.25999450683594,173.5141143798828,3607300,0.0,0.0,GE
2024-11-06 00:00:00-05:00,181.5,182.05999755859375,178.5,180.75999450683594,178.9593505859375,5939500,0.0,0.0,GE
2024-11-07 00:00:00-05:00,181.02000427246094,181.02000427246094,176.77000427246094,178.85000610351562,177.0684051513672,5084200,0.0,0.0,GE
2024-11-08 00:00:00-05:00,179.64999389648438,186.4199981689453,179.4499969482422,184.80999755859375,182.96900939941406,4676500,0.0,0.0,GE
2024-11-11 00:00:00-05:00,186.6300048828125,187.47000122070312,183.6999969482422,184.55999755859375,182.72149658203125,3371900,0.0,0.0,GE
2024-11-12 00:00:00-05:00,185.07000732421875,185.6999969482422,180.58999633789062,182.63999938964844,180.8206329345703,3158000,0.0,0.0,GE
2024-11-13 00:00:00-05:00,182.9499969482422,186.3000030517578,182.75999450683594,183.55999755859375,181.7314453125,3934800,0.0,0.0,GE
2024-11-14 00:00:00-05:00,183.0,183.8000030517578,177.49000549316406,178.39999389648438,176.6228485107422,5085600,0.0,0.0,GE
2024-11-15 00:00:00-05:00,176.75,177.9199981689453,175.88999938964844,176.92999267578125,175.16751098632812,5302100,0.0,0.0,GE
2024-11-18 00:00:00-05:00,177.0,178.57000732421875,175.1300048828125,177.52000427246094,175.7516326904297,2833800,0.0,0.0,GE
2024-11-19 00:00:00-05:00,176.5,177.8800048828125,175.6999969482422,177.55999755859375,175.79122924804688,3216000,0.0,0.0,GE
2024-11-20 00:00:00-05:00,178.10000610351562,178.5399932861328,176.0,177.97999572753906,176.20704650878906,3225400,0.0,0.0,GE
2024-11-21 00:00:00-05:00,178.41000366210938,180.94000244140625,177.33999633789062,178.6999969482422,176.91989135742188,4532000,0.0,0.0,GE
2024-11-22 00:00:00-05:00,179.3000030517578,181.74000549316406,178.77999877929688,181.14999389648438,179.34547424316406,3405200,0.0,0.0,GE
2024-11-25 00:00:00-05:00,182.24000549316406,183.6999969482422,179.5500030517578,180.2100067138672,178.4148406982422,9740700,0.0,0.0,GE
2024-11-26 00:00:00-05:00,180.8699951171875,184.92999267578125,180.4199981689453,184.60000610351562,182.76112365722656,3918900,0.0,0.0,GE
2024-11-27 00:00:00-05:00,184.63999938964844,184.69000244140625,180.44000244140625,180.60000610351562,178.80096435546875,2726200,0.0,0.0,GE
2024-11-29 00:00:00-05:00,181.4499969482422,182.97000122070312,181.1300048828125,182.16000366210938,180.3454132080078,2054700,0.0,0.0,GE
2024-12-02 00:00:00-05:00,180.8000030517578,181.63999938964844,179.4199981689453,180.44000244140625,178.64254760742188,2817700,0.0,0.0,GE
2024-12-03 00:00:00-05:00,181.0,182.24000549316406,179.91000366210938,180.72000122070312,178.9197540283203,2882300,0.0,0.0,GE
2024-12-04 00:00:00-05:00,180.5,182.89999389648438,178.0,182.64999389648438,180.8305206298828,3713400,0.0,0.0,GE
2024-12-05 00:00:00-05:00,180.3300018310547,180.77000427246094,172.7100067138672,172.91000366210938,171.18756103515625,7547300,0.0,0.0,GE
2024-12-06 00:00:00-05:00,173.3000030517578,175.8300018310547,172.44000244140625,175.5800018310547,173.83096313476562,6899600,0.0,0.0,GE
2024-12-09 00:00:00-05:00,175.0,176.3699951171875,170.77000427246094,171.32000732421875,169.6134033203125,6500800,0.0,0.0,GE
2024-12-10 00:00:00-05:00,171.00999450683594,173.16000366210938,170.61000061035156,171.27000427246094,169.56390380859375,5100300,0.0,0.0,GE
2024-12-11 00:00:00-05:00,173.1699981689453,173.1699981689453,167.92999267578125,168.63999938964844,166.9600830078125,7606400,0.0,0.0,GE
2024-12-12 00:00:00-05:00,168.63999938964844,169.27999877929688,164.4499969482422,164.8300018310547,163.18804931640625,7808600,0.0,0.0,GE
2024-12-13 00:00:00-05:00,165.64999389648438,167.8699951171875,165.5399932861328,166.00999450683594,164.3562774658203,4957100,0.0,0.0,GE
2024-12-16 00:00:00-05:00,166.32000732421875,169.1999969482422,165.4499969482422,165.7899932861328,164.1384735107422,7436000,0.0,0.0,GE
2024-12-17 00:00:00-05:00,165.8000030517578,166.50999450683594,163.52999877929688,165.8000030517578,164.1483917236328,4855100,0.0,0.0,GE
2024-12-18 00:00:00-05:00,166.0,166.6300048828125,159.60000610351562,159.9499969482422,158.35665893554688,8059100,0.0,0.0,GE
2024-12-19 00:00:00-05:00,163.02999877929688,165.77000427246094,162.17999267578125,164.8000030517578,163.1583709716797,6257600,0.0,0.0,GE
2024-12-20 00:00:00-05:00,163.97000122070312,169.0800018310547,163.16000366210938,168.3699951171875,166.6927947998047,9281500,0.0,0.0,GE
2024-12-23 00:00:00-05:00,168.1199951171875,169.3300018310547,166.5500030517578,169.02000427246094,167.33631896972656,4127700,0.0,0.0,GE
2024-12-24 00:00:00-05:00,169.24000549316406,171.49000549316406,168.85000610351562,171.49000549316406,169.78170776367188,2235700,0.0,0.0,GE
2024-12-26 00:00:00-05:00,171.02000427246094,172.6699981689453,170.1300048828125,172.14999389648438,170.43511962890625,3309700,0.0,0.0,GE
2024-12-27 00:00:00-05:00,170.72000122070312,171.47000122070312,168.97999572753906,170.0800018310547,168.6600799560547,3188400,0.28,0.0,GE
2024-12-30 00:00:00-05:00,167.1999969482422,169.22999572753906,166.00999450683594,168.10000610351562,166.69659423828125,4117500,0.0,0.0,GE
2024-12-31 00:00:00-05:00,168.5,168.5500030517578,166.14999389648438,166.7899932861328,165.3975372314453,2806900,0.0,0.0,GE
2025-01-02 00:00:00-05:00,167.9199981689453,170.6999969482422,167.22000122070312,168.58999633789062,167.18251037597656,4148000,0.0,0.0,GE
2025-01-03 00:00:00-05:00,169.22000122070312,172.6300048828125,169.0,171.9600067138672,170.52439880371094,3975500,0.0,0.0,GE
2025-01-06 00:00:00-05:00,173.14999389648438,173.67999267578125,171.17999267578125,172.4499969482422,171.01028442382812,4980300,0.0,0.0,GE
2025-01-07 00:00:00-05:00,172.22000122070312,173.6999969482422,170.77999877929688,172.30999755859375,170.8714599609375,6496400,0.0,0.0,GE
2025-01-08 00:00:00-05:00,172.0,173.5800018310547,170.7100067138672,172.88999938964844,171.4466094970703,4527700,0.0,0.0,GE
2025-01-10 00:00:00-05:00,172.39999389648438,173.4600067138672,170.74000549316406,171.69000244140625,170.2566375732422,5131200,0.0,0.0,GE
2025-01-13 00:00:00-05:00,169.50999450683594,172.52000427246094,169.0,171.57000732421875,170.13766479492188,5610800,0.0,0.0,GE
2025-01-14 00:00:00-05:00,173.11000061035156,177.89999389648438,172.39999389648438,176.86000061035156,175.3834686279297,6432700,0.0,0.0,GE
2025-01-15 00:00:00-05:00,179.07000732421875,180.8800048828125,178.8800048828125,180.2899932861328,178.7848358154297,7397000,0.0,0.0,GE
2025-01-16 00:00:00-05:00,181.67999267578125,182.8800048828125,178.6199951171875,179.74000549316406,178.2394256591797,6144700,0.0,0.0,GE
2025-01-17 00:00:00-05:00,180.77999877929688,183.19000244140625,179.9600067138672,182.85000610351562,181.32345581054688,5899100,0.0,0.0,GE
2025-01-21 00:00:00-05:00,184.89999389648438,189.32000732421875,184.50999450683594,187.5,185.9346466064453,7508400,0.0,0.0,GE
2025-01-22 00:00:00-05:00,188.0800018310547,189.24000549316406,186.61000061035156,188.36000061035156,186.78744506835938,7457800,0.0,0.0,GE
2025-01-23 00:00:00-05:00,201.39999389648438,207.64999389648438,198.10000610351562,200.8000030517578,199.12359619140625,14403500,0.0,0.0,GE
2025-01-24 00:00:00-05:00,202.5,203.0,195.52000427246094,196.75,195.10740661621094,7835700,0.0,0.0,GE
2025-01-27 00:00:00-05:00,194.33999633789062,196.6300048828125,192.74000549316406,194.4600067138672,192.8365478515625,7674800,0.0,0.0,GE
2025-01-28 00:00:00-05:00,195.3000030517578,196.5500030517578,191.7899932861328,194.42999267578125,192.80677795410156,4858800,0.0,0.0,GE
2025-01-29 00:00:00-05:00,194.92999267578125,199.94000244140625,194.92999267578125,199.10000610351562,197.4378204345703,5595800,0.0,0.0,GE
2025-01-30 00:00:00-05:00,199.80999755859375,205.92999267578125,199.47999572753906,205.57000732421875,203.85377502441406,6282100,0.0,0.0,GE
2025-01-31 00:00:00-05:00,205.83999633789062,205.8699951171875,203.07000732421875,203.57000732421875,201.8704833984375,5507800,0.0,0.0,GE
2025-02-03 00:00:00-05:00,200.0,204.72999572753906,198.97000122070312,204.11000061035156,202.40599060058594,4678300,0.0,0.0,GE
2025-02-04 00:00:00-05:00,202.92999267578125,204.5399932861328,200.42999267578125,202.17999267578125,200.4920654296875,5413800,0.0,0.0,GE
2025-02-05 00:00:00-05:00,203.8800048828125,205.27999877929688,201.7899932861328,204.5800018310547,202.87203979492188,3239400,0.0,0.0,GE
2025-02-06 00:00:00-05:00,205.0,206.10000610351562,204.05999755859375,206.05999755859375,204.33970642089844,3113200,0.0,0.0,GE
2025-02-07 00:00:00-05:00,206.47999572753906,207.83999633789062,204.5,205.27999877929688,203.56622314453125,3954400,0.0,0.0,GE
2025-02-10 00:00:00-05:00,206.13999938964844,206.66000366210938,203.39999389648438,205.22000122070312,203.5067138671875,3787500,0.0,0.0,GE
2025-02-11 00:00:00-05:00,205.0,209.14999389648438,204.44000244140625,208.82000732421875,207.07664489746094,4110900,0.0,0.0,GE
2025-02-12 00:00:00-05:00,206.6999969482422,211.4199981689453,206.13999938964844,209.63999938964844,207.88980102539062,4595200,0.0,0.0,GE
2025-02-13 00:00:00-05:00,211.1199951171875,211.3000030517578,206.27000427246094,208.36000061035156,206.6204833984375,3763300,0.0,0.0,GE
2025-02-14 00:00:00-05:00,208.66000366210938,209.16000366210938,204.97000122070312,208.27000427246094,206.53125,4268500,0.0,0.0,GE
2025-02-18 00:00:00-05:00,209.8699951171875,212.19000244140625,209.32000732421875,210.0800018310547,208.32614135742188,4396000,0.0,0.0,GE
2025-02-19 00:00:00-05:00,209.0399932861328,211.77999877929688,208.8800048828125,210.5,208.7426300048828,2699100,0.0,0.0,GE
2025-02-20 00:00:00-05:00,209.72999572753906,210.27999877929688,207.14999389648438,208.74000549316406,206.99732971191406,2969100,0.0,0.0,GE
2025-02-21 00:00:00-05:00,208.36000061035156,209.1199951171875,198.44000244140625,199.8300018310547,198.16171264648438,5419500,0.0,0.0,GE
2025-02-24 00:00:00-05:00,202.6300048828125,203.25,197.42999267578125,198.7100067138672,197.05105590820312,4299100,0.0,0.0,GE
2025-02-25 00:00:00-05:00,198.97999572753906,200.0800018310547,194.83999633789062,199.27000427246094,197.60638427734375,4121400,0.0,0.0,GE
2025-02-26 00:00:00-05:00,201.75999450683594,204.60000610351562,199.99000549316406,201.61000061035156,199.92684936523438,3157400,0.0,0.0,GE
2025-02-27 00:00:00-05:00,204.4199981689453,205.47000122070312,201.10000610351562,201.42999267578125,199.74835205078125,3480200,0.0,0.0,GE
2025-02-28 00:00:00-05:00,201.9499969482422,207.32000732421875,201.02999877929688,206.97999572753906,205.25201416015625,6117400,0.0,0.0,GE
2025-03-03 00:00:00-05:00,207.08999633789062,208.47999572753906,200.80999755859375,201.9600067138672,200.27391052246094,5376400,0.0,0.0,GE
2025-03-04 00:00:00-05:00,198.0,203.0399932861328,193.25999450683594,198.77000427246094,197.1105499267578,6164200,0.0,0.0,GE
2025-03-05 00:00:00-05:00,198.8699951171875,204.47000122070312,198.69000244140625,202.5,200.80941772460938,6221200,0.0,0.0,GE
2025-03-06 00:00:00-05:00,199.0,200.22000122070312,195.27999877929688,196.0500030517578,194.41326904296875,5621400,0.0,0.0,GE
2025-03-07 00:00:00-05:00,195.07000732421875,195.75,187.67999267578125,193.85000610351562,192.23162841796875,7681300,0.0,0.0,GE
2025-03-10 00:00:00-04:00,189.1999969482422,192.2100067138672,187.91000366210938,192.1199951171875,190.87051391601562,6195000,0.36,0.0,GE
2025-03-11 00:00:00-04:00,189.92999267578125,193.67999267578125,188.32000732421875,191.72000122070312,190.47312927246094,5356700,0.0,0.0,GE
2025-03-12 00:00:00-04:00,194.9199981689453,197.25,192.42999267578125,195.0,193.73179626464844,4735000,0.0,0.0,GE
2025-03-13 00:00:00-04:00,194.5500030517578,195.6199951171875,191.6699981689453,192.4199981689453,191.16859436035156,3837200,0.0,0.0,GE
2025-03-14 00:00:00-04:00,195.3699951171875,197.6999969482422,193.60000610351562,197.11000061035156,195.8280792236328,3263200,0.0,0.0,GE
2025-03-17 00:00:00-04:00,197.0,203.60000610351562,196.3300018310547,202.02999877929688,200.71607971191406,3733000,0.0,0.0,GE
2025-03-18 00:00:00-04:00,201.8000030517578,201.97999572753906,199.52000427246094,200.7899932861328,199.48414611816406,3983100,0.0,0.0,GE
2025-03-19 00:00:00-04:00,201.32000732421875,206.82000732421875,201.32000732421875,205.57000732421875,204.23306274414062,3564000,0.0,0.0,GE
2025-03-20 00:00:00-04:00,205.0,206.1699981689453,203.11000061035156,203.92999267578125,202.60372924804688,3970800,0.0,0.0,GE
2025-03-21 00:00:00-04:00,202.60000610351562,204.30999755859375,200.82000732421875,204.1300048828125,202.80242919921875,7976300,0.0,0.0,GE
2025-03-24 00:00:00-04:00,206.9199981689453,210.8800048828125,205.60000610351562,210.22999572753906,208.8627471923828,4043900,0.0,0.0,GE
2025-03-25 00:00:00-04:00,210.77000427246094,212.75999450683594,210.25,212.1300048828125,210.75038146972656,4315200,0.0,0.0,GE
2025-03-26 00:00:00-04:00,212.2899932861328,214.2100067138672,206.69000244140625,207.3699951171875,206.02134704589844,4791100,0.0,0.0,GE
2025-03-27 00:00:00-04:00,206.36000061035156,207.69000244140625,202.8000030517578,205.8800048828125,204.54104614257812,3301900,0.0,0.0,GE
2025-03-28 00:00:00-04:00,205.60000610351562,206.86000061035156,199.58999633789062,199.8800048828125,198.58006286621094,5178400,0.0,0.0,GE
2025-03-31 00:00:00-04:00,197.52999877929688,201.57000732421875,194.4499969482422,200.14999389648438,198.8483123779297,6923100,0.0,0.0,GE
2025-04-01 00:00:00-04:00,199.55999755859375,204.5,198.47000122070312,203.7899932861328,202.46463012695312,3854000,0.0,0.0,GE
2025-04-02 00:00:00-04:00,199.47999572753906,202.19000244140625,198.42999267578125,199.77000427246094,198.47079467773438,6026500,0.0,0.0,GE
2025-04-03 00:00:00-04:00,189.83999633789062,194.14999389648438,186.72000122070312,187.6300048828125,186.4097442626953,12750500,0.0,0.0,GE
2025-04-04 00:00:00-04:00,179.67999267578125,183.16000366210938,165.4199981689453,166.80999755859375,165.72512817382812,18167100,0.0,0.0,GE
2025-04-07 00:00:00-04:00,163.2100067138672,175.33999633789062,159.36000061035156,167.6999969482422,166.60934448242188,18545500,0.0,0.0,GE
2025-04-08 00:00:00-04:00,176.0,178.35000610351562,166.36000061035156,169.3699951171875,168.2684783935547,11903400,0.0,0.0,GE
2025-04-09 00:00:00-04:00,165.80999755859375,189.11000061035156,165.6999969482422,187.27000427246094,186.05206298828125,12548600,0.0,0.0,GE
2025-04-10 00:00:00-04:00,181.89999389648438,185.41000366210938,175.9600067138672,181.50999450683594,180.3295440673828,8150900,0.0,0.0,GE
2025-04-11 00:00:00-04:00,179.00999450683594,184.25,175.0500030517578,181.6699981689453,180.48851013183594,6491100,0.0,0.0,GE
2025-04-14 00:00:00-04:00,185.35000610351562,187.61000061035156,183.8300018310547,186.0,184.7903289794922,5319100,0.0,0.0,GE
2025-04-15 00:00:00-04:00,183.8800048828125,188.44000244140625,182.2899932861328,185.6699981689453,184.46249389648438,4999300,0.0,0.0,GE
2025-04-16 00:00:00-04:00,184.07000732421875,185.8800048828125,181.27999877929688,182.4499969482422,181.263427734375,5128000,0.0,0.0,GE
2025-04-17 00:00:00-04:00,183.38999938964844,184.24000549316406,181.58999633789062,181.7899932861328,180.6077117919922,4932000,0.0,0.0,GE
2025-04-21 00:00:00-04:00,179.2899932861328,180.7899932861328,176.02000427246094,178.35000610351562,177.19009399414062,8501600,0.0,0.0,GE
2025-04-22 00:00:00-04:00,186.5,190.0,182.10000610351562,189.17999267578125,187.9496307373047,13041000,0.0,0.0,GE
2025-04-23 00:00:00-04:00,195.94000244140625,197.02999877929688,192.57000732421875,193.67999267578125,192.42037963867188,7235700,0.0,0.0,GE
2025-04-24 00:00:00-04:00,194.3300018310547,197.6999969482422,194.0500030517578,197.41000366210938,196.1261444091797,5906300,0.0,0.0,GE
2025-04-25 00:00:00-04:00,198.6999969482422,199.99000549316406,197.25999450683594,198.42999267578125,197.13949584960938,4390600,0.0,0.0,GE
2025-04-28 00:00:00-04:00,199.5,201.47999572753906,198.60000610351562,200.86000061035156,199.55368041992188,3416900,0.0,0.0,GE
2025-04-29 00:00:00-04:00,200.49000549316406,202.42999267578125,199.64999389648438,200.5,199.196044921875,3444200,0.0,0.0,GE
2025-04-30 00:00:00-04:00,198.60000610351562,202.02999877929688,196.86000061035156,201.5399932861328,200.22926330566406,4436300,0.0,0.0,GE
2025-05-01 00:00:00-04:00,202.25,205.24000549316406,200.86000061035156,203.61000061035156,202.28579711914062,4687600,0.0,0.0,GE
2025-05-02 00:00:00-04:00,206.32000732421875,208.72000122070312,205.55999755859375,207.6999969482422,206.34921264648438,3831700,0.0,0.0,GE
2025-05-05 00:00:00-04:00,206.30999755859375,210.52000427246094,205.64999389648438,208.94000244140625,207.58114624023438,4466500,0.0,0.0,GE
2025-05-06 00:00:00-04:00,206.02000427246094,209.8300018310547,205.9199981689453,208.60000610351562,207.2433624267578,3169600,0.0,0.0,GE
2025-05-07 00:00:00-04:00,208.89999389648438,210.6300048828125,208.22000122070312,209.9199981689453,208.55477905273438,3968300,0.0,0.0,GE
2025-05-08 00:00:00-04:00,211.0,216.8000030517578,210.50999450683594,214.49000549316406,213.09506225585938,5870300,0.0,0.0,GE
2025-05-09 00:00:00-04:00,215.2100067138672,216.1199951171875,212.72999572753906,214.9600067138672,213.56199645996094,3778200,0.0,0.0,GE
2025-05-12 00:00:00-04:00,219.33999633789062,219.97999572753906,211.14999389648438,218.9499969482422,217.5260467529297,5468000,0.0,0.0,GE
2025-05-13 00:00:00-04:00,220.0,223.5500030517578,219.3000030517578,221.5800018310547,220.13894653320312,7188700,0.0,0.0,GE
2025-05-14 00:00:00-04:00,222.94000244140625,223.35000610351562,220.4499969482422,223.24000549316406,221.7881622314453,4764700,0.0,0.0,GE
2025-05-15 00:00:00-04:00,223.4499969482422,230.08999633789062,223.4499969482422,229.3800048828125,227.88821411132812,7207700,0.0,0.0,GE
2025-05-16 00:00:00-04:00,229.07000732421875,232.32000732421875,227.58999633789062,231.77999877929688,230.27259826660156,4651700,0.0,0.0,GE
2025-05-19 00:00:00-04:00,229.5,235.8699951171875,228.9199981689453,235.2899932861328,233.759765625,4734400,0.0,0.0,GE
2025-05-20 00:00:00-04:00,234.16000366210938,236.0800018310547,233.8000030517578,235.25999450683594,233.72996520996094,4311000,0.0,0.0,GE
2025-05-21 00:00:00-04:00,234.86000061035156,237.3000030517578,232.66000366210938,233.5399932861328,232.02114868164062,4631000,0.0,0.0,GE
2025-05-22 00:00:00-04:00,231.19000244140625,232.4499969482422,229.4199981689453,230.27000427246094,228.7724151611328,6909400,0.0,0.0,GE
2025-05-23 00:00:00-04:00,228.83999633789062,233.69000244140625,228.00999450683594,232.7899932861328,231.27603149414062,4234200,0.0,0.0,GE
2025-05-27 00:00:00-04:00,235.4199981689453,242.27999877929688,235.10000610351562,241.77999877929688,240.20758056640625,7162400,0.0,0.0,GE
2025-05-28 00:00:00-04:00,241.77999877929688,246.0,241.60000610351562,243.6699981689453,242.0852813720703,9570500,0.0,0.0,GE
2025-05-29 00:00:00-04:00,244.52999877929688,244.94000244140625,241.49000549316406,244.16000366210938,242.57208251953125,5243700,0.0,0.0,GE
2025-05-30 00:00:00-04:00,243.38999938964844,246.86000061035156,242.3000030517578,245.91000366210938,244.31069946289062,9143000,0.0,0.0,GE
2025-06-02 00:00:00-04:00,245.85000610351562,248.10000610351562,244.50999450683594,247.47999572753906,245.87049865722656,5450800,0.0,0.0,GE
2025-06-03 00:00:00-04:00,247.5,250.5,244.17999267578125,248.8699951171875,247.25146484375,6456200,0.0,0.0,GE
2025-06-04 00:00:00-04:00,249.97999572753906,253.05999755859375,249.72000122070312,250.8800048828125,249.24838256835938,5811500,0.0,0.0,GE
2025-06-05 00:00:00-04:00,252.47999572753906,253.00999450683594,250.11000061035156,251.9199981689453,250.28160095214844,4188200,0.0,0.0,GE
2025-06-06 00:00:00-04:00,253.0,257.4700012207031,252.07000732421875,255.6300048828125,253.96749877929688,5796700,0.0,0.0,GE
2025-06-09 00:00:00-04:00,254.02000427246094,255.32000732421875,251.13999938964844,251.41000366210938,249.7749481201172,5771600,0.0,0.0,GE
2025-06-10 00:00:00-04:00,250.77999877929688,251.25,239.75,242.0,240.4261474609375,11230900,0.0,0.0,GE
2025-06-11 00:00:00-04:00,242.63999938964844,246.9600067138672,238.50999450683594,245.52000427246094,243.9232635498047,6940800,0.0,0.0,GE
2025-06-12 00:00:00-04:00,240.0,243.42999267578125,238.67999267578125,239.99000549316406,238.42921447753906,8946600,0.0,0.0,GE
2025-06-13 00:00:00-04:00,235.0,238.0,233.6999969482422,236.60000610351562,235.06126403808594,7420300,0.0,0.0,GE
2025-06-16 00:00:00-04:00,237.60000610351562,239.94000244140625,236.07000732421875,236.5399932861328,235.0016326904297,4505600,0.0,0.0,GE
2025-06-17 00:00:00-04:00,236.72999572753906,238.97000122070312,234.8800048828125,235.75,234.21678161621094,5720500,0.0,0.0,GE
2025-06-18 00:00:00-04:00,235.9600067138672,239.52000427246094,232.24000549316406,235.88999938964844,234.3558807373047,7761100,0.0,0.0,GE
2025-06-20 00:00:00-04:00,239.72000122070312,240.8000030517578,236.50999450683594,239.3699951171875,237.813232421875,9142100,0.0,0.0,GE
2025-06-23 00:00:00-04:00,239.24000549316406,248.4600067138672,238.6199951171875,247.80999755859375,246.1983642578125,8052000,0.0,0.0,GE
2025-06-24 00:00:00-04:00,248.3800048828125,249.38999938964844,245.57000732421875,248.75,247.13223266601562,5255700,0.0,0.0,GE
2025-06-25 00:00:00-04:00,250.0800018310547,250.99000549316406,248.47999572753906,249.89999389648438,248.2747802734375,5197400,0.0,0.0,GE
2025-06-26 00:00:00-04:00,251.17999267578125,255.47999572753906,250.0,251.0,249.3675994873047,6790300,0.0,0.0,GE
2025-06-27 00:00:00-04:00,251.85000610351562,260.54998779296875,251.77999877929688,254.50999450683594,252.8547821044922,26988000,0.0,0.0,GE
2025-06-30 00:00:00-04:00,256.30999755859375,257.8900146484375,253.8699951171875,257.3900146484375,255.71604919433594,8135800,0.0,0.0,GE
2025-07-01 00:00:00-04:00,255.75,255.75,247.11000061035156,249.02000427246094,247.40049743652344,7178300,0.0,0.0,GE
2025-07-02 00:00:00-04:00,248.0,249.1300048828125,243.66000366210938,244.75,243.1582489013672,6228600,0.0,0.0,GE
2025-07-03 00:00:00-04:00,245.5500030517578,248.6999969482422,245.0,246.8800048828125,245.27439880371094,3089500,0.0,0.0,GE
2025-07-07 00:00:00-04:00,247.52000427246094,249.44000244140625,246.47999572753906,248.64999389648438,247.3936309814453,5336400,0.36,0.0,GE
2025-07-08 00:00:00-04:00,248.0,249.4600067138672,243.33999633789062,247.0500030517578,245.80174255371094,5994500,0.0,0.0,GE
2025-07-09 00:00:00-04:00,248.99000549316406,251.72000122070312,246.82000732421875,250.3300018310547,249.06515502929688,5589500,0.0,0.0,GE
2025-07-10 00:00:00-04:00,250.61000061035156,252.67999267578125,246.75,252.57000732421875,251.29383850097656,5462500,0.0,0.0,GE
2025-07-11 00:00:00-04:00,251.5,256.8800048828125,251.39999389648438,255.4199981689453,254.12942504882812,7867200,0.0,0.0,GE
2025-07-14 00:00:00-04:00,256.19000244140625,262.4599914550781,256.0,262.3399963378906,261.01446533203125,7502200,0.0,0.0,GE
2025-07-15 00:00:00-04:00,263.9200134277344,265.05999755859375,261.739990234375,264.6700134277344,263.33270263671875,9392400,0.0,0.0,GE
2025-07-16 00:00:00-04:00,264.0,266.8599853515625,262.0299987792969,266.17999267578125,264.83502197265625,11912900,0.0,0.0,GE
2025-07-17 00:00:00-04:00,269.79998779296875,272.79998779296875,258.1600036621094,260.2799987792969,258.96484375,16260200,0.0,0.0,GE
2025-07-18 00:00:00-04:00,265.3999938964844,269.70001220703125,262.55999755859375,263.2699890136719,261.93975830078125,8619800,0.0,0.0,GE
2025-07-21 00:00:00-04:00,263.69000244140625,266.25,259.5799865722656,262.8599853515625,261.5318298339844,5208500,0.0,0.0,GE
2025-07-22 00:00:00-04:00,260.7300109863281,261.5,254.66000366210938,259.0,257.69134521484375,4751300,0.0,0.0,GE
2025-07-23 00:00:00-04:00,260.5299987792969,263.7300109863281,259.95001220703125,263.17999267578125,261.8502197265625,4689800,0.0,0.0,GE
2025-07-24 00:00:00-04:00,263.55999755859375,269.8399963378906,263.17999267578125,268.010009765625,266.65582275390625,5206700,0.0,0.0,GE
2025-07-25 00:00:00-04:00,268.8299865722656,272.8299865722656,268.260009765625,271.5899963378906,270.2177429199219,4598400,0.0,0.0,GE
2025-07-28 00:00:00-04:00,273.3599853515625,273.44000244140625,267.44000244140625,270.6099853515625,269.24267578125,5006400,0.0,0.0,GE
2025-07-29 00:00:00-04:00,272.7300109863281,273.79998779296875,269.1199951171875,270.30999755859375,268.9442138671875,4125300,0.0,0.0,GE
2025-07-30 00:00:00-04:00,270.9200134277344,273.6300048828125,269.510009765625,273.54998779296875,272.1678466796875,4697000,0.0,0.0,GE
2025-07-31 00:00:00-04:00,273.07000732421875,274.94000244140625,269.8800048828125,271.0799865722656,269.7102966308594,4524000,0.0,0.0,GE
2025-08-01 00:00:00-04:00,265.5299987792969,270.54998779296875,261.7099914550781,269.3800048828125,268.0189208984375,4416300,0.0,0.0,GE
2025-08-04 00:00:00-04:00,270.510009765625,276.8500061035156,270.2200012207031,276.2300109863281,274.83428955078125,3744000,0.0,0.0,GE
2025-08-05 00:00:00-04:00,276.260009765625,277.0,268.6199951171875,272.1199951171875,270.74505615234375,4000600,0.0,0.0,GE
2025-08-06 00:00:00-04:00,273.5,275.04998779296875,269.9100036621094,272.2799987792969,270.90423583984375,3576800,0.0,0.0,GE
2025-08-07 00:00:00-04:00,271.95001220703125,272.8699951171875,268.7300109863281,272.0199890136719,270.64556884765625,3050400,0.0,0.0,GE
2025-08-08 00:00:00-04:00,273.5799865722656,277.17999267578125,272.5799865722656,275.010009765625,273.6204528808594,4467300,0.0,0.0,GE
2025-08-11 00:00:00-04:00,275.1499938964844,276.4100036621094,272.54998779296875,275.20001220703125,273.80950927734375,3360100,0.0,0.0,GE
2025-08-12 00:00:00-04:00,276.0400085449219,280.5400085449219,275.70001220703125,279.6300048828125,278.21710205078125,3630100,0.0,0.0,GE
2025-08-13 00:00:00-04:00,281.0,281.5,264.0799865722656,268.8599853515625,267.5014953613281,7599600,0.0,0.0,GE
2025-08-14 00:00:00-04:00,272.989990234375,274.1600036621094,269.4800109863281,269.70001220703125,268.3373107910156,4481700,0.0,0.0,GE
2025-08-15 00:00:00-04:00,268.9200134277344,269.70001220703125,265.2099914550781,267.8500061035156,266.49664306640625,5203300,0.0,0.0,GE
2025-08-18 00:00:00-04:00,267.8999938964844,269.6099853515625,266.510009765625,268.45001220703125,267.0935974121094,2697000,0.0,0.0,GE
2025-08-19 00:00:00-04:00,266.30999755859375,268.9599914550781,263.79998779296875,265.92999267578125,264.5863342285156,3404900,0.0,0.0,GE
2025-08-20 00:00:00-04:00,265.4599914550781,268.94000244140625,263.80999755859375,266.44000244140625,265.0937805175781,3854700,0.0,0.0,GE
2025-08-21 00:00:00-04:00,267.1400146484375,271.9200134277344,266.1400146484375,268.7099914550781,267.3522644042969,3266400,0.0,0.0,GE
2025-08-22 00:00:00-04:00,269.7300109863281,272.3500061035156,266.3699951171875,266.5299987792969,265.18328857421875,5229300,0.0,0.0,GE
2025-08-25 00:00:00-04:00,267.0,271.9200134277344,266.55999755859375,266.6099853515625,265.26287841796875,4301600,0.0,0.0,GE
2025-08-26 00:00:00-04:00,267.9800109863281,274.70001220703125,267.4200134277344,273.94000244140625,272.5558776855469,4693500,0.0,0.0,GE
2025-08-27 00:00:00-04:00,273.70001220703125,274.70001220703125,272.2300109863281,273.3500061035156,271.9688720703125,2705700,0.0,0.0,GE
2025-08-28 00:00:00-04:00,272.5,276.6700134277344,272.1300048828125,276.0,274.60546875,3388100,0.0,0.0,GE
2025-08-29 00:00:00-04:00,276.0,276.2799987792969,271.6400146484375,275.20001220703125,273.80950927734375,5037100,0.0,0.0,GE
2025-09-02 00:00:00-04:00,273.8999938964844,275.5799865722656,268.010009765625,275.3900146484375,273.9985656738281,4081200,0.0,0.0,GE
2025-09-03 00:00:00-04:00,275.9100036621094,277.32000732421875,273.6000061035156,275.92999267578125,274.5357971191406,4120400,0.0,0.0,GE
2025-09-04 00:00:00-04:00,275.8299865722656,282.3599853515625,275.8299865722656,282.2699890136719,280.84375,4591300,0.0,0.0,GE
2025-09-05 00:00:00-04:00,282.2699890136719,284.4100036621094,271.8599853515625,279.2300109863281,277.8191223144531,4952600,0.0,0.0,GE
2025-09-08 00:00:00-04:00,280.0,282.9200134277344,275.489990234375,276.04998779296875,274.6551818847656,5008600,0.0,0.0,GE
2025-09-09 00:00:00-04:00,275.3800048828125,277.0799865722656,273.29998779296875,276.239990234375,274.8442077636719,3073600,0.0,0.0,GE
2025-09-10 00:00:00-04:00,277.54998779296875,283.489990234375,276.8900146484375,283.4100036621094,281.9779968261719,3206400,0.0,0.0,GE
2025-09-11 00:00:00-04:00,283.7300109863281,286.9100036621094,279.5899963378906,281.55999755859375,280.13739013671875,4016800,0.0,0.0,GE
2025-09-12 00:00:00-04:00,281.55999755859375,283.5299987792969,280.70001220703125,281.69000244140625,280.2666931152344,3249700,0.0,0.0,GE
2025-09-15 00:00:00-04:00,281.989990234375,287.1099853515625,281.6199951171875,286.7799987792969,285.33099365234375,3716600,0.0,0.0,GE
2025-09-16 00:00:00-04:00,289.8699951171875,294.739990234375,288.8399963378906,292.9700012207031,291.4897155761719,5538400,0.0,0.0,GE
2025-09-17 00:00:00-04:00,292.0899963378906,292.7099914550781,286.5,289.5,288.0372619628906,4149600,0.0,0.0,GE
2025-09-18 00:00:00-04:00,290.7099914550781,297.6499938964844,290.2099914550781,297.0899963378906,295.5888977050781,3977500,0.0,0.0,GE
2025-09-19 00:00:00-04:00,297.7900085449219,303.0299987792969,295.3599853515625,301.1400146484375,299.61846923828125,9652600,0.0,0.0,GE
2025-09-22 00:00:00-04:00,300.1000061035156,301.1499938964844,296.3500061035156,301.0199890136719,299.4990234375,4192800,0.0,0.0,GE
2025-09-23 00:00:00-04:00,301.6499938964844,305.7699890136719,301.1499938964844,305.6300048828125,304.08575439453125,3637400,0.0,0.0,GE
2025-09-24 00:00:00-04:00,306.8999938964844,307.25,298.7900085449219,300.29998779296875,298.78265380859375,5645500,0.0,0.0,GE
2025-09-25 00:00:00-04:00,298.5,300.239990234375,294.8699951171875,297.17999267578125,295.67840576171875,4504500,0.0,0.0,GE
2025-09-26 00:00:00-04:00,299.92999267578125,302.0,292.75,294.9800109863281,293.48956298828125,3817600,0.0,0.0,GE
2025-09-29 00:00:00-04:00,296.3599853515625,297.92999267578125,289.6600036621094,293.6300048828125,292.5033264160156,3860800,0.36,0.0,GE
2025-09-30 00:00:00-04:00,294.7099914550781,301.4700012207031,293.9100036621094,300.82000732421875,299.665771484375,4112400,0.0,0.0,GE
2025-10-01 00:00:00-04:00,296.3800048828125,302.2300109863281,295.0299987792969,300.8800048828125,299.72552490234375,3633300,0.0,0.0,GE
2025-10-02 00:00:00-04:00,302.30999755859375,303.44000244140625,296.79998779296875,299.45001220703125,298.301025390625,2508200,0.0,0.0,GE
2025-10-03 00:00:00-04:00,299.4599914550781,302.75,295.4599914550781,297.0,295.86041259765625,2817000,0.0,0.0,GE
2025-10-06 00:00:00-04:00,295.79998779296875,299.2900085449219,294.75,298.2200012207031,297.07574462890625,2759800,0.0,0.0,GE
2025-10-07 00:00:00-04:00,298.07000732421875,302.739990234375,297.8900146484375,301.739990234375,300.5821838378906,2578800,0.0,0.0,GE
2025-10-08 00:00:00-04:00,303.3999938964844,304.6700134277344,299.5899963378906,302.55999755859375,301.3990783691406,2658600,0.0,0.0,GE
2025-10-09 00:00:00-04:00,302.7099914550781,304.0,296.1000061035156,299.3500061035156,298.201416015625,4292500,0.0,0.0,GE
2025-10-10 00:00:00-04:00,299.0,300.0,291.489990234375,291.489990234375,290.3715515136719,3380000,0.0,0.0,GE
2025-10-13 00:00:00-04:00,296.0,297.5799865722656,293.1199951171875,297.5299987792969,296.3883972167969,2604100,0.0,0.0,GE
2025-10-14 00:00:00-04:00,294.8399963378906,302.2900085449219,292.010009765625,300.0799865722656,298.9285888671875,2516500,0.0,0.0,GE
2025-10-15 00:00:00-04:00,301.5400085449219,304.95001220703125,295.7200012207031,300.1199951171875,298.9684143066406,2773000,0.0,0.0,GE
2025-10-16 00:00:00-04:00,301.6700134277344,303.04998779296875,297.760009765625,299.8399963378906,298.68951416015625,2623100,0.0,0.0,GE
2025-10-17 00:00:00-04:00,298.1700134277344,302.9599914550781,297.3399963378906,300.1400146484375,298.9883728027344,3949300,0.0,0.0,GE
2025-10-20 00:00:00-04:00,303.8599853515625,305.42999267578125,301.6700134277344,302.67999267578125,301.51861572265625,5058700,0.0,0.0,GE
2025-10-21 00:00:00-04:00,307.29998779296875,316.5299987792969,303.0299987792969,306.6300048828125,305.4534606933594,6726600,0.0,0.0,GE
2025-10-22 00:00:00-04:00,307.6000061035156,309.0,294.79998779296875,297.8900146484375,296.74700927734375,5212200,0.0,0.0,GE
2025-10-23 00:00:00-04:00,299.1499938964844,307.0899963378906,298.67999267578125,306.3900146484375,305.2143859863281,3091000,0.0,0.0,GE
2025-10-24 00:00:00-04:00,309.19000244140625,310.29998779296875,303.57000732421875,303.8699951171875,302.7040710449219,3586800,0.0,0.0,GE
2025-10-27 00:00:00-04:00,307.489990234375,313.3299865722656,304.5,312.8399963378906,311.6396484375,4244400,0.0,0.0,GE
2025-10-28 00:00:00-04:00,312.1000061035156,316.6700134277344,309.45001220703125,309.7900085449219,308.6013488769531,3058100,0.0,0.0,GE
2025-10-29 00:00:00-04:00,310.0,315.1199951171875,309.0199890136719,314.2799987792969,313.0740966796875,3596800,0.0,0.0,GE
2025-10-30 00:00:00-04:00,310.4100036621094,314.8399963378906,308.5,310.75,309.5576477050781,3782000,0.0,0.0,GE
2025-10-31 00:00:00-04:00,311.739990234375,314.9200134277344,307.17999267578125,308.95001220703125,307.7645568847656,4023800,0.0,0.0,GE
2025-11-03 00:00:00-05:00,309.1000061035156,311.69000244140625,306.2799987792969,308.6199951171875,307.43585205078125,3297600,0.0,0.0,GE
2025-11-04 00:00:00-05:00,305.82000732421875,309.2300109863281,303.07000732421875,304.20001220703125,303.03277587890625,3938200,0.0,0.0,GE
2025-11-05 00:00:00-05:00,303.45001220703125,308.5400085449219,302.5,305.1099853515625,303.93927001953125,4711100,0.0,0.0,GE
2025-11-06 00:00:00-05:00,303.7300109863281,308.0299987792969,301.44000244140625,305.2699890136719,304.0986633300781,3467800,0.0,0.0,GE
2025-11-07 00:00:00-05:00,304.0299987792969,308.9200134277344,297.70001220703125,307.2699890136719,306.0909729003906,4766500,0.0,0.0,GE
2025-11-10 00:00:00-05:00,309.94000244140625,313.760009765625,308.9200134277344,311.94000244140625,310.74310302734375,3716400,0.0,0.0,GE
2025-11-11 00:00:00-05:00,310.5,312.7200012207031,307.04998779296875,310.7200012207031,309.52777099609375,2682200,0.0,0.0,GE
2025-11-12 00:00:00-05:00,310.7799987792969,312.45001220703125,302.0,309.0199890136719,307.83428955078125,3884500,0.0,0.0,GE
2025-11-13 00:00:00-05:00,309.9800109863281,311.3800048828125,302.5799865722656,304.1700134277344,303.0029296875,4153300,0.0,0.0,GE
2025-11-14 00:00:00-05:00,300.9700012207031,306.79998779296875,296.25,304.82000732421875,303.6504211425781,2803300,0.0,0.0,GE
2025-11-17 00:00:00-05:00,306.82000732421875,308.82000732421875,298.54998779296875,300.1300048828125,298.9784240722656,3076600,0.0,0.0,GE
2025-11-18 00:00:00-05:00,295.8299865722656,301.0799865722656,293.75,296.010009765625,294.8742370605469,4053600,0.0,0.0,GE
2025-11-19 00:00:00-05:00,295.8599853515625,301.6700134277344,295.5,300.82000732421875,299.665771484375,2952600,0.0,0.0,GE
2025-11-20 00:00:00-05:00,305.3999938964844,307.0799865722656,290.4800109863281,290.6199951171875,289.5049133300781,3733900,0.0,0.0,GE
2025-11-21 00:00:00-05:00,290.6199951171875,291.7099914550781,284.0400085449219,287.44000244140625,286.33709716796875,5604100,0.0,0.0,GE
2025-11-24 00:00:00-05:00,289.4800109863281,294.82000732421875,287.3699951171875,294.04998779296875,292.92169189453125,11909200,0.0,0.0,GE
2025-11-25 00:00:00-05:00,294.489990234375,295.9800109863281,286.2099914550781,293.44000244140625,292.3140563964844,4693100,0.0,0.0,GE
2025-11-26 00:00:00-05:00,295.2099914550781,298.6099853515625,293.4599914550781,296.6199951171875,295.48187255859375,4113700,0.0,0.0,GE
2025-11-28 00:00:00-05:00,297.010009765625,298.67999267578125,295.260009765625,298.45001220703125,297.30487060546875,1376400,0.0,0.0,GE
2025-12-01 00:00:00-05:00,295.75,296.3999938964844,288.0299987792969,288.45001220703125,287.3432312011719,3756300,0.0,0.0,GE
2025-12-02 00:00:00-05:00,290.79998779296875,292.0,288.4599914550781,289.32000732421875,288.20989990234375,4255800,0.0,0.0,GE
2025-12-03 00:00:00-05:00,288.0400085449219,289.3500061035156,284.5,288.489990234375,287.383056640625,4059500,0.0,0.0,GE
2025-12-04 00:00:00-05:00,288.8500061035156,294.5400085449219,287.6600036621094,291.8599853515625,290.7401123046875,4195300,0.0,0.0,GE
2025-12-05 00:00:00-05:00,291.6700134277344,293.2799987792969,282.1499938964844,283.94000244140625,282.8505554199219,5220300,0.0,0.0,GE
2025-12-08 00:00:00-05:00,285.0,288.8399963378906,283.29998779296875,287.19000244140625,286.08807373046875,4333200,0.0,0.0,GE
2025-12-09 00:00:00-05:00,287.20001220703125,290.45001220703125,284.7699890136719,285.30999755859375,284.21527099609375,3553400,0.0,0.0,GE
2025-12-10 00:00:00-05:00,285.45001220703125,285.8800048828125,281.30999755859375,283.6000061035156,282.5118408203125,5807400,0.0,0.0,GE
2025-12-11 00:00:00-05:00,282.0799865722656,289.3599853515625,279.6400146484375,288.4200134277344,287.3133239746094,5971500,0.0,0.0,GE
2025-12-12 00:00:00-05:00,290.92999267578125,304.010009765625,290.70001220703125,299.80999755859375,298.6596374511719,9381900,0.0,0.0,GE
2025-12-15 00:00:00-05:00,300.0,308.05999755859375,299.9100036621094,300.9800109863281,299.82513427734375,6808600,0.0,0.0,GE
2025-12-16 00:00:00-05:00,297.6600036621094,301.3999938964844,296.8599853515625,298.7300109863281,297.58380126953125,5271300,0.0,0.0,GE
2025-12-17 00:00:00-05:00,299.1199951171875,301.2300109863281,291.6199951171875,292.17999267578125,291.0588684082031,3802500,0.0,0.0,GE
2025-12-18 00:00:00-05:00,296.0,302.30999755859375,295.4200134277344,301.69000244140625,300.5324401855469,4495100,0.0,0.0,GE
2025-12-19 00:00:00-05:00,304.2300109863281,308.42999267578125,303.6400146484375,307.2099914550781,306.03125,8856400,0.0,0.0,GE
2025-12-22 00:00:00-05:00,309.6499938964844,316.3999938964844,305.92999267578125,314.7300109863281,313.52239990234375,6959900,0.0,0.0,GE
2025-12-23 00:00:00-05:00,315.0,317.75,314.1600036621094,315.5299987792969,314.3193054199219,2724800,0.0,0.0,GE
2025-12-24 00:00:00-05:00,315.989990234375,317.1600036621094,315.1199951171875,316.75,315.53466796875,878500,0.0,0.0,GE
2025-12-26 00:00:00-05:00,316.6000061035156,318.05999755859375,314.5400085449219,315.1400146484375,313.9308166503906,1882300,0.0,0.0,GE
2025-12-29 00:00:00-05:00,313.3399963378906,314.0,311.25,311.5799865722656,310.73944091796875,2773200,0.36,0.0,GE
2025-12-30 00:00:00-05:00,311.94000244140625,312.92999267578125,310.55999755859375,311.7900085449219,310.9488830566406,3155100,0.0,0.0,GE
2025-12-31 00:00:00-05:00,312.1400146484375,313.3599853515625,307.8699951171875,308.0299987792969,307.1990051269531,2555700,0.0,0.0,GE
2026-01-02 00:00:00-05:00,309.75,320.9800109863281,308.6600036621094,320.75,319.88470458984375,4340100,0.0,0.0,GE
2026-01-05 00:00:00-05:00,323.82000732421875,329.42999267578125,323.4200134277344,324.32000732421875,323.4450988769531,5628200,0.0,0.0,GE
2026-01-06 00:00:00-05:00,325.9200134277344,332.7900085449219,321.4599914550781,327.5400085449219,326.6563720703125,4324700,0.0,0.0,GE
2026-01-07 00:00:00-05:00,328.4200134277344,330.260009765625,322.95001220703125,323.6400146484375,322.76690673828125,4656800,0.0,0.0,GE
2026-01-08 00:00:00-05:00,330.1499938964844,330.1499938964844,310.2699890136719,314.44000244140625,313.59173583984375,5771700,0.0,0.0,GE
2026-01-09 00:00:00-05:00,317.1099853515625,322.29998779296875,315.19000244140625,321.5899963378906,320.7224426269531,3508000,0.0,0.0,GE
2026-01-12 00:00:00-05:00,320.20001220703125,324.5400085449219,319.4100036621094,324.1700134277344,323.2955017089844,4125300,0.0,0.0,GE
2026-01-13 00:00:00-05:00,325.54998779296875,328.0899963378906,325.0,327.2300109863281,326.34722900390625,2783900,0.0,0.0,GE
2026-01-14 00:00:00-05:00,324.82000732421875,326.29998779296875,316.3599853515625,318.8800048828125,318.0197448730469,3923600,0.0,0.0,GE
2026-01-15 00:00:00-05:00,320.5899963378906,324.45001220703125,317.95001220703125,319.94000244140625,319.0768737792969,4044900,0.0,0.0,GE
2026-01-16 00:00:00-05:00,321.7200012207031,325.54998779296875,318.70001220703125,325.1199951171875,324.2428894042969,4109700,0.0,0.0,GE
2026-01-20 00:00:00-05:00,321.75,323.8800048828125,309.6600036621094,312.3399963378906,311.4974060058594,10372200,0.0,0.0,GE
2026-01-21 00:00:00-05:00,313.05999755859375,320.3299865722656,310.6600036621094,318.5,317.6407775878906,9783900,0.0,0.0,GE
2026-01-22 00:00:00-05:00,305.8699951171875,310.0,294.8399963378906,295.0,294.20416259765625,13939000,0.0,0.0,GE
2026-01-23 00:00:00-05:00,297.0,299.1099853515625,290.07000732421875,293.8699951171875,293.07720947265625,7780200,0.0,0.0,GE
2026-01-26 00:00:00-05:00,293.0,298.7300109863281,290.44000244140625,295.05999755859375,294.2640075683594,7844800,0.0,0.0,GE
2026-01-27 00:00:00-05:00,295.510009765625,300.6300048828125,294.6000061035156,297.4700012207031,296.66748046875,7452200,0.0,0.0,GE
2026-01-28 00:00:00-05:00,297.0,298.2699890136719,291.1499938964844,292.4800109863281,291.69097900390625,7541300,0.0,0.0,GE
2026-01-29 00:00:00-05:00,293.29998779296875,299.19000244140625,290.3299865722656,298.8599853515625,298.0537414550781,6149900,0.0,0.0,GE
2026-01-30 00:00:00-05:00,297.0,307.6000061035156,296.3800048828125,306.7900085449219,305.9623718261719,7427800,0.0,0.0,GE
2026-02-02 00:00:00-05:00,305.6000061035156,309.6600036621094,301.0199890136719,308.7099914550781,307.877197265625,6727200,0.0,0.0,GE
2026-02-03 00:00:00-05:00,309.8900146484375,312.42999267578125,305.010009765625,309.92999267578125,309.0938720703125,4588100,0.0,0.0,GE
2026-02-04 00:00:00-05:00,310.010009765625,311.7799987792969,302.0,308.3399963378906,307.5081787109375,6591900,0.0,0.0,GE
2026-02-05 00:00:00-05:00,306.7099914550781,309.2300109863281,302.5,306.3699951171875,305.5434875488281,4461900,0.0,0.0,GE
2026-02-06 00:00:00-05:00,310.69000244140625,323.17999267578125,310.2200012207031,321.0,320.134033203125,5800600,0.0,0.0,GE
2026-02-09 00:00:00-05:00,321.0400085449219,324.489990234375,316.3900146484375,316.739990234375,315.885498046875,4706400,0.0,0.0,GE
2026-02-10 00:00:00-05:00,316.94000244140625,320.07000732421875,315.8800048828125,316.3299865722656,315.4765930175781,4610600,0.0,0.0,GE
2026-02-11 00:00:00-05:00,319.45001220703125,321.7799987792969,312.760009765625,313.7300109863281,312.8836364746094,5241100,0.0,0.0,GE
2026-02-12 00:00:00-05:00,317.7799987792969,324.8800048828125,311.6600036621094,312.8900146484375,312.0458984375,6163900,0.0,0.0,GE
2026-02-13 00:00:00-05:00,315.2200012207031,326.67999267578125,313.5299987792969,315.4100036621094,314.5591125488281,4393400,0.0,0.0,GE
2026-02-17 00:00:00-05:00,315.0,330.3999938964844,314.5,327.0799865722656,326.1976013183594,5863600,0.0,0.0,GE
2026-02-18 00:00:00-05:00,330.3500061035156,331.7900085449219,326.5,329.5799865722656,328.69085693359375,3988900,0.0,0.0,GE
2026-02-19 00:00:00-05:00,328.0400085449219,335.8800048828125,325.57000732421875,334.739990234375,333.8369445800781,4456700,0.0,0.0,GE
2026-02-20 00:00:00-05:00,338.8299865722656,344.29998779296875,336.7900085449219,343.2200012207031,342.2940979003906,5035400,0.0,0.0,GE
2026-02-23 00:00:00-05:00,342.1499938964844,343.2799987792969,337.0,338.989990234375,338.0754699707031,5045100,0.0,0.0,GE
2026-02-24 00:00:00-05:00,337.9800109863281,346.79998779296875,330.7200012207031,345.6400146484375,344.7075500488281,6171900,0.0,0.0,GE
2026-02-25 00:00:00-05:00,345.6099853515625,348.4800109863281,338.6600036621094,342.8900146484375,341.9649658203125,5030300,0.0,0.0,GE
2026-02-26 00:00:00-05:00,342.6099853515625,343.9800109863281,334.80999755859375,340.8399963378906,339.9205017089844,4722400,0.0,0.0,GE
2026-02-27 00:00:00-05:00,340.6199951171875,343.79998779296875,337.6700134277344,342.260009765625,341.336669921875,7055100,0.0,0.0,GE
2026-03-02 00:00:00-05:00,341.45001220703125,347.20001220703125,335.3299865722656,345.739990234375,344.8072814941406,3981200,0.0,0.0,GE
2026-03-03 00:00:00-05:00,340.67999267578125,341.1300048828125,329.0799865722656,334.1400146484375,333.2386169433594,5891500,0.0,0.0,GE
2026-03-04 00:00:00-05:00,336.54998779296875,340.25,333.4200134277344,339.80999755859375,338.8932800292969,3920400,0.0,0.0,GE
2026-03-05 00:00:00-05:00,336.5799865722656,341.80999755859375,320.7900085449219,326.989990234375,326.10784912109375,4825400,0.0,0.0,GE
2026-03-06 00:00:00-05:00,323.6700134277344,324.5400085449219,317.6099853515625,323.1099853515625,322.2383117675781,4677000,0.0,0.0,GE
2026-03-09 00:00:00-04:00,319.8900146484375,322.0,310.1199951171875,321.92999267578125,321.5292053222656,5740100,0.47,0.0,GE
2026-03-10 00:00:00-04:00,322.260009765625,331.8800048828125,320.54998779296875,326.5199890136719,326.1134948730469,4146700,0.0,0.0,GE
2026-03-11 00:00:00-04:00,324.2300109863281,326.20001220703125,321.19000244140625,325.1499938964844,324.7452087402344,3116000,0.0,0.0,GE
2026-03-12 00:00:00-04:00,318.6400146484375,318.6400146484375,301.1300048828125,306.70001220703125,306.31817626953125,8007200,0.0,0.0,GE
2026-03-13 00:00:00-04:00,307.3699951171875,309.510009765625,299.04998779296875,299.69000244140625,299.31689453125,5770600,0.0,0.0,GE
2026-03-16 00:00:00-04:00,303.7699890136719,305.70001220703125,300.1499938964844,304.0,303.62152099609375,6327200,0.0,0.0,GE
2026-03-17 00:00:00-04:00,305.4100036621094,306.0,299.0199890136719,302.0899963378906,301.7138977050781,4787100,0.0,0.0,GE
2026-03-18 00:00:00-04:00,302.82000732421875,304.9700012207031,300.17999267578125,300.9599914550781,300.5852966308594,3942400,0.0,0.0,GE
2026-03-19 00:00:00-04:00,296.1000061035156,296.239990234375,286.1300048828125,291.6099853515625,291.2469482421875,7128700,0.0,0.0,GE
2026-03-20 00:00:00-04:00,290.0,293.42999267578125,282.2900085449219,286.7900085449219,286.4329528808594,10192400,0.0,0.0,GE
2026-03-23 00:00:00-04:00,296.79998779296875,299.8299865722656,290.1700134277344,291.5400085449219,291.17706298828125,6473800,0.0,0.0,GE
2026-03-24 00:00:00-04:00,287.7099914550781,292.5199890136719,285.29998779296875,290.6300048828125,290.2681884765625,5028200,0.0,0.0,GE
2026-03-25 00:00:00-04:00,295.1000061035156,297.8699951171875,293.0899963378906,296.55999755859375,296.1907958984375,4456600,0.0,0.0,GE
2026-03-26 00:00:00-04:00,291.5799865722656,294.0199890136719,282.67999267578125,285.239990234375,284.8848876953125,5890800,0.0,0.0,GE
2026-03-27 00:00:00-04:00,282.989990234375,284.9700012207031,280.9700012207031,282.80999755859375,282.4579162597656,4161700,0.0,0.0,GE
2026-03-30 00:00:00-04:00,284.07000732421875,284.7099914550781,270.7900085449219,273.25,272.9098205566406,8598600,0.0,0.0,GE
2026-03-31 00:00:00-04:00,277.92999267578125,286.489990234375,275.79998779296875,283.7699890136719,283.4167175292969,7828800,0.0,0.0,GE
2026-04-01 00:00:00-04:00,290.2099914550781,295.5,289.989990234375,292.67999267578125,292.31561279296875,5242500,0.0,0.0,GE
2026-04-02 00:00:00-04:00,284.8900146484375,289.1099853515625,279.30999755859375,281.1600036621094,280.8099670410156,5322900,0.0,0.0,GE
2026-04-06 00:00:00-04:00,280.54998779296875,288.7900085449219,278.57000732421875,288.69000244140625,288.3305969238281,5062800,0.0,0.0,GE
2026-04-07 00:00:00-04:00,285.5,290.1000061035156,283.1199951171875,288.6000061035156,288.24072265625,5280500,0.0,0.0,GE
2026-04-08 00:00:00-04:00,309.9200134277344,313.1300048828125,305.29998779296875,308.05999755859375,307.6764831542969,6432900,0.0,0.0,GE
2026-04-09 00:00:00-04:00,306.0,315.04998779296875,304.1499938964844,313.0199890136719,312.6302795410156,5470800,0.0,0.0,GE
2026-04-10 00:00:00-04:00,313.0799865722656,313.4700012207031,306.4200134277344,308.3500061035156,307.96612548828125,3685100,0.0,0.0,GE
2026-04-13 00:00:00-04:00,306.42999267578125,312.1499938964844,304.32000732421875,311.8999938964844,311.5116882324219,3811500,0.0,0.0,GE
2026-04-14 00:00:00-04:00,315.010009765625,319.1400146484375,313.0199890136719,318.0,317.6040954589844,3530100,0.0,0.0,GE
2026-04-15 00:00:00-04:00,316.44000244140625,318.5799865722656,311.3999938964844,313.92999267578125,313.5391540527344,3993700,0.0,0.0,GE
2026-04-16 00:00:00-04:00,313.57000732421875,313.95001220703125,297.8599853515625,298.2900085449219,297.91864013671875,7373300,0.0,0.0,GE
2026-04-17 00:00:00-04:00,310.1300048828125,314.0,303.8500061035156,304.1300048828125,303.7513732910156,7733100,0.0,0.0,GE
2026-04-20 00:00:00-04:00,303.8800048828125,305.4700012207031,298.4100036621094,303.6000061035156,303.2220458984375,5315200,0.0,0.0,GE
2026-04-21 00:00:00-04:00,293.5799865722656,304.29998779296875,284.2099914550781,286.7300109863281,286.373046875,12891500,0.0,0.0,GE
2026-04-22 00:00:00-04:00,286.6499938964844,287.79998779296875,268.9100036621094,276.2900085449219,275.946044921875,12777700,0.0,0.0,GE
2026-04-23 00:00:00-04:00,276.489990234375,282.94000244140625,273.3599853515625,282.3399963378906,281.9884948730469,8591100,0.0,0.0,GE
2026-04-24 00:00:00-04:00,280.6099853515625,286.1300048828125,277.17999267578125,284.6000061035156,284.2456970214844,9672300,0.0,0.0,GE
2026-04-27 00:00:00-04:00,282.80999755859375,284.8699951171875,280.1000061035156,284.55999755859375,284.2057189941406,5213300,0.0,0.0,GE
2026-04-28 00:00:00-04:00,283.3699951171875,289.4100036621094,280.54998779296875,289.20001220703125,288.8399658203125,8417200,0.0,0.0,GE
2026-04-29 00:00:00-04:00,287.2099914550781,289.94000244140625,279.5899963378906,283.57000732421875,283.21697998046875,9819400,0.0,0.0,GE
2026-04-30 00:00:00-04:00,285.010009765625,291.57000732421875,284.8299865722656,289.92999267578125,289.56903076171875,7603400,0.0,0.0,GE
2026-05-01 00:00:00-04:00,289.04998779296875,291.760009765625,286.239990234375,286.510009765625,286.1533203125,3782900,0.0,0.0,GE
2026-05-04 00:00:00-04:00,286.3999938964844,289.8399963378906,279.4100036621094,280.5199890136719,280.1707458496094,6133100,0.0,0.0,GE
2026-05-05 00:00:00-04:00,282.4800109863281,290.6600036621094,281.6099853515625,286.67999267578125,286.3230895996094,6401100,0.0,0.0,GE
2026-05-06 00:00:00-04:00,300.42999267578125,308.3699951171875,299.8599853515625,305.8299865722656,305.4492492675781,9168300,0.0,0.0,GE
2026-05-07 00:00:00-04:00,308.010009765625,310.0,301.8599853515625,302.6300048828125,302.25323486328125,5477800,0.0,0.0,GE
2026-05-08 00:00:00-04:00,304.45001220703125,305.4100036621094,296.8299865722656,297.1499938964844,296.7800598144531,3952200,0.0,0.0,GE
2026-05-11 00:00:00-04:00,296.0299987792969,303.07000732421875,292.8500061035156,300.7699890136719,300.3955383300781,4562000,0.0,0.0,GE
2026-05-12 00:00:00-04:00,299.7200012207031,300.9100036621094,293.29998779296875,297.45001220703125,297.0797119140625,4393300,0.0,0.0,GE
2026-05-13 00:00:00-04:00,295.9700012207031,298.3999938964844,291.30999755859375,294.7099914550781,294.34307861328125,4219900,0.0,0.0,GE
2026-05-14 00:00:00-04:00,295.0299987792969,297.8500061035156,289.0799865722656,291.5400085449219,291.17706298828125,4686200,0.0,0.0,GE
2026-05-15 00:00:00-04:00,287.489990234375,288.30999755859375,281.30999755859375,281.5299987792969,281.17950439453125,5022500,0.0,0.0,GE
2026-05-18 00:00:00-04:00,283.3900146484375,287.239990234375,282.0400085449219,285.989990234375,285.6339416503906,4696200,0.0,0.0,GE
2026-05-19 00:00:00-04:00,284.7900085449219,287.4200134277344,282.6199951171875,285.2799987792969,284.9248352050781,5239400,0.0,0.0,GE
2026-05-20 00:00:00-04:00,289.0,300.45001220703125,286.17999267578125,300.1700134277344,299.79632568359375,6098400,0.0,0.0,GE
2026-05-21 00:00:00-04:00,298.5,302.8800048828125,294.75,301.760009765625,301.38433837890625,4928300,0.0,0.0,GE
2026-05-22 00:00:00-04:00,303.25,306.29998779296875,300.25,302.8399963378906,302.4629821777344,3502100,0.0,0.0,GE
2026-05-26 00:00:00-04:00,306.3500061035156,314.9800109863281,306.3500061035156,314.489990234375,314.09844970703125,5084200,0.0,0.0,GE
2026-05-27 00:00:00-04:00,314.29998779296875,320.4800109863281,311.95001220703125,317.2099914550781,316.8150634765625,4788100,0.0,0.0,GE
2026-05-28 00:00:00-04:00,316.7699890136719,322.32000732421875,314.2900085449219,320.82000732421875,320.42059326171875,5022600,0.0,0.0,GE
2026-05-29 00:00:00-04:00,319.3299865722656,325.9200134277344,316.5799865722656,323.760009765625,323.35693359375,9345400,0.0,0.0,GE
2026-06-01 00:00:00-04:00,321.4800109863281,326.3999938964844,314.9200134277344,324.6000061035156,324.1958923339844,4633500,0.0,0.0,GE
2026-06-02 00:00:00-04:00,323.0,325.0299987792969,316.6600036621094,317.7200012207031,317.324462890625,4827600,0.0,0.0,GE
2026-06-03 00:00:00-04:00,313.44000244140625,319.54998779296875,311.0,314.6400146484375,314.248291015625,4127000,0.0,0.0,GE
2026-06-04 00:00:00-04:00,316.6700134277344,329.4599914550781,316.25,327.6499938964844,327.2420959472656,4243400,0.0,0.0,GE
2026-06-05 00:00:00-04:00,326.8999938964844,332.489990234375,322.5299987792969,328.0,327.5916442871094,3951500,0.0,0.0,GE
2026-06-08 00:00:00-04:00,329.57000732421875,332.0199890136719,321.0400085449219,322.0400085449219,321.6390686035156,3152100,0.0,0.0,GE
2026-06-09 00:00:00-04:00,324.6499938964844,331.30999755859375,320.0199890136719,330.44000244140625,330.02862548828125,4825300,0.0,0.0,GE
2026-06-10 00:00:00-04:00,329.489990234375,330.57000732421875,318.25,318.7099914550781,318.3132019042969,3777800,0.0,0.0,GE
2026-06-11 00:00:00-04:00,320.55999755859375,332.9200134277344,319.760009765625,332.760009765625,332.3457336425781,4451200,0.0,0.0,GE
2026-06-12 00:00:00-04:00,334.55999755859375,336.8599853515625,328.4700012207031,335.29998779296875,334.8825378417969,4377500,0.0,0.0,GE
2026-06-15 00:00:00-04:00,343.45001220703125,348.8999938964844,341.9599914550781,342.260009765625,341.83392333984375,5252700,0.0,0.0,GE
2026-06-16 00:00:00-04:00,344.0400085449219,352.8800048828125,344.0400085449219,351.7300109863281,351.2921142578125,5210300,0.0,0.0,GE
2026-06-17 00:00:00-04:00,352.1099853515625,362.3299865722656,350.0,357.0299987792969,356.58551025390625,5029400,0.0,0.0,GE
2026-06-18 00:00:00-04:00,362.8500061035156,364.70001220703125,357.1000061035156,357.6400146484375,357.19476318359375,7763400,0.0,0.0,GE
2026-06-22 00:00:00-04:00,357.6400146484375,361.2799987792969,354.5400085449219,355.1199951171875,354.6778869628906,5426700,0.0,0.0,GE
2026-06-23 00:00:00-04:00,349.2799987792969,359.9200134277344,347.7699890136719,356.4700012207031,356.0262145996094,4735200,0.0,0.0,GE
2026-06-24 00:00:00-04:00,356.8399963378906,369.25,355.6600036621094,365.8800048828125,365.42449951171875,6453700,0.0,0.0,GE
2026-06-25 00:00:00-04:00,367.6499938964844,379.6700134277344,366.510009765625,371.3599853515625,370.89764404296875,7591800,0.0,0.0,GE
2026-06-26 00:00:00-04:00,368.3999938964844,371.44000244140625,363.82000732421875,369.0,368.5406188964844,8360900,0.0,0.0,GE
2026-06-29 00:00:00-04:00,367.82000732421875,376.0,367.4700012207031,373.7099914550781,373.2447509765625,6071500,0.0,0.0,GE
2026-06-30 00:00:00-04:00,374.6099853515625,376.82000732421875,368.739990234375,373.7300109863281,373.2647399902344,4887500,0.0,0.0,GE
2026-07-01 00:00:00-04:00,375.0299987792969,376.69000244140625,371.3800048828125,374.94000244140625,374.47320556640625,3951400,0.0,0.0,GE
2026-07-02 00:00:00-04:00,379.7900085449219,382.9700012207031,374.3699951171875,377.5199890136719,377.04998779296875,3274700,0.0,0.0,GE
2026-07-06 00:00:00-04:00,377.1700134277344,380.2900085449219,373.8399963378906,378.67999267578125,378.67999267578125,4065400,0.47,0.0,GE
2026-07-07 00:00:00-04:00,377.3999938964844,377.8999938964844,363.6300048828125,366.9800109863281,366.9800109863281,4263100,0.0,0.0,GE
2026-07-08 00:00:00-04:00,360.1199951171875,363.010009765625,354.25,356.0299987792969,356.0299987792969,4214900,0.0,0.0,GE
2026-07-09 00:00:00-04:00,361.5899963378906,362.260009765625,357.8699951171875,359.0400085449219,359.0400085449219,3045200,0.0,0.0,GE
2026-07-10 00:00:00-04:00,356.80999755859375,360.69000244140625,353.75,359.2699890136719,359.2699890136719,2335100,0.0,0.0,GE
2026-07-13 00:00:00-04:00,356.1700134277344,358.70001220703125,352.0299987792969,353.4200134277344,353.4200134277344,2668900,0.0,0.0,GE
2026-07-14 00:00:00-04:00,355.010009765625,359.20001220703125,352.57000732421875,353.7300109863281,353.7300109863281,4416200,0.0,0.0,GE
2026-07-15 00:00:00-04:00,355.6000061035156,360.6300048828125,353.3500061035156,360.3500061035156,360.3500061035156,5429300,0.0,0.0,GE
2026-07-16 00:00:00-04:00,353.2200012207031,354.2699890136719,336.5299987792969,345.7300109863281,345.7300109863281,6883600,0.0,0.0,GE
2026-07-17 00:00:00-04:00,346.989990234375,357.05999755859375,343.0199890136719,348.8299865722656,348.8299865722656,5596300,0.0,0.0,GE
2026-07-20 00:00:00-04:00,353.79998779296875,357.1000061035156,339.8900146484375,341.29998779296875,341.29998779296875,3887100,0.0,0.0,GE
2026-07-21 00:00:00-04:00,345.0,346.25,340.010009765625,340.70001220703125,340.70001220703125,3938600,0.0,0.0,GE
2026-07-22 00:00:00-04:00,340.7099914550781,345.20001220703125,340.3699951171875,341.19000244140625,341.19000244140625,4200100,0.0,0.0,GE
2026-07-23 00:00:00-04:00,340.0,349.7200012207031,338.6000061035156,349.0,349.0,3823600,0.0,0.0,GE
2026-07-24 00:00:00-04:00,350.239990234375,359.989990234375,350.20001220703125,353.7300109863281,353.7300109863281,2958900,0.0,0.0,GE
2026-07-27 00:00:00-04:00,359.8599853515625,365.5,356.05999755859375,361.6099853515625,361.6099853515625,3839200,0.0,0.0,GE
2026-07-28 00:00:00-04:00,364.5799865722656,366.7699890136719,358.19000244140625,363.5899963378906,363.5899963378906,3625900,0.0,0.0,GE
2026-07-29 00:00:00-04:00,362.70001220703125,362.70001220703125,348.8399963378906,350.6300048828125,350.6300048828125,3723000,0.0,0.0,GE
2026-07-30 00:00:00-04:00,354.75,356.6199951171875,347.6600036621094,355.0400085449219,355.0400085449219,3187100,0.0,0.0,GE
2026-07-31 00:00:00-04:00,356.239990234375,362.4200134277344,353.7799987792969,360.07000732421875,360.07000732421875,3151300,0.0,0.0,GE
2026-08-03 00:00:00-04:00,363.7900085449219,369.95001220703125,360.9700012207031,368.92999267578125,368.92999267578125,3371900,0.0,0.0,GE
2026-08-04 00:00:00-04:00,374.5199890136719,378.8500061035156,368.6000061035156,377.2799987792969,377.2799987792969,4183100,0.0,0.0,GE
2026-08-05 00:00:00-04:00,379.3399963378906,384.510009765625,378.739990234375,381.2200012207031,381.2200012207031,3160800,0.0,0.0,GE
2026-08-06 00:00:00-04:00,383.9700012207031,388.8399963378906,372.7900085449219,374.54998779296875,374.54998779296875,3552900,0.0,0.0,GE
2026-08-07 00:00:00-04:00,376.3900146484375,377.80999755859375,368.44000244140625,370.0799865722656,370.0799865722656,2527700,0.0,0.0,GE
2026-08-10 00:00:00-04:00,371.5199890136719,372.260009765625,364.8399963378906,366.70001220703125,366.70001220703125,3092000,0.0,0.0,GE
2026-08-11 00:00:00-04:00,367.739990234375,372.55999755859375,366.4700012207031,368.05999755859375,368.05999755859375,2286100,0.0,0.0,GE
2026-08-12 00:00:00-04:00,369.7900085449219,370.20001220703125,363.239990234375,365.3299865722656,365.3299865722656,2180800,0.0,0.0,GE
2026-08-13 00:00:00-04:00,367.0,367.0799865722656,359.54998779296875,360.6400146484375,360.6400146484375,2738400,0.0,0.0,GE
2026-08-14 00:00:00-04:00,362.5,368.69000244140625,361.510009765625,368.3800048828125,368.3800048828125,2966200,0.0,0.0,GE
2026-08-17 00:00:00-04:00,367.8699951171875,372.3599853515625,366.760009765625,369.42999267578125,369.42999267578125,5515000,0.0,0.0,GE
2026-08-18 00:00:00-04:00,366.8900146484375,375.5799865722656,365.0,375.0899963378906,375.0899963378906,4927900,0.0,0.0,GE
2026-08-19 00:00:00-04:00,373.5199890136719,374.55999755859375,355.9800109863281,356.2300109863281,356.2300109863281,4923400,0.0,0.0,GE
2026-08-20 00:00:00-04:00,353.0899963378906,354.5,343.55999755859375,344.6400146484375,344.6400146484375,6056100,0.0,0.0,GE
2026-08-21 00:00:00-04:00,347.5400085449219,351.8599853515625,346.4100036621094,348.3699951171875,348.3699951171875,3546100,0.0,0.0,GE
